[
  {
    "ac": "GLOBAL",
    "forAllGroups": true,
    "_t": "BACKUP",
    "cre": {"$date": "2022-06-02T06:57:53.658Z"},
    "upd": {"$date": "2022-09-21T07:12:14.851Z"},
    "groups": [],
    "_id": {"$oid": "62985f7104cfe727bedf4bb3"},
    "enabled": true,
    "notify": [{
      "delay": 0,
      "_t": "ADMIN",
      "interval": 60
    }],
    "et": "RS_BIND_ERROR",
    "tags": []
  },
  {
    "ac": "GLOBAL",
    "forAllGroups": true,
    "_t": "BACKUP",
    "cre": {"$date": "2022-06-02T06:57:53.663Z"},
    "upd": {"$date": "2022-09-21T07:12:14.851Z"},
    "groups": [],
    "_id": {"$oid": "62985f7104cfe727bedf4bb4"},
    "enabled": true,
    "notify": [{
      "delay": 0,
      "_t": "ADMIN",
      "interval": 60
    }],
    "et": "BACKUP_TOO_MANY_RETRIES",
    "tags": []
  },
  {
    "ac": "GLOBAL",
    "forAllGroups": true,
    "_t": "BACKUP",
    "cre": {"$date": "2022-06-02T06:57:53.666Z"},
    "upd": {"$date": "2022-09-21T07:12:14.851Z"},
    "groups": [],
    "_id": {"$oid": "62985f7104cfe727bedf4bb5"},
    "enabled": true,
    "notify": [{
      "delay": 0,
      "_t": "ADMIN",
      "interval": 60
    }],
    "et": "BACKUP_TOO_MANY_HEAD_START_ATTEMPTS",
    "tags": []
  },
  {
    "ac": "GLOBAL",
    "forAllGroups": true,
    "_t": "BACKUP",
    "cre": {"$date": "2022-06-02T06:57:53.668Z"},
    "upd": {"$date": "2022-09-21T07:12:14.851Z"},
    "groups": [],
    "_id": {"$oid": "62985f7104cfe727bedf4bb6"},
    "enabled": true,
    "notify": [{
      "delay": 0,
      "_t": "ADMIN",
      "interval": 60
    }],
    "et": "BACKUP_IN_UNEXPECTED_STATE",
    "tags": []
  },
  {
    "ac": "GLOBAL",
    "forAllGroups": true,
    "_t": "BACKUP",
    "cre": {"$date": "2022-06-02T06:57:53.67Z"},
    "upd": {"$date": "2022-09-21T07:12:14.851Z"},
    "groups": [],
    "_id": {"$oid": "62985f7104cfe727bedf4bb7"},
    "enabled": true,
    "notify": [{
      "delay": 0,
      "_t": "ADMIN",
      "interval": 60
    }],
    "et": "LATE_SNAPSHOT",
    "tags": []
  },
  {
    "ac": "GLOBAL",
    "forAllGroups": true,
    "_t": "BACKUP",
    "cre": {"$date": "2022-06-02T06:57:53.672Z"},
    "upd": {"$date": "2022-09-21T07:12:14.851Z"},
    "groups": [],
    "_id": {"$oid": "62985f7104cfe727bedf4bb8"},
    "enabled": true,
    "notify": [{
      "delay": 0,
      "_t": "ADMIN",
      "interval": 60
    }],
    "et": "RESYNC_REQUIRED",
    "tags": []
  },
  {
    "ac": "GLOBAL",
    "forAllGroups": true,
    "_t": "BACKUP",
    "cre": {"$date": "2022-06-02T06:57:53.675Z"},
    "upd": {"$date": "2022-09-21T07:12:14.851Z"},
    "groups": [],
    "_id": {"$oid": "62985f7104cfe727bedf4bb9"},
    "enabled": true,
    "notify": [{
      "delay": 0,
      "_t": "ADMIN",
      "interval": 1440
    }],
    "et": "INCONSISTENT_BACKUP_CONFIGURATION",
    "tags": []
  },
  {
    "ac": "GLOBAL",
    "forAllGroups": true,
    "_t": "BACKUP",
    "cre": {"$date": "2022-06-02T06:57:53.678Z"},
    "upd": {"$date": "2022-09-21T07:12:14.851Z"},
    "groups": [],
    "_id": {"$oid": "62985f7104cfe727bedf4bba"},
    "enabled": true,
    "notify": [{
      "delay": 0,
      "_t": "ADMIN",
      "interval": 60
    }],
    "et": "NO_DAEMON_AVAILABLE_FOR_QUERYABLE_RESTORE_JOB",
    "tags": []
  },
  {
    "ac": "GLOBAL",
    "forAllGroups": true,
    "_t": "AGENT",
    "cre": {"$date": "2022-06-02T06:57:53.68Z"},
    "upd": {"$date": "2022-09-21T07:12:14.851Z"},
    "groups": [],
    "_id": {"$oid": "62985f7104cfe727bedf4bbb"},
    "enabled": true,
    "notify": [{
      "delay": 0,
      "_t": "ADMIN",
      "interval": 60
    }],
    "et": "BACKUP_AGENT_CONF_CALL_FAILURE",
    "tags": []
  },
  {
    "ac": "GLOBAL",
    "forAllGroups": true,
    "_t": "AGENT",
    "cre": {"$date": "2022-06-02T06:57:53.682Z"},
    "upd": {"$date": "2022-09-21T07:12:14.851Z"},
    "groups": [],
    "_id": {"$oid": "62985f7104cfe727bedf4bbc"},
    "enabled": true,
    "notify": [{
      "delay": 0,
      "_t": "ADMIN",
      "interval": 60
    }],
    "et": "BACKUP_AGENT_DOWN",
    "tags": []
  },
  {
    "maxFailures": 5,
    "ac": "GLOBAL",
    "forAllGroups": true,
    "_t": "BACKUP_CLUSTERSHOT",
    "cre": {"$date": "2022-06-02T06:57:53.685Z"},
    "upd": {"$date": "2022-09-21T07:12:14.851Z"},
    "groups": [],
    "_id": {"$oid": "62985f7104cfe727bedf4bbd"},
    "enabled": true,
    "notify": [{
      "delay": 0,
      "_t": "ADMIN",
      "interval": 60
    }],
    "et": "BAD_CLUSTERSHOTS",
    "tags": []
  },
  {
    "ac": "GLOBAL",
    "maxDelayMinutes": 60,
    "forAllGroups": true,
    "_t": "BACKUP_SYNC_SLICE",
    "cre": {"$date": "2022-06-02T06:57:53.692Z"},
    "upd": {"$date": "2022-09-21T07:12:14.851Z"},
    "groups": [],
    "_id": {"$oid": "62985f7104cfe727bedf4bc0"},
    "enabled": true,
    "notify": [{
      "delay": 0,
      "_t": "ADMIN",
      "interval": 60
    }],
    "et": "SYNC_SLICE_HAS_NOT_PROGRESSED",
    "tags": []
  },
  {
    "ac": "GLOBAL",
    "forAllGroups": true,
    "_t": "BLOCKSTORE_JOB",
    "cre": {"$date": "2022-06-02T06:57:53.71Z"},
    "upd": {"$date": "2022-09-21T07:12:14.851Z"},
    "groups": [],
    "_id": {"$oid": "62985f7104cfe727bedf4bc8"},
    "enabled": true,
    "notify": [{
      "delay": 0,
      "_t": "ADMIN",
      "interval": 60
    }],
    "et": "BLOCKSTORE_JOB_TOO_MANY_RETRIES",
    "tags": []
  }
]