[
  {
    "dur": true,
    "userWriteBlockMode": 1,
    "cluster": {
      "id": {"$oid": "631b23c40168c760303cd6df"},
      "type": 1
    },
    "css": 1,
    "hid": false,
    "nsdbc": 3,
    "isDbStatsCacheStale": true,
    "hp": "MYUTVLXROSID01.nonprod-osi.ambg.com.my:27017",
    "lu": 702460,
    "ht": [7],
    "lastIndexSize": 48840704,
    "sslEnabled": false,
    "lastDataSize": 4900491557,
    "un": "root",
    "lastRestartEvent": {"$date": "2022-09-13T04:03:39.179Z"},
    "ipAddress": "10.122.192.141",
    "rsid": "AmbankNonprodreplica",
    "cmdLineOpts": {
      "parsed": {
        "replication": {"replSetName": "AmbankNonprodreplica"},
        "security": {
          "authorization": "enabled",
          "clusterAuthMode": "keyFile",
          "keyFile": "/var/lib/mongodb-mms-automation/keyfile"
        },
        "processManagement": {
          "fork": true,
          "timeZoneInfo": "/usr/share/zoneinfo"
        },
        "setParameter": {"authenticationMechanisms": "SCRAM-SHA-1,SCRAM-SHA-256"},
        "systemLog": {
          "path": "/var/log/mongodb/mongod.log",
          "logAppend": true,
          "destination": "file"
        },
        "storage": {
          "journal": {"enabled": true},
          "engine": "wiredTiger",
          "dbPath": "/var/lib/mongo"
        },
        "net": {
          "bindIp": "0.0.0.0",
          "port": 27017,
          "tls": {"mode": "disabled"}
        },
        "config": "/var/lib/mongo/automation-mongod.conf"
      },
      "ok": 1,
      "argv": [
        "/var/lib/mongodb-mms-automation/mongodb-linux-x86_64-6.0.0-ent/bin/mongod",
        "-f",
        "/var/lib/mongo/automation-mongod.conf"
      ]
    },
    "modules": ["enterprise"],
    "versions": [{
      "s": {"$date": "2022-09-09T11:30:12.612Z"},
      "v": "6.0.0",
      "m": ["enterprise"]
    }],
    "rh": 1,
    "rcid": "9fef3ff883647a0f564b2a26",
    "slt": {"$date": "2022-09-21T07:11:54.913Z"},
    "_id": "d148e5c5abf0be6acc52423c451efea2",
    "cid": {"$oid": "62a2b465f0a746388ff3fef9"},
    "rs": "PRIMARY",
    "hasStartupWarnings": false,
    "lastDataSizeWithoutLocal": 3865959230,
    "authMechanism": "MONGODB_CR",
    "si": "deprecated",
    "cre": {"$date": "2022-09-09T11:30:11.717Z"},
    "fcv": "6.0",
    "sen": "wiredTiger",
    "uptimes": [
      {
        "recorded": {"$date": "2022-09-21T07:08:09.294Z"},
        "uptime": 702289
      },
      {
        "recorded": {"$date": "2022-09-21T07:09:07.362Z"},
        "uptime": 702346
      },
      {
        "recorded": {"$date": "2022-09-21T07:10:04.155Z"},
        "uptime": 702403
      },
      {
        "recorded": {"$date": "2022-09-21T07:11:00.542Z"},
        "uptime": 702460
      },
      {
        "recorded": {"$date": "2022-09-21T07:11:56.34Z"},
        "uptime": 702517
      }
    ],
    "b": "64",
    "e": true,
    "hostInfo": {
      "system": {
        "currentTime": {"$date": "2022-09-13T04:03:35.046Z"},
        "numCores": 8,
        "hostname": "MYUTVLXROSID01.nonprod-osi.ambg.com.my",
        "numaEnabled": false,
        "memLimitMB": 64151,
        "cpuArch": "x86_64",
        "cpuAddrSize": 64,
        "memSizeMB": 64151
      },
      "os": {
        "name": "Red Hat Enterprise Linux release 8.5 (Ootpa)",
        "type": "Linux",
        "version": "Kernel 4.18.0-348.20.1.el8_5.x86_64"
      },
      "extra": {"extra": {
        "numPages": 16422709,
        "versionString": "Linux version 4.18.0-348.20.1.el8_5.x86_64 (mockbuild@x86-vm-07.build.eng.bos.redhat.com) (gcc version 8.5.0 20210514 (Red Hat 8.5.0-4) (GCC)) #1 SMP Tue Mar 8 12:56:54 EST 2022",
        "libcVersion": "2.28",
        "cpuFeatures": "fpu vme de pse tsc msr pae mce cx8 apic sep mtrr pge mca cmov pat pse36 clflush mmx fxsr sse sse2 ss syscall nx pdpe1gb rdtscp lm constant_tsc arch_perfmon nopl xtopology tsc_reliable nonstop_tsc cpuid pni pclmulqdq ssse3 fma cx16 pcid sse4_1 sse4_2 x2apic movbe popcnt tsc_deadline_timer aes xsave avx f16c rdrand hypervisor lahf_lm abm 3dnowprefetch cpuid_fault invpcid_single ssbd ibrs ibpb stibp ibrs_enhanced fsgsbase tsc_adjust bmi1 avx2 smep bmi2 invpcid avx512f avx512dq rdseed adx smap clflushopt clwb avx512cd avx512bw avx512vl xsaveopt xsavec xsaves arat pku ospke md_clear flush_l1d arch_capabilities",
        "kernelVersion": "4.18.0-348.20.1.el8_5.x86_64",
        "cpuFrequencyMHz": "2494.140",
        "pageSize": 4096,
        "maxOpenFiles": 64000,
        "physicalCores": 8,
        "mountInfo": [
          {
            "mountId": 22,
            "mountPoint": "/sys",
            "major": 0,
            "minor": 21,
            "root": "/",
            "options": "rw,nosuid,nodev,noexec,relatime",
            "source": "sysfs",
            "superOpt": "rw,seclabel",
            "fields": "shared:2",
            "type": "sysfs",
            "parentId": 97
          },
          {
            "mountId": 23,
            "mountPoint": "/proc",
            "major": 0,
            "minor": 5,
            "root": "/",
            "options": "rw,nosuid,nodev,noexec,relatime",
            "source": "proc",
            "superOpt": "rw",
            "fields": "shared:26",
            "type": "proc",
            "parentId": 97
          },
          {
            "mountId": 24,
            "mountPoint": "/dev",
            "major": 0,
            "minor": 6,
            "root": "/",
            "options": "rw,nosuid",
            "source": "devtmpfs",
            "superOpt": "rw,seclabel,size=32827332k,nr_inodes=8206833,mode=755",
            "fields": "shared:22",
            "type": "devtmpfs",
            "parentId": 97
          },
          {
            "mountId": 25,
            "mountPoint": "/sys/kernel/security",
            "major": 0,
            "minor": 7,
            "root": "/",
            "options": "rw,nosuid,nodev,noexec,relatime",
            "source": "securityfs",
            "superOpt": "rw",
            "fields": "shared:3",
            "type": "securityfs",
            "parentId": 22
          },
          {
            "mountId": 26,
            "mountPoint": "/dev/shm",
            "major": 0,
            "minor": 22,
            "root": "/",
            "options": "rw,nosuid,nodev",
            "source": "tmpfs",
            "superOpt": "rw,seclabel",
            "fields": "shared:23",
            "type": "tmpfs",
            "parentId": 24
          },
          {
            "mountId": 27,
            "mountPoint": "/dev/pts",
            "major": 0,
            "minor": 23,
            "root": "/",
            "options": "rw,nosuid,noexec,relatime",
            "source": "devpts",
            "superOpt": "rw,seclabel,gid=5,mode=620,ptmxmode=000",
            "fields": "shared:24",
            "type": "devpts",
            "parentId": 24
          },
          {
            "mountId": 28,
            "mountPoint": "/run",
            "major": 0,
            "minor": 24,
            "root": "/",
            "options": "rw,nosuid,nodev",
            "source": "tmpfs",
            "superOpt": "rw,seclabel,mode=755",
            "fields": "shared:25",
            "type": "tmpfs",
            "parentId": 97
          },
          {
            "mountId": 29,
            "mountPoint": "/sys/fs/cgroup",
            "major": 0,
            "minor": 25,
            "root": "/",
            "options": "ro,nosuid,nodev,noexec",
            "source": "tmpfs",
            "superOpt": "ro,seclabel,mode=755",
            "fields": "shared:4",
            "type": "tmpfs",
            "parentId": 22
          },
          {
            "mountId": 30,
            "mountPoint": "/sys/fs/cgroup/systemd",
            "major": 0,
            "minor": 26,
            "root": "/",
            "options": "rw,nosuid,nodev,noexec,relatime",
            "source": "cgroup",
            "superOpt": "rw,seclabel,xattr,release_agent=/usr/lib/systemd/systemd-cgroups-agent,name=systemd",
            "fields": "shared:5",
            "type": "cgroup",
            "parentId": 29
          },
          {
            "mountId": 31,
            "mountPoint": "/sys/fs/pstore",
            "major": 0,
            "minor": 27,
            "root": "/",
            "options": "rw,nosuid,nodev,noexec,relatime",
            "source": "pstore",
            "superOpt": "rw,seclabel",
            "fields": "shared:17",
            "type": "pstore",
            "parentId": 22
          },
          {
            "mountId": 32,
            "mountPoint": "/sys/fs/bpf",
            "major": 0,
            "minor": 28,
            "root": "/",
            "options": "rw,nosuid,nodev,noexec,relatime",
            "source": "bpf",
            "superOpt": "rw,mode=700",
            "fields": "shared:18",
            "type": "bpf",
            "parentId": 22
          },
          {
            "mountId": 33,
            "mountPoint": "/sys/fs/cgroup/perf_event",
            "major": 0,
            "minor": 29,
            "root": "/",
            "options": "rw,nosuid,nodev,noexec,relatime",
            "source": "cgroup",
            "superOpt": "rw,seclabel,perf_event",
            "fields": "shared:6",
            "type": "cgroup",
            "parentId": 29
          },
          {
            "mountId": 34,
            "mountPoint": "/sys/fs/cgroup/cpu,cpuacct",
            "major": 0,
            "minor": 30,
            "root": "/",
            "options": "rw,nosuid,nodev,noexec,relatime",
            "source": "cgroup",
            "superOpt": "rw,seclabel,cpu,cpuacct",
            "fields": "shared:7",
            "type": "cgroup",
            "parentId": 29
          },
          {
            "mountId": 35,
            "mountPoint": "/sys/fs/cgroup/hugetlb",
            "major": 0,
            "minor": 31,
            "root": "/",
            "options": "rw,nosuid,nodev,noexec,relatime",
            "source": "cgroup",
            "superOpt": "rw,seclabel,hugetlb",
            "fields": "shared:8",
            "type": "cgroup",
            "parentId": 29
          },
          {
            "mountId": 36,
            "mountPoint": "/sys/fs/cgroup/pids",
            "major": 0,
            "minor": 32,
            "root": "/",
            "options": "rw,nosuid,nodev,noexec,relatime",
            "source": "cgroup",
            "superOpt": "rw,seclabel,pids",
            "fields": "shared:9",
            "type": "cgroup",
            "parentId": 29
          },
          {
            "mountId": 37,
            "mountPoint": "/sys/fs/cgroup/memory",
            "major": 0,
            "minor": 33,
            "root": "/",
            "options": "rw,nosuid,nodev,noexec,relatime",
            "source": "cgroup",
            "superOpt": "rw,seclabel,memory",
            "fields": "shared:10",
            "type": "cgroup",
            "parentId": 29
          },
          {
            "mountId": 38,
            "mountPoint": "/sys/fs/cgroup/devices",
            "major": 0,
            "minor": 34,
            "root": "/",
            "options": "rw,nosuid,nodev,noexec,relatime",
            "source": "cgroup",
            "superOpt": "rw,seclabel,devices",
            "fields": "shared:11",
            "type": "cgroup",
            "parentId": 29
          },
          {
            "mountId": 39,
            "mountPoint": "/sys/fs/cgroup/freezer",
            "major": 0,
            "minor": 35,
            "root": "/",
            "options": "rw,nosuid,nodev,noexec,relatime",
            "source": "cgroup",
            "superOpt": "rw,seclabel,freezer",
            "fields": "shared:12",
            "type": "cgroup",
            "parentId": 29
          },
          {
            "mountId": 40,
            "mountPoint": "/sys/fs/cgroup/net_cls,net_prio",
            "major": 0,
            "minor": 36,
            "root": "/",
            "options": "rw,nosuid,nodev,noexec,relatime",
            "source": "cgroup",
            "superOpt": "rw,seclabel,net_cls,net_prio",
            "fields": "shared:13",
            "type": "cgroup",
            "parentId": 29
          },
          {
            "mountId": 41,
            "mountPoint": "/sys/fs/cgroup/blkio",
            "major": 0,
            "minor": 37,
            "root": "/",
            "options": "rw,nosuid,nodev,noexec,relatime",
            "source": "cgroup",
            "superOpt": "rw,seclabel,blkio",
            "fields": "shared:14",
            "type": "cgroup",
            "parentId": 29
          },
          {
            "mountId": 42,
            "mountPoint": "/sys/fs/cgroup/cpuset",
            "major": 0,
            "minor": 38,
            "root": "/",
            "options": "rw,nosuid,nodev,noexec,relatime",
            "source": "cgroup",
            "superOpt": "rw,seclabel,cpuset",
            "fields": "shared:15",
            "type": "cgroup",
            "parentId": 29
          },
          {
            "mountId": 43,
            "mountPoint": "/sys/fs/cgroup/rdma",
            "major": 0,
            "minor": 39,
            "root": "/",
            "options": "rw,nosuid,nodev,noexec,relatime",
            "source": "cgroup",
            "superOpt": "rw,seclabel,rdma",
            "fields": "shared:16",
            "type": "cgroup",
            "parentId": 29
          },
          {
            "mountId": 44,
            "mountPoint": "/sys/kernel/tracing",
            "major": 0,
            "minor": 12,
            "root": "/",
            "options": "rw,relatime",
            "source": "none",
            "superOpt": "rw,seclabel",
            "fields": "shared:19",
            "type": "tracefs",
            "parentId": 22
          },
          {
            "mountId": 93,
            "mountPoint": "/sys/kernel/config",
            "major": 0,
            "minor": 40,
            "root": "/",
            "options": "rw,relatime",
            "source": "configfs",
            "superOpt": "rw",
            "fields": "shared:20",
            "type": "configfs",
            "parentId": 22
          },
          {
            "mountId": 97,
            "mountPoint": "/",
            "major": 253,
            "minor": 0,
            "root": "/",
            "options": "rw,relatime",
            "source": "/dev/mapper/rhel-root",
            "superOpt": "rw,seclabel,attr2,inode64,logbufs=8,logbsize=32k,noquota",
            "fields": "shared:1",
            "type": "xfs",
            "parentId": 1
          },
          {
            "mountId": 45,
            "mountPoint": "/sys/fs/selinux",
            "major": 0,
            "minor": 20,
            "root": "/",
            "options": "rw,relatime",
            "source": "selinuxfs",
            "superOpt": "rw",
            "fields": "shared:21",
            "type": "selinuxfs",
            "parentId": 22
          },
          {
            "mountId": 46,
            "mountPoint": "/proc/sys/fs/binfmt_misc",
            "major": 0,
            "minor": 42,
            "root": "/",
            "options": "rw,relatime",
            "source": "systemd-1",
            "superOpt": "rw,fd=30,pgrp=1,timeout=0,minproto=5,maxproto=5,direct,pipe_ino=24005",
            "fields": "shared:27",
            "type": "autofs",
            "parentId": 23
          },
          {
            "mountId": 47,
            "mountPoint": "/sys/kernel/debug",
            "major": 0,
            "minor": 8,
            "root": "/",
            "options": "rw,relatime",
            "source": "debugfs",
            "superOpt": "rw,seclabel",
            "fields": "shared:28",
            "type": "debugfs",
            "parentId": 22
          },
          {
            "mountId": 48,
            "mountPoint": "/dev/hugepages",
            "major": 0,
            "minor": 43,
            "root": "/",
            "options": "rw,relatime",
            "source": "hugetlbfs",
            "superOpt": "rw,seclabel,pagesize=2M",
            "fields": "shared:29",
            "type": "hugetlbfs",
            "parentId": 24
          },
          {
            "mountId": 49,
            "mountPoint": "/dev/mqueue",
            "major": 0,
            "minor": 19,
            "root": "/",
            "options": "rw,relatime",
            "source": "mqueue",
            "superOpt": "rw,seclabel",
            "fields": "shared:30",
            "type": "mqueue",
            "parentId": 24
          },
          {
            "mountId": 50,
            "mountPoint": "/sys/fs/fuse/connections",
            "major": 0,
            "minor": 44,
            "root": "/",
            "options": "rw,relatime",
            "source": "fusectl",
            "superOpt": "rw",
            "fields": "shared:31",
            "type": "fusectl",
            "parentId": 22
          },
          {
            "mountId": 51,
            "mountPoint": "/proc/sys/fs/binfmt_misc",
            "major": 0,
            "minor": 45,
            "root": "/",
            "options": "rw,relatime",
            "source": "binfmt_misc",
            "superOpt": "rw",
            "fields": "shared:32",
            "type": "binfmt_misc",
            "parentId": 46
          },
          {
            "mountId": 121,
            "mountPoint": "/var",
            "major": 8,
            "minor": 3,
            "root": "/",
            "options": "rw,relatime",
            "source": "/dev/sda3",
            "superOpt": "rw,seclabel,attr2,inode64,logbufs=8,logbsize=32k,noquota",
            "fields": "shared:65",
            "type": "xfs",
            "parentId": 97
          },
          {
            "mountId": 124,
            "mountPoint": "/opt",
            "major": 253,
            "minor": 2,
            "root": "/",
            "options": "rw,relatime",
            "source": "/dev/mapper/rhel-opt",
            "superOpt": "rw,seclabel,attr2,inode64,logbufs=8,logbsize=32k,noquota",
            "fields": "shared:67",
            "type": "xfs",
            "parentId": 97
          },
          {
            "mountId": 127,
            "mountPoint": "/tmp",
            "major": 253,
            "minor": 4,
            "root": "/",
            "options": "rw,relatime",
            "source": "/dev/mapper/rhel-tmp",
            "superOpt": "rw,seclabel,attr2,inode64,logbufs=8,logbsize=32k,noquota",
            "fields": "shared:69",
            "type": "xfs",
            "parentId": 97
          },
          {
            "mountId": 130,
            "mountPoint": "/boot",
            "major": 8,
            "minor": 1,
            "root": "/",
            "options": "rw,relatime",
            "source": "/dev/sda1",
            "superOpt": "rw,seclabel,attr2,inode64,logbufs=8,logbsize=32k,noquota",
            "fields": "shared:71",
            "type": "xfs",
            "parentId": 97
          },
          {
            "mountId": 133,
            "mountPoint": "/var/log",
            "major": 8,
            "minor": 5,
            "root": "/",
            "options": "rw,relatime",
            "source": "/dev/sda5",
            "superOpt": "rw,seclabel,attr2,inode64,logbufs=8,logbsize=32k,noquota",
            "fields": "shared:73",
            "type": "xfs",
            "parentId": 121
          },
          {
            "mountId": 136,
            "mountPoint": "/home",
            "major": 8,
            "minor": 6,
            "root": "/",
            "options": "rw,relatime",
            "source": "/dev/sda6",
            "superOpt": "rw,seclabel,attr2,inode64,logbufs=8,logbsize=32k,noquota",
            "fields": "shared:75",
            "type": "xfs",
            "parentId": 97
          },
          {
            "mountId": 139,
            "mountPoint": "/var/lib/mongo",
            "major": 253,
            "minor": 5,
            "root": "/",
            "options": "rw,relatime",
            "source": "/dev/mapper/vg_mongodb-lv_mongodb",
            "superOpt": "rw,seclabel,attr2,inode64,logbufs=8,logbsize=32k,noquota",
            "fields": "shared:77",
            "type": "xfs",
            "parentId": 121
          },
          {
            "mountId": 142,
            "mountPoint": "/var/log/audit",
            "major": 8,
            "minor": 7,
            "root": "/",
            "options": "rw,relatime",
            "source": "/dev/sda7",
            "superOpt": "rw,seclabel,attr2,inode64,logbufs=8,logbsize=32k,noquota",
            "fields": "shared:79",
            "type": "xfs",
            "parentId": 133
          },
          {
            "mountId": 145,
            "mountPoint": "/var/tmp",
            "major": 8,
            "minor": 2,
            "root": "/",
            "options": "rw,relatime",
            "source": "/dev/sda2",
            "superOpt": "rw,seclabel,attr2,inode64,logbufs=8,logbsize=32k,noquota",
            "fields": "shared:81",
            "type": "xfs",
            "parentId": 121
          },
          {
            "mountId": 148,
            "mountPoint": "/usr/openv",
            "major": 253,
            "minor": 3,
            "root": "/",
            "options": "rw,relatime",
            "source": "/dev/mapper/rhel-usr_openv",
            "superOpt": "rw,seclabel,attr2,inode64,logbufs=8,logbsize=32k,noquota",
            "fields": "shared:83",
            "type": "xfs",
            "parentId": 97
          }
        ]
      }},
      "ok": 1
    },
    "sz": "US",
    "l": {"$date": "2022-09-21T07:11:56.34Z"},
    "lowUlimit": false,
    "n": "MYUTVLXROSID01.nonprod-osi.ambg.com.my",
    "gv": "e61bf27c2f6a83fed36e5a13c008a32d563babe2",
    "authSchemaVersion": 5,
    "p": 27017,
    "pa": "<redacted>",
    "u": 702517,
    "v": "6.0.0",
    "selfId": {"$oid": "632001068b4d533e48d4f84f"},
    "lastIndexSizeWithoutLocal": 48271360,
    "getLogsEnabled": true,
    "rbid": 134
  },
  {
    "dur": true,
    "userWriteBlockMode": 1,
    "cluster": {
      "id": {"$oid": "631b23c40168c760303cd6df"},
      "type": 1
    },
    "css": -4,
    "hid": false,
    "nsdbc": 3,
    "isDbStatsCacheStale": true,
    "hp": "MYUTVLXROSID02.nonprod-osi.ambg.com.my:27017",
    "lu": 702459,
    "ht": [8],
    "lastIndexSize": 46358528,
    "sslEnabled": false,
    "lastDataSize": 4356532861,
    "un": "root",
    "lastRestartEvent": {"$date": "2022-09-13T04:03:39.159Z"},
    "ipAddress": "10.122.192.142",
    "rsid": "AmbankNonprodreplica",
    "cmdLineOpts": {
      "parsed": {
        "replication": {"replSetName": "AmbankNonprodreplica"},
        "security": {
          "authorization": "enabled",
          "clusterAuthMode": "keyFile",
          "keyFile": "/var/lib/mongodb-mms-automation/keyfile"
        },
        "processManagement": {
          "fork": true,
          "timeZoneInfo": "/usr/share/zoneinfo"
        },
        "setParameter": {"authenticationMechanisms": "SCRAM-SHA-1,SCRAM-SHA-256"},
        "systemLog": {
          "path": "/var/log/mongodb/mongod.log",
          "logAppend": true,
          "destination": "file"
        },
        "storage": {
          "journal": {"enabled": true},
          "engine": "wiredTiger",
          "dbPath": "/var/lib/mongo"
        },
        "net": {
          "bindIp": "0.0.0.0",
          "port": 27017,
          "tls": {"mode": "disabled"}
        },
        "config": "/var/lib/mongo/automation-mongod.conf"
      },
      "ok": 1,
      "argv": [
        "/var/lib/mongodb-mms-automation/mongodb-linux-x86_64-6.0.0-ent/bin/mongod",
        "-f",
        "/var/lib/mongo/automation-mongod.conf"
      ]
    },
    "modules": ["enterprise"],
    "versions": [{
      "s": {"$date": "2022-09-09T11:33:02.646Z"},
      "v": "6.0.0",
      "m": ["enterprise"]
    }],
    "rh": 1,
    "rcid": "9fef3ff883647a0f564b2a26",
    "slt": {"$date": "2022-09-21T07:12:00.631Z"},
    "_id": "bc7041944604336c5a97a69c1dac0f21",
    "cid": {"$oid": "62a2b465f0a746388ff3fef9"},
    "rs": "SECONDARY",
    "hasStartupWarnings": false,
    "lastDataSizeWithoutLocal": 3866171126,
    "authMechanism": "MONGODB_CR",
    "si": "deprecated",
    "cre": {"$date": "2022-09-09T11:32:58.372Z"},
    "fcv": "6.0",
    "sen": "wiredTiger",
    "uptimes": [
      {
        "recorded": {"$date": "2022-09-21T07:08:09.294Z"},
        "uptime": 702287
      },
      {
        "recorded": {"$date": "2022-09-21T07:09:07.362Z"},
        "uptime": 702345
      },
      {
        "recorded": {"$date": "2022-09-21T07:10:04.155Z"},
        "uptime": 702402
      },
      {
        "recorded": {"$date": "2022-09-21T07:11:00.542Z"},
        "uptime": 702459
      },
      {
        "recorded": {"$date": "2022-09-21T07:11:56.34Z"},
        "uptime": 702516
      }
    ],
    "b": "64",
    "e": true,
    "hostInfo": {
      "system": {
        "currentTime": {"$date": "2022-09-13T04:03:34.679Z"},
        "numCores": 8,
        "hostname": "MYUTVLXROSID02.nonprod-osi.ambg.com.my",
        "numaEnabled": false,
        "memLimitMB": 64151,
        "cpuArch": "x86_64",
        "cpuAddrSize": 64,
        "memSizeMB": 64151
      },
      "os": {
        "name": "Red Hat Enterprise Linux release 8.5 (Ootpa)",
        "type": "Linux",
        "version": "Kernel 4.18.0-348.20.1.el8_5.x86_64"
      },
      "extra": {"extra": {
        "numPages": 16422709,
        "versionString": "Linux version 4.18.0-348.20.1.el8_5.x86_64 (mockbuild@x86-vm-07.build.eng.bos.redhat.com) (gcc version 8.5.0 20210514 (Red Hat 8.5.0-4) (GCC)) #1 SMP Tue Mar 8 12:56:54 EST 2022",
        "libcVersion": "2.28",
        "cpuFeatures": "fpu vme de pse tsc msr pae mce cx8 apic sep mtrr pge mca cmov pat pse36 clflush mmx fxsr sse sse2 ss syscall nx pdpe1gb rdtscp lm constant_tsc arch_perfmon nopl xtopology tsc_reliable nonstop_tsc cpuid pni pclmulqdq ssse3 fma cx16 pcid sse4_1 sse4_2 x2apic movbe popcnt tsc_deadline_timer aes xsave avx f16c rdrand hypervisor lahf_lm abm 3dnowprefetch cpuid_fault invpcid_single ssbd ibrs ibpb stibp ibrs_enhanced fsgsbase tsc_adjust bmi1 avx2 smep bmi2 invpcid avx512f avx512dq rdseed adx smap clflushopt clwb avx512cd avx512bw avx512vl xsaveopt xsavec xsaves arat pku ospke md_clear flush_l1d arch_capabilities",
        "kernelVersion": "4.18.0-348.20.1.el8_5.x86_64",
        "cpuFrequencyMHz": "2494.140",
        "pageSize": 4096,
        "maxOpenFiles": 64000,
        "physicalCores": 8,
        "mountInfo": [
          {
            "mountId": 22,
            "mountPoint": "/sys",
            "major": 0,
            "minor": 21,
            "root": "/",
            "options": "rw,nosuid,nodev,noexec,relatime",
            "source": "sysfs",
            "superOpt": "rw,seclabel",
            "fields": "shared:2",
            "type": "sysfs",
            "parentId": 97
          },
          {
            "mountId": 23,
            "mountPoint": "/proc",
            "major": 0,
            "minor": 5,
            "root": "/",
            "options": "rw,nosuid,nodev,noexec,relatime",
            "source": "proc",
            "superOpt": "rw",
            "fields": "shared:26",
            "type": "proc",
            "parentId": 97
          },
          {
            "mountId": 24,
            "mountPoint": "/dev",
            "major": 0,
            "minor": 6,
            "root": "/",
            "options": "rw,nosuid",
            "source": "devtmpfs",
            "superOpt": "rw,seclabel,size=32827332k,nr_inodes=8206833,mode=755",
            "fields": "shared:22",
            "type": "devtmpfs",
            "parentId": 97
          },
          {
            "mountId": 25,
            "mountPoint": "/sys/kernel/security",
            "major": 0,
            "minor": 7,
            "root": "/",
            "options": "rw,nosuid,nodev,noexec,relatime",
            "source": "securityfs",
            "superOpt": "rw",
            "fields": "shared:3",
            "type": "securityfs",
            "parentId": 22
          },
          {
            "mountId": 26,
            "mountPoint": "/dev/shm",
            "major": 0,
            "minor": 22,
            "root": "/",
            "options": "rw,nosuid,nodev",
            "source": "tmpfs",
            "superOpt": "rw,seclabel",
            "fields": "shared:23",
            "type": "tmpfs",
            "parentId": 24
          },
          {
            "mountId": 27,
            "mountPoint": "/dev/pts",
            "major": 0,
            "minor": 23,
            "root": "/",
            "options": "rw,nosuid,noexec,relatime",
            "source": "devpts",
            "superOpt": "rw,seclabel,gid=5,mode=620,ptmxmode=000",
            "fields": "shared:24",
            "type": "devpts",
            "parentId": 24
          },
          {
            "mountId": 28,
            "mountPoint": "/run",
            "major": 0,
            "minor": 24,
            "root": "/",
            "options": "rw,nosuid,nodev",
            "source": "tmpfs",
            "superOpt": "rw,seclabel,mode=755",
            "fields": "shared:25",
            "type": "tmpfs",
            "parentId": 97
          },
          {
            "mountId": 29,
            "mountPoint": "/sys/fs/cgroup",
            "major": 0,
            "minor": 25,
            "root": "/",
            "options": "ro,nosuid,nodev,noexec",
            "source": "tmpfs",
            "superOpt": "ro,seclabel,mode=755",
            "fields": "shared:4",
            "type": "tmpfs",
            "parentId": 22
          },
          {
            "mountId": 30,
            "mountPoint": "/sys/fs/cgroup/systemd",
            "major": 0,
            "minor": 26,
            "root": "/",
            "options": "rw,nosuid,nodev,noexec,relatime",
            "source": "cgroup",
            "superOpt": "rw,seclabel,xattr,release_agent=/usr/lib/systemd/systemd-cgroups-agent,name=systemd",
            "fields": "shared:5",
            "type": "cgroup",
            "parentId": 29
          },
          {
            "mountId": 31,
            "mountPoint": "/sys/fs/pstore",
            "major": 0,
            "minor": 27,
            "root": "/",
            "options": "rw,nosuid,nodev,noexec,relatime",
            "source": "pstore",
            "superOpt": "rw,seclabel",
            "fields": "shared:17",
            "type": "pstore",
            "parentId": 22
          },
          {
            "mountId": 32,
            "mountPoint": "/sys/fs/bpf",
            "major": 0,
            "minor": 28,
            "root": "/",
            "options": "rw,nosuid,nodev,noexec,relatime",
            "source": "bpf",
            "superOpt": "rw,mode=700",
            "fields": "shared:18",
            "type": "bpf",
            "parentId": 22
          },
          {
            "mountId": 33,
            "mountPoint": "/sys/fs/cgroup/perf_event",
            "major": 0,
            "minor": 29,
            "root": "/",
            "options": "rw,nosuid,nodev,noexec,relatime",
            "source": "cgroup",
            "superOpt": "rw,seclabel,perf_event",
            "fields": "shared:6",
            "type": "cgroup",
            "parentId": 29
          },
          {
            "mountId": 34,
            "mountPoint": "/sys/fs/cgroup/net_cls,net_prio",
            "major": 0,
            "minor": 30,
            "root": "/",
            "options": "rw,nosuid,nodev,noexec,relatime",
            "source": "cgroup",
            "superOpt": "rw,seclabel,net_cls,net_prio",
            "fields": "shared:7",
            "type": "cgroup",
            "parentId": 29
          },
          {
            "mountId": 35,
            "mountPoint": "/sys/fs/cgroup/freezer",
            "major": 0,
            "minor": 31,
            "root": "/",
            "options": "rw,nosuid,nodev,noexec,relatime",
            "source": "cgroup",
            "superOpt": "rw,seclabel,freezer",
            "fields": "shared:8",
            "type": "cgroup",
            "parentId": 29
          },
          {
            "mountId": 36,
            "mountPoint": "/sys/fs/cgroup/hugetlb",
            "major": 0,
            "minor": 32,
            "root": "/",
            "options": "rw,nosuid,nodev,noexec,relatime",
            "source": "cgroup",
            "superOpt": "rw,seclabel,hugetlb",
            "fields": "shared:9",
            "type": "cgroup",
            "parentId": 29
          },
          {
            "mountId": 37,
            "mountPoint": "/sys/fs/cgroup/rdma",
            "major": 0,
            "minor": 33,
            "root": "/",
            "options": "rw,nosuid,nodev,noexec,relatime",
            "source": "cgroup",
            "superOpt": "rw,seclabel,rdma",
            "fields": "shared:10",
            "type": "cgroup",
            "parentId": 29
          },
          {
            "mountId": 38,
            "mountPoint": "/sys/fs/cgroup/cpu,cpuacct",
            "major": 0,
            "minor": 34,
            "root": "/",
            "options": "rw,nosuid,nodev,noexec,relatime",
            "source": "cgroup",
            "superOpt": "rw,seclabel,cpu,cpuacct",
            "fields": "shared:11",
            "type": "cgroup",
            "parentId": 29
          },
          {
            "mountId": 39,
            "mountPoint": "/sys/fs/cgroup/memory",
            "major": 0,
            "minor": 35,
            "root": "/",
            "options": "rw,nosuid,nodev,noexec,relatime",
            "source": "cgroup",
            "superOpt": "rw,seclabel,memory",
            "fields": "shared:12",
            "type": "cgroup",
            "parentId": 29
          },
          {
            "mountId": 40,
            "mountPoint": "/sys/fs/cgroup/devices",
            "major": 0,
            "minor": 36,
            "root": "/",
            "options": "rw,nosuid,nodev,noexec,relatime",
            "source": "cgroup",
            "superOpt": "rw,seclabel,devices",
            "fields": "shared:13",
            "type": "cgroup",
            "parentId": 29
          },
          {
            "mountId": 41,
            "mountPoint": "/sys/fs/cgroup/pids",
            "major": 0,
            "minor": 37,
            "root": "/",
            "options": "rw,nosuid,nodev,noexec,relatime",
            "source": "cgroup",
            "superOpt": "rw,seclabel,pids",
            "fields": "shared:14",
            "type": "cgroup",
            "parentId": 29
          },
          {
            "mountId": 42,
            "mountPoint": "/sys/fs/cgroup/blkio",
            "major": 0,
            "minor": 38,
            "root": "/",
            "options": "rw,nosuid,nodev,noexec,relatime",
            "source": "cgroup",
            "superOpt": "rw,seclabel,blkio",
            "fields": "shared:15",
            "type": "cgroup",
            "parentId": 29
          },
          {
            "mountId": 43,
            "mountPoint": "/sys/fs/cgroup/cpuset",
            "major": 0,
            "minor": 39,
            "root": "/",
            "options": "rw,nosuid,nodev,noexec,relatime",
            "source": "cgroup",
            "superOpt": "rw,seclabel,cpuset",
            "fields": "shared:16",
            "type": "cgroup",
            "parentId": 29
          },
          {
            "mountId": 44,
            "mountPoint": "/sys/kernel/tracing",
            "major": 0,
            "minor": 12,
            "root": "/",
            "options": "rw,relatime",
            "source": "none",
            "superOpt": "rw,seclabel",
            "fields": "shared:19",
            "type": "tracefs",
            "parentId": 22
          },
          {
            "mountId": 93,
            "mountPoint": "/sys/kernel/config",
            "major": 0,
            "minor": 40,
            "root": "/",
            "options": "rw,relatime",
            "source": "configfs",
            "superOpt": "rw",
            "fields": "shared:20",
            "type": "configfs",
            "parentId": 22
          },
          {
            "mountId": 97,
            "mountPoint": "/",
            "major": 253,
            "minor": 0,
            "root": "/",
            "options": "rw,relatime",
            "source": "/dev/mapper/rhel-root",
            "superOpt": "rw,seclabel,attr2,inode64,logbufs=8,logbsize=32k,noquota",
            "fields": "shared:1",
            "type": "xfs",
            "parentId": 1
          },
          {
            "mountId": 45,
            "mountPoint": "/sys/fs/selinux",
            "major": 0,
            "minor": 20,
            "root": "/",
            "options": "rw,relatime",
            "source": "selinuxfs",
            "superOpt": "rw",
            "fields": "shared:21",
            "type": "selinuxfs",
            "parentId": 22
          },
          {
            "mountId": 46,
            "mountPoint": "/proc/sys/fs/binfmt_misc",
            "major": 0,
            "minor": 42,
            "root": "/",
            "options": "rw,relatime",
            "source": "systemd-1",
            "superOpt": "rw,fd=29,pgrp=1,timeout=0,minproto=5,maxproto=5,direct,pipe_ino=23935",
            "fields": "shared:27",
            "type": "autofs",
            "parentId": 23
          },
          {
            "mountId": 47,
            "mountPoint": "/dev/mqueue",
            "major": 0,
            "minor": 19,
            "root": "/",
            "options": "rw,relatime",
            "source": "mqueue",
            "superOpt": "rw,seclabel",
            "fields": "shared:28",
            "type": "mqueue",
            "parentId": 24
          },
          {
            "mountId": 48,
            "mountPoint": "/dev/hugepages",
            "major": 0,
            "minor": 43,
            "root": "/",
            "options": "rw,relatime",
            "source": "hugetlbfs",
            "superOpt": "rw,seclabel,pagesize=2M",
            "fields": "shared:29",
            "type": "hugetlbfs",
            "parentId": 24
          },
          {
            "mountId": 49,
            "mountPoint": "/sys/kernel/debug",
            "major": 0,
            "minor": 8,
            "root": "/",
            "options": "rw,relatime",
            "source": "debugfs",
            "superOpt": "rw,seclabel",
            "fields": "shared:30",
            "type": "debugfs",
            "parentId": 22
          },
          {
            "mountId": 50,
            "mountPoint": "/sys/fs/fuse/connections",
            "major": 0,
            "minor": 44,
            "root": "/",
            "options": "rw,relatime",
            "source": "fusectl",
            "superOpt": "rw",
            "fields": "shared:31",
            "type": "fusectl",
            "parentId": 22
          },
          {
            "mountId": 117,
            "mountPoint": "/usr/openv",
            "major": 253,
            "minor": 4,
            "root": "/",
            "options": "rw,relatime",
            "source": "/dev/mapper/rhel-usr_openv",
            "superOpt": "rw,seclabel,attr2,inode64,logbufs=8,logbsize=32k,noquota",
            "fields": "shared:63",
            "type": "xfs",
            "parentId": 97
          },
          {
            "mountId": 120,
            "mountPoint": "/home",
            "major": 8,
            "minor": 6,
            "root": "/",
            "options": "rw,relatime",
            "source": "/dev/sda6",
            "superOpt": "rw,seclabel,attr2,inode64,logbufs=8,logbsize=32k,noquota",
            "fields": "shared:65",
            "type": "xfs",
            "parentId": 97
          },
          {
            "mountId": 123,
            "mountPoint": "/tmp",
            "major": 253,
            "minor": 5,
            "root": "/",
            "options": "rw,relatime",
            "source": "/dev/mapper/rhel-tmp",
            "superOpt": "rw,seclabel,attr2,inode64,logbufs=8,logbsize=32k,noquota",
            "fields": "shared:67",
            "type": "xfs",
            "parentId": 97
          },
          {
            "mountId": 126,
            "mountPoint": "/opt",
            "major": 253,
            "minor": 3,
            "root": "/",
            "options": "rw,relatime",
            "source": "/dev/mapper/rhel-opt",
            "superOpt": "rw,seclabel,attr2,inode64,logbufs=8,logbsize=32k,noquota",
            "fields": "shared:69",
            "type": "xfs",
            "parentId": 97
          },
          {
            "mountId": 129,
            "mountPoint": "/var",
            "major": 8,
            "minor": 3,
            "root": "/",
            "options": "rw,relatime",
            "source": "/dev/sda3",
            "superOpt": "rw,seclabel,attr2,inode64,logbufs=8,logbsize=32k,noquota",
            "fields": "shared:71",
            "type": "xfs",
            "parentId": 97
          },
          {
            "mountId": 132,
            "mountPoint": "/boot",
            "major": 8,
            "minor": 1,
            "root": "/",
            "options": "rw,relatime",
            "source": "/dev/sda1",
            "superOpt": "rw,seclabel,attr2,inode64,logbufs=8,logbsize=32k,noquota",
            "fields": "shared:73",
            "type": "xfs",
            "parentId": 97
          },
          {
            "mountId": 135,
            "mountPoint": "/var/tmp",
            "major": 8,
            "minor": 2,
            "root": "/",
            "options": "rw,relatime",
            "source": "/dev/sda2",
            "superOpt": "rw,seclabel,attr2,inode64,logbufs=8,logbsize=32k,noquota",
            "fields": "shared:75",
            "type": "xfs",
            "parentId": 129
          },
          {
            "mountId": 138,
            "mountPoint": "/var/lib/mongo",
            "major": 253,
            "minor": 2,
            "root": "/",
            "options": "rw,relatime",
            "source": "/dev/mapper/vg_mongodb-lv_mongodb",
            "superOpt": "rw,seclabel,attr2,inode64,logbufs=8,logbsize=32k,noquota",
            "fields": "shared:77",
            "type": "xfs",
            "parentId": 129
          },
          {
            "mountId": 141,
            "mountPoint": "/var/log",
            "major": 8,
            "minor": 5,
            "root": "/",
            "options": "rw,relatime",
            "source": "/dev/sda5",
            "superOpt": "rw,seclabel,attr2,inode64,logbufs=8,logbsize=32k,noquota",
            "fields": "shared:79",
            "type": "xfs",
            "parentId": 129
          },
          {
            "mountId": 144,
            "mountPoint": "/var/log/audit",
            "major": 8,
            "minor": 7,
            "root": "/",
            "options": "rw,relatime",
            "source": "/dev/sda7",
            "superOpt": "rw,seclabel,attr2,inode64,logbufs=8,logbsize=32k,noquota",
            "fields": "shared:81",
            "type": "xfs",
            "parentId": 141
          }
        ]
      }},
      "ok": 1
    },
    "sz": "US",
    "l": {"$date": "2022-09-21T07:11:56.34Z"},
    "lowUlimit": false,
    "n": "MYUTVLXROSID02.nonprod-osi.ambg.com.my",
    "gv": "e61bf27c2f6a83fed36e5a13c008a32d563babe2",
    "authSchemaVersion": 5,
    "p": 27017,
    "pa": "<redacted>",
    "u": 702516,
    "v": "6.0.0",
    "selfId": {"$oid": "6320010c6dc774d3f5859153"},
    "lastIndexSizeWithoutLocal": 45789184,
    "getLogsEnabled": true,
    "rbid": 1
  },
  {
    "dur": true,
    "userWriteBlockMode": 1,
    "cluster": {
      "id": {"$oid": "631b23c40168c760303cd6df"},
      "type": 1
    },
    "css": -230,
    "hid": false,
    "nsdbc": 3,
    "isDbStatsCacheStale": true,
    "hp": "MYUTVLXROSID03.nonprod-osi.ambg.com.my:27017",
    "lu": 702458,
    "ht": [8],
    "lastIndexSize": 46428160,
    "sslEnabled": false,
    "lastDataSize": 4355489041,
    "un": "root",
    "lastRestartEvent": {"$date": "2022-09-13T04:03:39.17Z"},
    "ipAddress": "10.122.192.143",
    "rsid": "AmbankNonprodreplica",
    "cmdLineOpts": {
      "parsed": {
        "replication": {"replSetName": "AmbankNonprodreplica"},
        "security": {
          "authorization": "enabled",
          "clusterAuthMode": "keyFile",
          "keyFile": "/var/lib/mongodb-mms-automation/keyfile"
        },
        "processManagement": {
          "fork": true,
          "timeZoneInfo": "/usr/share/zoneinfo"
        },
        "setParameter": {"authenticationMechanisms": "SCRAM-SHA-1,SCRAM-SHA-256"},
        "systemLog": {
          "path": "/var/log/mongodb/mongod.log",
          "logAppend": true,
          "destination": "file"
        },
        "storage": {
          "journal": {"enabled": true},
          "engine": "wiredTiger",
          "dbPath": "/var/lib/mongo"
        },
        "net": {
          "bindIp": "0.0.0.0",
          "port": 27017,
          "tls": {"mode": "disabled"}
        },
        "config": "/var/lib/mongo/automation-mongod.conf"
      },
      "ok": 1,
      "argv": [
        "/var/lib/mongodb-mms-automation/mongodb-linux-x86_64-6.0.0-ent/bin/mongod",
        "-f",
        "/var/lib/mongo/automation-mongod.conf"
      ]
    },
    "modules": ["enterprise"],
    "versions": [{
      "s": {"$date": "2022-09-09T11:33:32.449Z"},
      "v": "6.0.0",
      "m": ["enterprise"]
    }],
    "rh": 1,
    "rcid": "9fef3ff883647a0f564b2a26",
    "slt": {"$date": "2022-09-21T07:15:46.668Z"},
    "_id": "a6770832594d0741bb1f3ae28f91c224",
    "cid": {"$oid": "62a2b465f0a746388ff3fef9"},
    "rs": "SECONDARY",
    "hasStartupWarnings": false,
    "lastDataSizeWithoutLocal": 3865942696,
    "authMechanism": "MONGODB_CR",
    "si": "deprecated",
    "cre": {"$date": "2022-09-09T11:33:22.485Z"},
    "fcv": "6.0",
    "sen": "wiredTiger",
    "uptimes": [
      {
        "recorded": {"$date": "2022-09-21T07:08:09.294Z"},
        "uptime": 702286
      },
      {
        "recorded": {"$date": "2022-09-21T07:09:07.362Z"},
        "uptime": 702344
      },
      {
        "recorded": {"$date": "2022-09-21T07:10:04.155Z"},
        "uptime": 702401
      },
      {
        "recorded": {"$date": "2022-09-21T07:11:00.542Z"},
        "uptime": 702458
      },
      {
        "recorded": {"$date": "2022-09-21T07:11:56.34Z"},
        "uptime": 702515
      }
    ],
    "b": "64",
    "e": true,
    "hostInfo": {
      "system": {
        "currentTime": {"$date": "2022-09-13T04:07:16.145Z"},
        "numCores": 8,
        "hostname": "MYUTVLXROSID03.nonprod-osi.ambg.com.my",
        "numaEnabled": false,
        "memLimitMB": 64151,
        "cpuArch": "x86_64",
        "cpuAddrSize": 64,
        "memSizeMB": 64151
      },
      "os": {
        "name": "Red Hat Enterprise Linux release 8.5 (Ootpa)",
        "type": "Linux",
        "version": "Kernel 4.18.0-348.20.1.el8_5.x86_64"
      },
      "extra": {"extra": {
        "numPages": 16422709,
        "versionString": "Linux version 4.18.0-348.20.1.el8_5.x86_64 (mockbuild@x86-vm-07.build.eng.bos.redhat.com) (gcc version 8.5.0 20210514 (Red Hat 8.5.0-4) (GCC)) #1 SMP Tue Mar 8 12:56:54 EST 2022",
        "libcVersion": "2.28",
        "cpuFeatures": "fpu vme de pse tsc msr pae mce cx8 apic sep mtrr pge mca cmov pat pse36 clflush mmx fxsr sse sse2 ss syscall nx pdpe1gb rdtscp lm constant_tsc arch_perfmon nopl xtopology tsc_reliable nonstop_tsc cpuid pni pclmulqdq ssse3 fma cx16 pcid sse4_1 sse4_2 x2apic movbe popcnt tsc_deadline_timer aes xsave avx f16c rdrand hypervisor lahf_lm abm 3dnowprefetch cpuid_fault invpcid_single ssbd ibrs ibpb stibp ibrs_enhanced fsgsbase tsc_adjust bmi1 avx2 smep bmi2 invpcid avx512f avx512dq rdseed adx smap clflushopt clwb avx512cd avx512bw avx512vl xsaveopt xsavec xsaves arat pku ospke md_clear flush_l1d arch_capabilities",
        "kernelVersion": "4.18.0-348.20.1.el8_5.x86_64",
        "cpuFrequencyMHz": "2494.140",
        "pageSize": 4096,
        "maxOpenFiles": 64000,
        "physicalCores": 8,
        "mountInfo": [
          {
            "mountId": 22,
            "mountPoint": "/sys",
            "major": 0,
            "minor": 21,
            "root": "/",
            "options": "rw,nosuid,nodev,noexec,relatime",
            "source": "sysfs",
            "superOpt": "rw,seclabel",
            "fields": "shared:2",
            "type": "sysfs",
            "parentId": 97
          },
          {
            "mountId": 23,
            "mountPoint": "/proc",
            "major": 0,
            "minor": 5,
            "root": "/",
            "options": "rw,nosuid,nodev,noexec,relatime",
            "source": "proc",
            "superOpt": "rw",
            "fields": "shared:26",
            "type": "proc",
            "parentId": 97
          },
          {
            "mountId": 24,
            "mountPoint": "/dev",
            "major": 0,
            "minor": 6,
            "root": "/",
            "options": "rw,nosuid",
            "source": "devtmpfs",
            "superOpt": "rw,seclabel,size=32827332k,nr_inodes=8206833,mode=755",
            "fields": "shared:22",
            "type": "devtmpfs",
            "parentId": 97
          },
          {
            "mountId": 25,
            "mountPoint": "/sys/kernel/security",
            "major": 0,
            "minor": 7,
            "root": "/",
            "options": "rw,nosuid,nodev,noexec,relatime",
            "source": "securityfs",
            "superOpt": "rw",
            "fields": "shared:3",
            "type": "securityfs",
            "parentId": 22
          },
          {
            "mountId": 26,
            "mountPoint": "/dev/shm",
            "major": 0,
            "minor": 22,
            "root": "/",
            "options": "rw,nosuid,nodev",
            "source": "tmpfs",
            "superOpt": "rw,seclabel",
            "fields": "shared:23",
            "type": "tmpfs",
            "parentId": 24
          },
          {
            "mountId": 27,
            "mountPoint": "/dev/pts",
            "major": 0,
            "minor": 23,
            "root": "/",
            "options": "rw,nosuid,noexec,relatime",
            "source": "devpts",
            "superOpt": "rw,seclabel,gid=5,mode=620,ptmxmode=000",
            "fields": "shared:24",
            "type": "devpts",
            "parentId": 24
          },
          {
            "mountId": 28,
            "mountPoint": "/run",
            "major": 0,
            "minor": 24,
            "root": "/",
            "options": "rw,nosuid,nodev",
            "source": "tmpfs",
            "superOpt": "rw,seclabel,mode=755",
            "fields": "shared:25",
            "type": "tmpfs",
            "parentId": 97
          },
          {
            "mountId": 29,
            "mountPoint": "/sys/fs/cgroup",
            "major": 0,
            "minor": 25,
            "root": "/",
            "options": "ro,nosuid,nodev,noexec",
            "source": "tmpfs",
            "superOpt": "ro,seclabel,mode=755",
            "fields": "shared:4",
            "type": "tmpfs",
            "parentId": 22
          },
          {
            "mountId": 30,
            "mountPoint": "/sys/fs/cgroup/systemd",
            "major": 0,
            "minor": 26,
            "root": "/",
            "options": "rw,nosuid,nodev,noexec,relatime",
            "source": "cgroup",
            "superOpt": "rw,seclabel,xattr,release_agent=/usr/lib/systemd/systemd-cgroups-agent,name=systemd",
            "fields": "shared:5",
            "type": "cgroup",
            "parentId": 29
          },
          {
            "mountId": 31,
            "mountPoint": "/sys/fs/pstore",
            "major": 0,
            "minor": 27,
            "root": "/",
            "options": "rw,nosuid,nodev,noexec,relatime",
            "source": "pstore",
            "superOpt": "rw,seclabel",
            "fields": "shared:17",
            "type": "pstore",
            "parentId": 22
          },
          {
            "mountId": 32,
            "mountPoint": "/sys/fs/bpf",
            "major": 0,
            "minor": 28,
            "root": "/",
            "options": "rw,nosuid,nodev,noexec,relatime",
            "source": "bpf",
            "superOpt": "rw,mode=700",
            "fields": "shared:18",
            "type": "bpf",
            "parentId": 22
          },
          {
            "mountId": 33,
            "mountPoint": "/sys/fs/cgroup/cpu,cpuacct",
            "major": 0,
            "minor": 29,
            "root": "/",
            "options": "rw,nosuid,nodev,noexec,relatime",
            "source": "cgroup",
            "superOpt": "rw,seclabel,cpu,cpuacct",
            "fields": "shared:6",
            "type": "cgroup",
            "parentId": 29
          },
          {
            "mountId": 34,
            "mountPoint": "/sys/fs/cgroup/freezer",
            "major": 0,
            "minor": 30,
            "root": "/",
            "options": "rw,nosuid,nodev,noexec,relatime",
            "source": "cgroup",
            "superOpt": "rw,seclabel,freezer",
            "fields": "shared:7",
            "type": "cgroup",
            "parentId": 29
          },
          {
            "mountId": 35,
            "mountPoint": "/sys/fs/cgroup/hugetlb",
            "major": 0,
            "minor": 31,
            "root": "/",
            "options": "rw,nosuid,nodev,noexec,relatime",
            "source": "cgroup",
            "superOpt": "rw,seclabel,hugetlb",
            "fields": "shared:8",
            "type": "cgroup",
            "parentId": 29
          },
          {
            "mountId": 36,
            "mountPoint": "/sys/fs/cgroup/blkio",
            "major": 0,
            "minor": 32,
            "root": "/",
            "options": "rw,nosuid,nodev,noexec,relatime",
            "source": "cgroup",
            "superOpt": "rw,seclabel,blkio",
            "fields": "shared:9",
            "type": "cgroup",
            "parentId": 29
          },
          {
            "mountId": 37,
            "mountPoint": "/sys/fs/cgroup/devices",
            "major": 0,
            "minor": 33,
            "root": "/",
            "options": "rw,nosuid,nodev,noexec,relatime",
            "source": "cgroup",
            "superOpt": "rw,seclabel,devices",
            "fields": "shared:10",
            "type": "cgroup",
            "parentId": 29
          },
          {
            "mountId": 38,
            "mountPoint": "/sys/fs/cgroup/memory",
            "major": 0,
            "minor": 34,
            "root": "/",
            "options": "rw,nosuid,nodev,noexec,relatime",
            "source": "cgroup",
            "superOpt": "rw,seclabel,memory",
            "fields": "shared:11",
            "type": "cgroup",
            "parentId": 29
          },
          {
            "mountId": 39,
            "mountPoint": "/sys/fs/cgroup/net_cls,net_prio",
            "major": 0,
            "minor": 35,
            "root": "/",
            "options": "rw,nosuid,nodev,noexec,relatime",
            "source": "cgroup",
            "superOpt": "rw,seclabel,net_cls,net_prio",
            "fields": "shared:12",
            "type": "cgroup",
            "parentId": 29
          },
          {
            "mountId": 40,
            "mountPoint": "/sys/fs/cgroup/pids",
            "major": 0,
            "minor": 36,
            "root": "/",
            "options": "rw,nosuid,nodev,noexec,relatime",
            "source": "cgroup",
            "superOpt": "rw,seclabel,pids",
            "fields": "shared:13",
            "type": "cgroup",
            "parentId": 29
          },
          {
            "mountId": 41,
            "mountPoint": "/sys/fs/cgroup/perf_event",
            "major": 0,
            "minor": 37,
            "root": "/",
            "options": "rw,nosuid,nodev,noexec,relatime",
            "source": "cgroup",
            "superOpt": "rw,seclabel,perf_event",
            "fields": "shared:14",
            "type": "cgroup",
            "parentId": 29
          },
          {
            "mountId": 42,
            "mountPoint": "/sys/fs/cgroup/cpuset",
            "major": 0,
            "minor": 38,
            "root": "/",
            "options": "rw,nosuid,nodev,noexec,relatime",
            "source": "cgroup",
            "superOpt": "rw,seclabel,cpuset",
            "fields": "shared:15",
            "type": "cgroup",
            "parentId": 29
          },
          {
            "mountId": 43,
            "mountPoint": "/sys/fs/cgroup/rdma",
            "major": 0,
            "minor": 39,
            "root": "/",
            "options": "rw,nosuid,nodev,noexec,relatime",
            "source": "cgroup",
            "superOpt": "rw,seclabel,rdma",
            "fields": "shared:16",
            "type": "cgroup",
            "parentId": 29
          },
          {
            "mountId": 44,
            "mountPoint": "/sys/kernel/tracing",
            "major": 0,
            "minor": 12,
            "root": "/",
            "options": "rw,relatime",
            "source": "none",
            "superOpt": "rw,seclabel",
            "fields": "shared:19",
            "type": "tracefs",
            "parentId": 22
          },
          {
            "mountId": 93,
            "mountPoint": "/sys/kernel/config",
            "major": 0,
            "minor": 40,
            "root": "/",
            "options": "rw,relatime",
            "source": "configfs",
            "superOpt": "rw",
            "fields": "shared:20",
            "type": "configfs",
            "parentId": 22
          },
          {
            "mountId": 97,
            "mountPoint": "/",
            "major": 253,
            "minor": 0,
            "root": "/",
            "options": "rw,relatime",
            "source": "/dev/mapper/rhel-root",
            "superOpt": "rw,seclabel,attr2,inode64,logbufs=8,logbsize=32k,noquota",
            "fields": "shared:1",
            "type": "xfs",
            "parentId": 1
          },
          {
            "mountId": 45,
            "mountPoint": "/sys/fs/selinux",
            "major": 0,
            "minor": 20,
            "root": "/",
            "options": "rw,relatime",
            "source": "selinuxfs",
            "superOpt": "rw",
            "fields": "shared:21",
            "type": "selinuxfs",
            "parentId": 22
          },
          {
            "mountId": 46,
            "mountPoint": "/proc/sys/fs/binfmt_misc",
            "major": 0,
            "minor": 42,
            "root": "/",
            "options": "rw,relatime",
            "source": "systemd-1",
            "superOpt": "rw,fd=35,pgrp=1,timeout=0,minproto=5,maxproto=5,direct,pipe_ino=23782",
            "fields": "shared:27",
            "type": "autofs",
            "parentId": 23
          },
          {
            "mountId": 47,
            "mountPoint": "/dev/mqueue",
            "major": 0,
            "minor": 19,
            "root": "/",
            "options": "rw,relatime",
            "source": "mqueue",
            "superOpt": "rw,seclabel",
            "fields": "shared:28",
            "type": "mqueue",
            "parentId": 24
          },
          {
            "mountId": 48,
            "mountPoint": "/sys/kernel/debug",
            "major": 0,
            "minor": 8,
            "root": "/",
            "options": "rw,relatime",
            "source": "debugfs",
            "superOpt": "rw,seclabel",
            "fields": "shared:29",
            "type": "debugfs",
            "parentId": 22
          },
          {
            "mountId": 49,
            "mountPoint": "/dev/hugepages",
            "major": 0,
            "minor": 43,
            "root": "/",
            "options": "rw,relatime",
            "source": "hugetlbfs",
            "superOpt": "rw,seclabel,pagesize=2M",
            "fields": "shared:30",
            "type": "hugetlbfs",
            "parentId": 24
          },
          {
            "mountId": 114,
            "mountPoint": "/sys/fs/fuse/connections",
            "major": 0,
            "minor": 44,
            "root": "/",
            "options": "rw,relatime",
            "source": "fusectl",
            "superOpt": "rw",
            "fields": "shared:61",
            "type": "fusectl",
            "parentId": 22
          },
          {
            "mountId": 117,
            "mountPoint": "/usr/openv",
            "major": 253,
            "minor": 3,
            "root": "/",
            "options": "rw,relatime",
            "source": "/dev/mapper/rhel-usr_openv",
            "superOpt": "rw,seclabel,attr2,inode64,logbufs=8,logbsize=32k,noquota",
            "fields": "shared:63",
            "type": "xfs",
            "parentId": 97
          },
          {
            "mountId": 120,
            "mountPoint": "/home",
            "major": 8,
            "minor": 6,
            "root": "/",
            "options": "rw,relatime",
            "source": "/dev/sda6",
            "superOpt": "rw,seclabel,attr2,inode64,logbufs=8,logbsize=32k,noquota",
            "fields": "shared:65",
            "type": "xfs",
            "parentId": 97
          },
          {
            "mountId": 123,
            "mountPoint": "/opt",
            "major": 253,
            "minor": 2,
            "root": "/",
            "options": "rw,relatime",
            "source": "/dev/mapper/rhel-opt",
            "superOpt": "rw,seclabel,attr2,inode64,logbufs=8,logbsize=32k,noquota",
            "fields": "shared:67",
            "type": "xfs",
            "parentId": 97
          },
          {
            "mountId": 126,
            "mountPoint": "/tmp",
            "major": 253,
            "minor": 4,
            "root": "/",
            "options": "rw,relatime",
            "source": "/dev/mapper/rhel-tmp",
            "superOpt": "rw,seclabel,attr2,inode64,logbufs=8,logbsize=32k,noquota",
            "fields": "shared:69",
            "type": "xfs",
            "parentId": 97
          },
          {
            "mountId": 129,
            "mountPoint": "/boot",
            "major": 8,
            "minor": 1,
            "root": "/",
            "options": "rw,relatime",
            "source": "/dev/sda1",
            "superOpt": "rw,seclabel,attr2,inode64,logbufs=8,logbsize=32k,noquota",
            "fields": "shared:71",
            "type": "xfs",
            "parentId": 97
          },
          {
            "mountId": 132,
            "mountPoint": "/var",
            "major": 8,
            "minor": 3,
            "root": "/",
            "options": "rw,relatime",
            "source": "/dev/sda3",
            "superOpt": "rw,seclabel,attr2,inode64,logbufs=8,logbsize=32k,noquota",
            "fields": "shared:73",
            "type": "xfs",
            "parentId": 97
          },
          {
            "mountId": 135,
            "mountPoint": "/var/tmp",
            "major": 8,
            "minor": 2,
            "root": "/",
            "options": "rw,relatime",
            "source": "/dev/sda2",
            "superOpt": "rw,seclabel,attr2,inode64,logbufs=8,logbsize=32k,noquota",
            "fields": "shared:75",
            "type": "xfs",
            "parentId": 132
          },
          {
            "mountId": 138,
            "mountPoint": "/var/lib/mongo",
            "major": 253,
            "minor": 5,
            "root": "/",
            "options": "rw,relatime",
            "source": "/dev/mapper/vg_mongodb-lv_mongodb",
            "superOpt": "rw,seclabel,attr2,inode64,logbufs=8,logbsize=32k,noquota",
            "fields": "shared:77",
            "type": "xfs",
            "parentId": 132
          },
          {
            "mountId": 141,
            "mountPoint": "/var/log",
            "major": 8,
            "minor": 5,
            "root": "/",
            "options": "rw,relatime",
            "source": "/dev/sda5",
            "superOpt": "rw,seclabel,attr2,inode64,logbufs=8,logbsize=32k,noquota",
            "fields": "shared:79",
            "type": "xfs",
            "parentId": 132
          },
          {
            "mountId": 144,
            "mountPoint": "/var/log/audit",
            "major": 8,
            "minor": 7,
            "root": "/",
            "options": "rw,relatime",
            "source": "/dev/sda7",
            "superOpt": "rw,seclabel,attr2,inode64,logbufs=8,logbsize=32k,noquota",
            "fields": "shared:81",
            "type": "xfs",
            "parentId": 141
          }
        ]
      }},
      "ok": 1
    },
    "sz": "US",
    "l": {"$date": "2022-09-21T07:11:56.34Z"},
    "lowUlimit": false,
    "n": "MYUTVLXROSID03.nonprod-osi.ambg.com.my",
    "gv": "e61bf27c2f6a83fed36e5a13c008a32d563babe2",
    "authSchemaVersion": 5,
    "p": 27017,
    "pa": "<redacted>",
    "u": 702515,
    "v": "6.0.0",
    "selfId": {"$oid": "632001ef99ee705c5e806e37"},
    "lastIndexSizeWithoutLocal": 45871104,
    "getLogsEnabled": true,
    "rbid": 1
  }
]