[
  {
    "numInserted": 0,
    "numUpdated": 0,
    "_id": "CreateHostLastPingGroupIndexMigration",
    "numDeleted": 0,
    "startDate": {"$date": "2022-06-02T06:53:20.142Z"},
    "completedDate": {"$date": "2022-06-02T06:53:20.142Z"},
    "status": "COMPLETE"
  },
  {
    "numInserted": 0,
    "numUpdated": 0,
    "_id": "AddAgentApiKeyApproximateLastUsedMigration",
    "numDeleted": 0,
    "startDate": {"$date": "2022-06-02T06:53:20.153Z"},
    "completedDate": {"$date": "2022-06-02T06:53:20.153Z"},
    "status": "SKIPPED"
  },
  {
    "numInserted": 0,
    "numUpdated": 0,
    "_id": "RemoveBackupCpsAwsPitFeatureFlagMigration",
    "numDeleted": 0,
    "startDate": {"$date": "2022-06-02T06:53:20.161Z"},
    "completedDate": {"$date": "2022-06-02T06:53:20.161Z"},
    "status": "SKIPPED"
  },
  {
    "numInserted": 0,
    "numUpdated": 0,
    "_id": "RemoveBackupCpsPitGcpAndAzureFeatureFlagMigration",
    "numDeleted": 0,
    "startDate": {"$date": "2022-06-02T06:53:20.167Z"},
    "completedDate": {"$date": "2022-06-02T06:53:20.167Z"},
    "status": "SKIPPED"
  },
  {
    "numInserted": 0,
    "numUpdated": 0,
    "_id": "RemoveBackupAdminPageV2FeatureFlagMigration",
    "numDeleted": 0,
    "startDate": {"$date": "2022-06-02T06:53:20.182Z"},
    "completedDate": {"$date": "2022-06-02T06:53:20.182Z"},
    "status": "SKIPPED"
  },
  {
    "numInserted": 0,
    "numUpdated": 0,
    "_id": "RemoveAtlasDataLakeDefaultStorageConfigFeatureFlagMigration",
    "numDeleted": 0,
    "startDate": {"$date": "2022-06-02T06:53:20.187Z"},
    "completedDate": {"$date": "2022-06-02T06:53:20.187Z"},
    "status": "SKIPPED"
  },
  {
    "numInserted": 0,
    "numUpdated": 0,
    "_id": "AddForceReplicaSetReconfigToClusterDescriptionMigration",
    "numDeleted": 0,
    "startDate": {"$date": "2022-06-02T06:53:20.193Z"},
    "completedDate": {"$date": "2022-06-02T06:53:20.193Z"},
    "status": "SKIPPED"
  },
  {
    "numInserted": 0,
    "numUpdated": 0,
    "_id": "RemoveAtlasGatewayProxyFeatureFlagMigration",
    "numDeleted": 0,
    "startDate": {"$date": "2022-06-02T06:53:20.2Z"},
    "completedDate": {"$date": "2022-06-02T06:53:20.2Z"},
    "status": "SKIPPED"
  },
  {
    "numInserted": 0,
    "numUpdated": 0,
    "_id": "RemoveAtlasDatabaseUsersRedesignFeatureFlagMigration",
    "numDeleted": 0,
    "startDate": {"$date": "2022-06-02T06:53:20.204Z"},
    "completedDate": {"$date": "2022-06-02T06:53:20.204Z"},
    "status": "SKIPPED"
  },
  {
    "numInserted": 0,
    "numUpdated": 0,
    "_id": "RemoveAtlasAutoApplyIndexesForMTMSFeatureFlagMigration",
    "numDeleted": 0,
    "startDate": {"$date": "2022-06-02T06:53:20.22Z"},
    "completedDate": {"$date": "2022-06-02T06:53:20.22Z"},
    "status": "SKIPPED"
  },
  {
    "numInserted": 0,
    "numUpdated": 0,
    "_id": "DropEntityAndTestIndexMigration",
    "numDeleted": 0,
    "startDate": {"$date": "2022-06-02T06:53:20.225Z"},
    "completedDate": {"$date": "2022-06-02T06:53:20.225Z"},
    "status": "COMPLETE"
  },
  {
    "numInserted": 0,
    "numUpdated": 0,
    "_id": "SetOrgGroupTypeFromPlanTypeMigration",
    "numDeleted": 0,
    "startDate": {"$date": "2022-06-02T06:53:20.237Z"},
    "completedDate": {"$date": "2022-06-02T06:53:20.237Z"},
    "status": "SKIPPED"
  },
  {
    "numInserted": 0,
    "numUpdated": 0,
    "_id": "DropEmailRecipientIndexMigration",
    "numDeleted": 0,
    "startDate": {"$date": "2022-06-02T06:53:20.24Z"},
    "completedDate": {"$date": "2022-06-02T06:53:20.24Z"},
    "status": "COMPLETE"
  },
  {
    "numInserted": 0,
    "numUpdated": 0,
    "_id": "UpdateClusterDescriptionComputeAutoScalingForDisabledMigration",
    "numDeleted": 0,
    "startDate": {"$date": "2022-06-02T06:53:20.247Z"},
    "completedDate": {"$date": "2022-06-02T06:53:20.247Z"},
    "status": "SKIPPED"
  },
  {
    "numInserted": 0,
    "numUpdated": 0,
    "_id": "SetOrgPlanTypeMigration",
    "numDeleted": 0,
    "startDate": {"$date": "2022-06-02T06:53:20.252Z"},
    "completedDate": {"$date": "2022-06-02T06:53:20.252Z"},
    "status": "SKIPPED"
  },
  {
    "numInserted": 0,
    "numUpdated": 0,
    "_id": "SetOrgPlanTypeToPlanHistoryMigration",
    "numDeleted": 0,
    "startDate": {"$date": "2022-06-02T06:53:20.259Z"},
    "completedDate": {"$date": "2022-06-02T06:53:20.259Z"},
    "status": "SKIPPED"
  },
  {
    "numInserted": 0,
    "numUpdated": 0,
    "_id": "RemoveNewDeploymentServerUiFeatureFlagMigration",
    "numDeleted": 0,
    "startDate": {"$date": "2022-06-02T06:53:20.263Z"},
    "completedDate": {"$date": "2022-06-02T06:53:20.263Z"},
    "status": "SKIPPED"
  },
  {
    "numInserted": 0,
    "numUpdated": 0,
    "_id": "UpdateScaleDownWindowMigration",
    "numDeleted": 0,
    "startDate": {"$date": "2022-06-02T06:53:20.268Z"},
    "completedDate": {"$date": "2022-06-02T06:53:20.268Z"},
    "status": "SKIPPED"
  },
  {
    "numInserted": 0,
    "numUpdated": 0,
    "_id": "RemoveAtlas42ClusterFeatureFlagMigration",
    "numDeleted": 0,
    "startDate": {"$date": "2022-06-02T06:53:20.273Z"},
    "completedDate": {"$date": "2022-06-02T06:53:20.273Z"},
    "status": "SKIPPED"
  },
  {
    "numInserted": 0,
    "numUpdated": 0,
    "_id": "RemoveAtlas42ShardedClusterFeatureFlagMigration",
    "numDeleted": 0,
    "startDate": {"$date": "2022-06-02T06:53:20.276Z"},
    "completedDate": {"$date": "2022-06-02T06:53:20.276Z"},
    "status": "SKIPPED"
  },
  {
    "numInserted": 0,
    "numUpdated": 0,
    "_id": "RemoveStorageLegacyFromNDSDataLakeTenantMigration",
    "numDeleted": 0,
    "startDate": {"$date": "2022-06-02T06:53:20.28Z"},
    "completedDate": {"$date": "2022-06-02T06:53:20.28Z"},
    "status": "SKIPPED"
  },
  {
    "numInserted": 0,
    "numUpdated": 0,
    "_id": "RemoveAtlasMongodbAwsAuthFeatureFlagMigration",
    "numDeleted": 0,
    "startDate": {"$date": "2022-06-02T06:53:20.285Z"},
    "completedDate": {"$date": "2022-06-02T06:53:20.285Z"},
    "status": "SKIPPED"
  },
  {
    "numInserted": 0,
    "numUpdated": 0,
    "_id": "NDSGroupCloudProviderAccessMigration",
    "numDeleted": 0,
    "startDate": {"$date": "2022-06-02T06:53:20.29Z"},
    "completedDate": {"$date": "2022-06-02T06:53:20.29Z"},
    "status": "SKIPPED"
  },
  {
    "numInserted": 0,
    "numUpdated": 0,
    "_id": "NDSGroupEncryptionAtRestAwsKmsIamAssumedRoleArnMigration",
    "numDeleted": 0,
    "startDate": {"$date": "2022-06-02T06:53:20.296Z"},
    "completedDate": {"$date": "2022-06-02T06:53:20.296Z"},
    "status": "SKIPPED"
  },
  {
    "numInserted": 0,
    "numUpdated": 0,
    "_id": "AddScopesToNDSDBUserMigration",
    "numDeleted": 0,
    "startDate": {"$date": "2022-06-02T06:53:20.301Z"},
    "completedDate": {"$date": "2022-06-02T06:53:20.301Z"},
    "status": "SKIPPED"
  },
  {
    "numInserted": 0,
    "numUpdated": 0,
    "_id": "AddSnapshotTypeToTenantRestoreMigration",
    "numDeleted": 0,
    "startDate": {"$date": "2022-06-02T06:53:20.307Z"},
    "completedDate": {"$date": "2022-06-02T06:53:20.307Z"},
    "status": "SKIPPED"
  },
  {
    "numInserted": 0,
    "numUpdated": 0,
    "_id": "AddSnapshotTypeToTenantBackupSnapshotMigration",
    "numDeleted": 0,
    "startDate": {"$date": "2022-06-02T06:53:20.317Z"},
    "completedDate": {"$date": "2022-06-02T06:53:20.317Z"},
    "status": "SKIPPED"
  },
  {
    "numInserted": 0,
    "numUpdated": 0,
    "_id": "RemoveContinuousToCPSTransitionFeatureFlagMigration",
    "numDeleted": 0,
    "startDate": {"$date": "2022-06-02T06:53:20.321Z"},
    "completedDate": {"$date": "2022-06-02T06:53:20.321Z"},
    "status": "SKIPPED"
  },
  {
    "numInserted": 0,
    "numUpdated": 0,
    "_id": "AddUserNotifiedAboutPauseDateToFreeHardwareSpecMigration",
    "numDeleted": 0,
    "startDate": {"$date": "2022-06-02T06:53:20.325Z"},
    "completedDate": {"$date": "2022-06-02T06:53:20.325Z"},
    "status": "SKIPPED"
  },
  {
    "numInserted": 0,
    "numUpdated": 0,
    "_id": "DropMTMClusterDaoUnusedIndexMigration",
    "numDeleted": 0,
    "startDate": {"$date": "2022-06-02T06:53:20.328Z"},
    "completedDate": {"$date": "2022-06-02T06:53:20.328Z"},
    "status": "COMPLETE"
  },
  {
    "numInserted": 0,
    "numUpdated": 0,
    "_id": "AddMTMClusterTypeToMTMClusterMigration",
    "numDeleted": 0,
    "startDate": {"$date": "2022-06-02T06:53:20.333Z"},
    "completedDate": {"$date": "2022-06-02T06:53:20.333Z"},
    "status": "SKIPPED"
  },
  {
    "numInserted": 0,
    "numUpdated": 0,
    "_id": "AddNDSGroupMTMHolderTypeMigration",
    "numDeleted": 0,
    "startDate": {"$date": "2022-06-02T06:53:20.337Z"},
    "completedDate": {"$date": "2022-06-02T06:53:20.337Z"},
    "status": "SKIPPED"
  },
  {
    "numInserted": 0,
    "numUpdated": 0,
    "_id": "RemoveOnlineArchiveFeatureFlagMigration",
    "numDeleted": 0,
    "startDate": {"$date": "2022-06-02T06:53:20.341Z"},
    "completedDate": {"$date": "2022-06-02T06:53:20.341Z"},
    "status": "SKIPPED"
  },
  {
    "numInserted": 0,
    "numUpdated": 0,
    "_id": "AddFailureFieldsToTenantUpgradeStatusMigration",
    "numDeleted": 0,
    "startDate": {"$date": "2022-06-02T06:53:20.345Z"},
    "completedDate": {"$date": "2022-06-02T06:53:20.345Z"},
    "status": "SKIPPED"
  },
  {
    "numInserted": 0,
    "numUpdated": 0,
    "_id": "AddResurrectionFieldsToClusterDescriptionMigration",
    "numDeleted": 0,
    "startDate": {"$date": "2022-06-02T06:53:20.35Z"},
    "completedDate": {"$date": "2022-06-02T06:53:20.35Z"},
    "status": "SKIPPED"
  },
  {
    "numInserted": 0,
    "numUpdated": 0,
    "_id": "SetNDSDataLakeTenantDataLakeTypeMigration",
    "numDeleted": 0,
    "startDate": {"$date": "2022-06-02T06:53:20.355Z"},
    "completedDate": {"$date": "2022-06-02T06:53:20.355Z"},
    "status": "SKIPPED"
  },
  {
    "numInserted": 0,
    "numUpdated": 0,
    "_id": "AddNDSMTMProfileTypeToNDSMTMProfileMigration",
    "numDeleted": 0,
    "startDate": {"$date": "2022-06-02T06:53:20.359Z"},
    "completedDate": {"$date": "2022-06-02T06:53:20.359Z"},
    "status": "SKIPPED"
  },
  {
    "numInserted": 0,
    "numUpdated": 0,
    "_id": "RemoveInternalFederationSettingsMigration",
    "numDeleted": 0,
    "startDate": {"$date": "2022-06-02T06:53:20.362Z"},
    "completedDate": {"$date": "2022-06-02T06:53:20.362Z"},
    "status": "SKIPPED"
  },
  {
    "numInserted": 0,
    "numUpdated": 0,
    "_id": "RemoveCpsAzureIncrementalSnapshotFeatureFlagMigration",
    "numDeleted": 0,
    "startDate": {"$date": "2022-06-02T06:53:20.367Z"},
    "completedDate": {"$date": "2022-06-02T06:53:20.367Z"},
    "status": "SKIPPED"
  },
  {
    "numInserted": 0,
    "numUpdated": 0,
    "_id": "RemoveCpsAwsOplogEncryptionFeatureFlagMigration",
    "numDeleted": 0,
    "startDate": {"$date": "2022-06-02T06:53:20.371Z"},
    "completedDate": {"$date": "2022-06-02T06:53:20.371Z"},
    "status": "SKIPPED"
  },
  {
    "numInserted": 0,
    "numUpdated": 0,
    "_id": "AddHostHasIndexSuggestionsAlertConfigMigration",
    "numDeleted": 0,
    "startDate": {"$date": "2022-06-02T06:53:20.375Z"},
    "completedDate": {"$date": "2022-06-02T06:53:20.375Z"},
    "status": "SKIPPED"
  },
  {
    "numInserted": 0,
    "numUpdated": 0,
    "_id": "NDSGroupEncryptionAtRestAwsKmsRoleIdMigration",
    "numDeleted": 0,
    "startDate": {"$date": "2022-06-02T06:53:20.383Z"},
    "completedDate": {"$date": "2022-06-02T06:53:20.383Z"},
    "status": "SKIPPED"
  },
  {
    "numInserted": 0,
    "numUpdated": 0,
    "_id": "BackupRestoreJobFailureStateMigration",
    "numDeleted": 0,
    "startDate": {"$date": "2022-06-02T06:53:20.39Z"},
    "completedDate": {"$date": "2022-06-02T06:53:20.39Z"},
    "status": "SKIPPED"
  },
  {
    "numInserted": 0,
    "numUpdated": 0,
    "_id": "RemoveAtlas44ClusterFeatureFlagMigration",
    "numDeleted": 0,
    "startDate": {"$date": "2022-06-02T06:53:20.394Z"},
    "completedDate": {"$date": "2022-06-02T06:53:20.394Z"},
    "status": "SKIPPED"
  },
  {
    "numInserted": 0,
    "numUpdated": 0,
    "_id": "RemoveAtlas42UpgradeTo44ClusterFeatureFlagMigration",
    "numDeleted": 0,
    "startDate": {"$date": "2022-06-02T06:53:20.4Z"},
    "completedDate": {"$date": "2022-06-02T06:53:20.4Z"},
    "status": "SKIPPED"
  },
  {
    "numInserted": 0,
    "numUpdated": 0,
    "_id": "RemoveAtlasCertificateManagementRevampedHostnameFeatureFlagsMigration",
    "numDeleted": 0,
    "startDate": {"$date": "2022-06-02T06:53:20.406Z"},
    "completedDate": {"$date": "2022-06-02T06:53:20.406Z"},
    "status": "SKIPPED"
  },
  {
    "numInserted": 0,
    "numUpdated": 0,
    "_id": "ReplicaSetBackupSnapshotGeoRegionsMigration",
    "numDeleted": 0,
    "startDate": {"$date": "2022-06-02T06:53:20.413Z"},
    "completedDate": {"$date": "2022-06-02T06:53:20.413Z"},
    "status": "SKIPPED"
  },
  {
    "numInserted": 0,
    "numUpdated": 0,
    "_id": "BackupJobProviderFieldMigration",
    "numDeleted": 0,
    "startDate": {"$date": "2022-06-02T06:53:20.417Z"},
    "completedDate": {"$date": "2022-06-02T06:53:20.417Z"},
    "status": "SKIPPED"
  },
  {
    "numInserted": 0,
    "numUpdated": 0,
    "_id": "BackupJobQueueProviderFieldMigration",
    "numDeleted": 0,
    "startDate": {"$date": "2022-06-02T06:53:20.421Z"},
    "completedDate": {"$date": "2022-06-02T06:53:20.421Z"},
    "status": "SKIPPED"
  },
  {
    "numInserted": 0,
    "numUpdated": 0,
    "_id": "BackupSnapshotAddProvidersFieldMigration",
    "numDeleted": 0,
    "startDate": {"$date": "2022-06-02T06:53:20.425Z"},
    "completedDate": {"$date": "2022-06-02T06:53:20.425Z"},
    "status": "SKIPPED"
  },
  {
    "numInserted": 0,
    "numUpdated": 0,
    "_id": "AddHostnameSubdomainLevelToClusterDescriptionMigration",
    "numDeleted": 0,
    "startDate": {"$date": "2022-06-02T06:53:20.43Z"},
    "completedDate": {"$date": "2022-06-02T06:53:20.43Z"},
    "status": "SKIPPED"
  },
  {
    "numInserted": 0,
    "numUpdated": 0,
    "_id": "AddSlowLogIngestionHostMetadataMigration",
    "numDeleted": 0,
    "startDate": {"$date": "2022-06-02T06:53:20.434Z"},
    "completedDate": {"$date": "2022-06-02T06:53:20.434Z"},
    "status": "SKIPPED"
  },
  {
    "numInserted": 0,
    "numUpdated": 0,
    "_id": "BackupRestoreJobProviderFieldMigration",
    "numDeleted": 0,
    "startDate": {"$date": "2022-06-02T06:53:20.438Z"},
    "completedDate": {"$date": "2022-06-02T06:53:20.438Z"},
    "status": "SKIPPED"
  },
  {
    "numInserted": 0,
    "numUpdated": 0,
    "_id": "RemoveUserNotifiedAboutPauseDateFromClusterDescriptionMigration",
    "numDeleted": 0,
    "startDate": {"$date": "2022-06-02T06:53:20.441Z"},
    "completedDate": {"$date": "2022-06-02T06:53:20.441Z"},
    "status": "SKIPPED"
  },
  {
    "numInserted": 0,
    "numUpdated": 0,
    "_id": "RemoveClusterLevelDatabaseUsersFeatureFlagMigration",
    "numDeleted": 0,
    "startDate": {"$date": "2022-06-02T06:53:20.445Z"},
    "completedDate": {"$date": "2022-06-02T06:53:20.445Z"},
    "status": "SKIPPED"
  },
  {
    "numInserted": 0,
    "numUpdated": 0,
    "_id": "AddClusterDescriptionFieldsForFreezeIdleFreeTierMigration",
    "numDeleted": 0,
    "startDate": {"$date": "2022-06-02T06:53:20.449Z"},
    "completedDate": {"$date": "2022-06-02T06:53:20.449Z"},
    "status": "SKIPPED"
  },
  {
    "numInserted": 0,
    "numUpdated": 0,
    "_id": "AddHostSecurityCheckupAlertConfigMigration",
    "numDeleted": 0,
    "startDate": {"$date": "2022-06-02T06:53:20.454Z"},
    "completedDate": {"$date": "2022-06-02T06:53:20.454Z"},
    "status": "SKIPPED"
  },
  {
    "numInserted": 0,
    "numUpdated": 0,
    "_id": "RemoveAtlasUnifyCloudProviderAccessFeatureFlagMigration",
    "numDeleted": 0,
    "startDate": {"$date": "2022-06-02T06:53:20.462Z"},
    "completedDate": {"$date": "2022-06-02T06:53:20.462Z"},
    "status": "SKIPPED"
  },
  {
    "numInserted": 0,
    "numUpdated": 0,
    "_id": "AddAzurePrivateLinkConnectionToAzureCloudProviderContainerMigration",
    "numDeleted": 0,
    "startDate": {"$date": "2022-06-02T06:53:20.467Z"},
    "completedDate": {"$date": "2022-06-02T06:53:20.467Z"},
    "status": "SKIPPED"
  },
  {
    "numInserted": 0,
    "numUpdated": 0,
    "_id": "IncreaseNDSM0ClusterActivityTTLIndexMigration",
    "numDeleted": 0,
    "startDate": {"$date": "2022-06-02T06:53:20.473Z"},
    "completedDate": {"$date": "2022-06-02T06:53:20.473Z"},
    "status": "COMPLETE"
  },
  {
    "numInserted": 0,
    "numUpdated": 0,
    "_id": "UpdateClusterDescriptionAutoScalingForAutoIndexingMigration",
    "numDeleted": 0,
    "startDate": {"$date": "2022-06-02T06:53:20.477Z"},
    "completedDate": {"$date": "2022-06-02T06:53:20.477Z"},
    "status": "SKIPPED"
  },
  {
    "numInserted": 0,
    "numUpdated": 0,
    "_id": "NDSGroupSshKeysFieldsMigration",
    "numDeleted": 0,
    "startDate": {"$date": "2022-06-02T06:53:20.485Z"},
    "completedDate": {"$date": "2022-06-02T06:53:20.485Z"},
    "status": "SKIPPED"
  },
  {
    "numInserted": 0,
    "numUpdated": 0,
    "_id": "RemoveEmptyOnlineArchiveDataLakeConfigsMigration",
    "numDeleted": 0,
    "startDate": {"$date": "2022-06-02T06:53:20.489Z"},
    "completedDate": {"$date": "2022-06-02T06:53:20.489Z"},
    "status": "SKIPPED"
  },
  {
    "numInserted": 0,
    "numUpdated": 0,
    "_id": "CopyOrgPlanFromOrgDaoMigration",
    "numDeleted": 0,
    "startDate": {"$date": "2022-06-02T06:53:20.494Z"},
    "completedDate": {"$date": "2022-06-02T06:53:20.496Z"},
    "status": "COMPLETE"
  },
  {
    "numInserted": 0,
    "numUpdated": 0,
    "_id": "DropGcpBillingUsageGroupIdTypeStartTimeIndexMigration",
    "numDeleted": 0,
    "startDate": {"$date": "2022-06-02T06:53:20.499Z"},
    "completedDate": {"$date": "2022-06-02T06:53:20.499Z"},
    "status": "COMPLETE"
  },
  {
    "numInserted": 0,
    "numUpdated": 0,
    "_id": "DropAzureBillingUsageStartTimeGroupIdEndTimeIndexMigration",
    "numDeleted": 0,
    "startDate": {"$date": "2022-06-02T06:53:20.505Z"},
    "completedDate": {"$date": "2022-06-02T06:53:20.505Z"},
    "status": "COMPLETE"
  },
  {
    "numInserted": 0,
    "numUpdated": 0,
    "_id": "AddInvoiceTypeFieldMigration",
    "numDeleted": 0,
    "startDate": {"$date": "2022-06-02T06:53:20.514Z"},
    "completedDate": {"$date": "2022-06-02T06:53:20.514Z"},
    "status": "SKIPPED"
  },
  {
    "numInserted": 0,
    "numUpdated": 0,
    "_id": "CopyOrgPlanFromOrgDaoAgainMigration",
    "numDeleted": 0,
    "startDate": {"$date": "2022-06-02T06:53:20.517Z"},
    "completedDate": {"$date": "2022-06-02T06:53:20.518Z"},
    "status": "COMPLETE"
  },
  {
    "numInserted": 0,
    "numUpdated": 0,
    "_id": "AddSelfServeProToRetentionPolicyMigration",
    "numDeleted": 0,
    "startDate": {"$date": "2022-06-02T06:53:20.523Z"},
    "completedDate": {"$date": "2022-06-02T06:53:20.523Z"},
    "status": "SKIPPED"
  },
  {
    "numInserted": 0,
    "numUpdated": 0,
    "_id": "RemoveProviderFieldFromBackupSnapshotMigration",
    "numDeleted": 0,
    "startDate": {"$date": "2022-06-02T06:53:20.532Z"},
    "completedDate": {"$date": "2022-06-02T06:53:20.532Z"},
    "status": "SKIPPED"
  },
  {
    "numInserted": 0,
    "numUpdated": 0,
    "_id": "RemoveProviderFieldFromBackupJobMigration",
    "numDeleted": 0,
    "startDate": {"$date": "2022-06-02T06:53:20.536Z"},
    "completedDate": {"$date": "2022-06-02T06:53:20.536Z"},
    "status": "SKIPPED"
  },
  {
    "numInserted": 0,
    "numUpdated": 0,
    "_id": "RemoveProviderFieldFromQueuedBackupJobMigration",
    "numDeleted": 0,
    "startDate": {"$date": "2022-06-02T06:53:20.539Z"},
    "completedDate": {"$date": "2022-06-02T06:53:20.539Z"},
    "status": "SKIPPED"
  },
  {
    "numInserted": 0,
    "numUpdated": 0,
    "_id": "RemoveCloudProviderFieldFromShardedClusterBackupRestoreJobMigration",
    "numDeleted": 0,
    "startDate": {"$date": "2022-06-02T06:53:20.545Z"},
    "completedDate": {"$date": "2022-06-02T06:53:20.545Z"},
    "status": "SKIPPED"
  },
  {
    "numInserted": 0,
    "numUpdated": 0,
    "_id": "AddDateFormatToDateCriteriaMigration",
    "numDeleted": 0,
    "startDate": {"$date": "2022-06-02T06:53:20.554Z"},
    "completedDate": {"$date": "2022-06-02T06:53:20.554Z"},
    "status": "SKIPPED"
  },
  {
    "numInserted": 0,
    "numUpdated": 0,
    "_id": "DropRestoreJobTypeProgressCurrentPhaseIndexMigration",
    "numDeleted": 0,
    "startDate": {"$date": "2022-06-02T06:53:20.561Z"},
    "completedDate": {"$date": "2022-06-02T06:53:20.561Z"},
    "status": "COMPLETE"
  },
  {
    "numInserted": 0,
    "numUpdated": 0,
    "_id": "DropLegacyUniquenessIndexFromMTMProfileMigration",
    "numDeleted": 0,
    "startDate": {"$date": "2022-06-02T06:53:20.564Z"},
    "completedDate": {"$date": "2022-06-02T06:53:20.564Z"},
    "status": "COMPLETE"
  },
  {
    "numInserted": 0,
    "numUpdated": 0,
    "_id": "SetAzureGCPHostnameSubdomainLevelMigration",
    "numDeleted": 0,
    "startDate": {"$date": "2022-06-02T06:53:20.569Z"},
    "completedDate": {"$date": "2022-06-02T06:53:20.569Z"},
    "status": "SKIPPED"
  },
  {
    "numInserted": 0,
    "numUpdated": 0,
    "_id": "AddAcceptedCNRegionsTermsOfServiceFieldToOrganizationMigration",
    "numDeleted": 0,
    "startDate": {"$date": "2022-06-02T06:53:20.573Z"},
    "completedDate": {"$date": "2022-06-02T06:53:20.573Z"},
    "status": "SKIPPED"
  },
  {
    "numInserted": 0,
    "numUpdated": 0,
    "_id": "AddUseCNRegionsOnlyFieldToGroupMigration",
    "numDeleted": 0,
    "startDate": {"$date": "2022-06-02T06:53:20.577Z"},
    "completedDate": {"$date": "2022-06-02T06:53:20.577Z"},
    "status": "SKIPPED"
  },
  {
    "numInserted": 0,
    "numUpdated": 0,
    "_id": "RemoveAtlasAzurePrivateLinkFeatureFlagMigration",
    "numDeleted": 0,
    "startDate": {"$date": "2022-06-02T06:53:20.58Z"},
    "completedDate": {"$date": "2022-06-02T06:53:20.58Z"},
    "status": "SKIPPED"
  },
  {
    "numInserted": 0,
    "numUpdated": 0,
    "_id": "AddUseCNRegionsOnlyFieldToNDSGroupMigration",
    "numDeleted": 0,
    "startDate": {"$date": "2022-06-02T06:53:20.584Z"},
    "completedDate": {"$date": "2022-06-02T06:53:20.584Z"},
    "status": "SKIPPED"
  },
  {
    "numInserted": 0,
    "numUpdated": 0,
    "_id": "RemoveIsMTMHolderFieldFromNDSGroupMigration",
    "numDeleted": 0,
    "startDate": {"$date": "2022-06-02T06:53:20.588Z"},
    "completedDate": {"$date": "2022-06-02T06:53:20.588Z"},
    "status": "SKIPPED"
  },
  {
    "numInserted": 0,
    "numUpdated": 0,
    "_id": "DeleteNonDataBearingSlowLogIngestionHostMetadataMigration",
    "numDeleted": 0,
    "startDate": {"$date": "2022-06-02T06:53:20.595Z"},
    "completedDate": {"$date": "2022-06-02T06:53:20.595Z"},
    "status": "SKIPPED"
  },
  {
    "numInserted": 0,
    "numUpdated": 0,
    "_id": "DropIsMTMHolderIndexFromNDSGroupMigration",
    "numDeleted": 0,
    "startDate": {"$date": "2022-06-02T06:53:20.6Z"},
    "completedDate": {"$date": "2022-06-02T06:53:20.6Z"},
    "status": "COMPLETE"
  },
  {
    "numInserted": 0,
    "numUpdated": 0,
    "_id": "RemoveAtlasCrossCloudReplicationFeatureFlagMigration",
    "numDeleted": 0,
    "startDate": {"$date": "2022-06-02T06:53:20.607Z"},
    "completedDate": {"$date": "2022-06-02T06:53:20.607Z"},
    "status": "SKIPPED"
  },
  {
    "numInserted": 0,
    "numUpdated": 0,
    "_id": "MoveBackupCursorDescriptionMigration",
    "numDeleted": 0,
    "startDate": {"$date": "2022-06-02T06:53:20.611Z"},
    "completedDate": {"$date": "2022-06-02T06:53:20.611Z"},
    "status": "SKIPPED"
  },
  {
    "numInserted": 0,
    "numUpdated": 0,
    "_id": "AddBlockSizeToBackupCursorDescriptionMigration",
    "numDeleted": 0,
    "startDate": {"$date": "2022-06-02T06:53:20.615Z"},
    "completedDate": {"$date": "2022-06-02T06:53:20.615Z"},
    "status": "SKIPPED"
  },
  {
    "numInserted": 0,
    "numUpdated": 0,
    "_id": "AddEmptyIsolationGroupIdsToMtmClustersMigration",
    "numDeleted": 0,
    "startDate": {"$date": "2022-06-02T06:53:20.619Z"},
    "completedDate": {"$date": "2022-06-02T06:53:20.619Z"},
    "status": "SKIPPED"
  },
  {
    "numInserted": 0,
    "numUpdated": 0,
    "_id": "DropAutoIndexingConfigIndexMigration",
    "numDeleted": 0,
    "startDate": {"$date": "2022-06-02T06:53:20.622Z"},
    "completedDate": {"$date": "2022-06-02T06:53:20.622Z"},
    "status": "COMPLETE"
  },
  {
    "numInserted": 0,
    "numUpdated": 0,
    "_id": "DropAutoIndexingIndexMigration",
    "numDeleted": 0,
    "startDate": {"$date": "2022-06-02T06:53:20.628Z"},
    "completedDate": {"$date": "2022-06-02T06:53:20.628Z"},
    "status": "COMPLETE"
  },
  {
    "numInserted": 0,
    "numUpdated": 0,
    "_id": "DropNonUniqueAutoIndexingConfigIndexMigration",
    "numDeleted": 0,
    "startDate": {"$date": "2022-06-02T06:53:20.633Z"},
    "completedDate": {"$date": "2022-06-02T06:53:20.633Z"},
    "status": "COMPLETE"
  },
  {
    "numInserted": 0,
    "numUpdated": 0,
    "_id": "DropNonUniqueAutoIndexingIndexesIndexMigration",
    "numDeleted": 0,
    "startDate": {"$date": "2022-06-02T06:53:20.637Z"},
    "completedDate": {"$date": "2022-06-02T06:53:20.637Z"},
    "status": "COMPLETE"
  },
  {
    "numInserted": 0,
    "numUpdated": 0,
    "_id": "AddAcceptedCNRegionsTermsOfServiceDateFieldToOrganizationMigration",
    "numDeleted": 0,
    "startDate": {"$date": "2022-06-02T06:53:20.642Z"},
    "completedDate": {"$date": "2022-06-02T06:53:20.642Z"},
    "status": "SKIPPED"
  },
  {
    "numInserted": 0,
    "numUpdated": 0,
    "_id": "UpdateHostSecurityCheckupAlertConfigIntervalTo1WeekMigration",
    "numDeleted": 0,
    "startDate": {"$date": "2022-06-02T06:53:20.646Z"},
    "completedDate": {"$date": "2022-06-02T06:53:20.646Z"},
    "status": "SKIPPED"
  },
  {
    "numInserted": 0,
    "numUpdated": 0,
    "_id": "AddMigrationTypeToLiveImport",
    "numDeleted": 0,
    "startDate": {"$date": "2022-06-02T06:53:20.65Z"},
    "completedDate": {"$date": "2022-06-02T06:53:20.65Z"},
    "status": "SKIPPED"
  },
  {
    "numInserted": 0,
    "numUpdated": 0,
    "_id": "AddCaFilePathToLiveImport",
    "numDeleted": 0,
    "startDate": {"$date": "2022-06-02T06:53:20.656Z"},
    "completedDate": {"$date": "2022-06-02T06:53:20.656Z"},
    "status": "SKIPPED"
  },
  {
    "numInserted": 0,
    "numUpdated": 0,
    "_id": "RemoveIterativePAFeatureFlagMigration",
    "numDeleted": 0,
    "startDate": {"$date": "2022-06-02T06:53:20.664Z"},
    "completedDate": {"$date": "2022-06-02T06:53:20.664Z"},
    "status": "SKIPPED"
  },
  {
    "numInserted": 0,
    "numUpdated": 0,
    "_id": "RemoveAtlasRegionalizedPrivateLinkFeatureFlagMigration",
    "numDeleted": 0,
    "startDate": {"$date": "2022-06-02T06:53:20.669Z"},
    "completedDate": {"$date": "2022-06-02T06:53:20.669Z"},
    "status": "SKIPPED"
  },
  {
    "numInserted": 0,
    "numUpdated": 0,
    "_id": "AddServerlessMTMAndTenantContextsMigration",
    "numDeleted": 0,
    "startDate": {"$date": "2022-06-02T06:53:20.677Z"},
    "completedDate": {"$date": "2022-06-02T06:53:20.677Z"},
    "status": "SKIPPED"
  },
  {
    "numInserted": 0,
    "numUpdated": 0,
    "_id": "SetProcessRestartRequestedMigration",
    "numDeleted": 0,
    "startDate": {"$date": "2022-06-02T06:53:20.684Z"},
    "completedDate": {"$date": "2022-06-02T06:53:20.684Z"},
    "status": "SKIPPED"
  },
  {
    "numInserted": 0,
    "numUpdated": 0,
    "_id": "RemoveDecoupleProcessChangesFeatureFlagMigration",
    "numDeleted": 0,
    "startDate": {"$date": "2022-06-02T06:53:20.69Z"},
    "completedDate": {"$date": "2022-06-02T06:53:20.69Z"},
    "status": "SKIPPED"
  },
  {
    "numInserted": 0,
    "numUpdated": 0,
    "_id": "ServerlessAutoScalingMigration",
    "numDeleted": 0,
    "startDate": {"$date": "2022-06-02T06:53:20.695Z"},
    "completedDate": {"$date": "2022-06-02T06:53:20.695Z"},
    "status": "SKIPPED"
  },
  {
    "numInserted": 0,
    "numUpdated": 0,
    "_id": "ConvertNDSAuditVersionMigration",
    "numDeleted": 0,
    "startDate": {"$date": "2022-06-02T06:53:20.699Z"},
    "completedDate": {"$date": "2022-06-02T06:53:20.699Z"},
    "status": "SKIPPED"
  },
  {
    "numInserted": 0,
    "numUpdated": 0,
    "_id": "RenameServerlessTenantAutoScalingContextDateFieldsMigration",
    "numDeleted": 0,
    "startDate": {"$date": "2022-06-02T06:53:20.704Z"},
    "completedDate": {"$date": "2022-06-02T06:53:20.704Z"},
    "status": "SKIPPED"
  },
  {
    "numInserted": 0,
    "numUpdated": 0,
    "_id": "AddServerlessTenantAutoScalingContextLastMigrationAttemptIdMigration",
    "numDeleted": 0,
    "startDate": {"$date": "2022-06-02T06:53:20.708Z"},
    "completedDate": {"$date": "2022-06-02T06:53:20.708Z"},
    "status": "SKIPPED"
  },
  {
    "numInserted": 0,
    "numUpdated": 0,
    "_id": "AddPoolIdToServerlessMTMClusterMigration",
    "numDeleted": 0,
    "startDate": {"$date": "2022-06-02T06:53:20.714Z"},
    "completedDate": {"$date": "2022-06-02T06:53:20.714Z"},
    "status": "SKIPPED"
  },
  {
    "numInserted": 0,
    "numUpdated": 0,
    "_id": "RemoveAcceptedCNRegionsTermsOfServiceFieldFromOrganizationMigration",
    "numDeleted": 0,
    "startDate": {"$date": "2022-06-02T06:53:20.718Z"},
    "completedDate": {"$date": "2022-06-02T06:53:20.718Z"},
    "status": "SKIPPED"
  },
  {
    "numInserted": 0,
    "numUpdated": 0,
    "_id": "AddPoolIdToNDSServerlessMTMProfileMigration",
    "numDeleted": 0,
    "startDate": {"$date": "2022-06-02T06:53:20.722Z"},
    "completedDate": {"$date": "2022-06-02T06:53:20.722Z"},
    "status": "SKIPPED"
  },
  {
    "numInserted": 0,
    "numUpdated": 0,
    "_id": "AdjustStaleLastAgentStatusMigration",
    "numDeleted": 0,
    "startDate": {"$date": "2022-06-02T06:53:20.728Z"},
    "completedDate": {"$date": "2022-06-02T06:53:20.728Z"},
    "status": "SKIPPED"
  },
  {
    "numInserted": 0,
    "numUpdated": 0,
    "_id": "DropSlowQueryLogIngestionMetadataIndexMigration",
    "numDeleted": 0,
    "startDate": {"$date": "2022-06-02T06:53:20.731Z"},
    "completedDate": {"$date": "2022-06-02T06:53:20.731Z"},
    "status": "COMPLETE"
  },
  {
    "numInserted": 0,
    "numUpdated": 0,
    "_id": "CreateLastAgentStatusUniqueIndexMigration",
    "numDeleted": 0,
    "startDate": {"$date": "2022-06-02T06:53:20.736Z"},
    "completedDate": {"$date": "2022-06-02T06:53:20.773Z"},
    "status": "COMPLETE"
  },
  {
    "numInserted": 0,
    "numUpdated": 0,
    "_id": "RemoveSshKeysFeatureFlagMigration",
    "numDeleted": 0,
    "startDate": {"$date": "2022-06-02T06:53:20.78Z"},
    "completedDate": {"$date": "2022-06-02T06:53:20.78Z"},
    "status": "SKIPPED"
  },
  {
    "numInserted": 0,
    "numUpdated": 0,
    "_id": "RemoveProcessRestartRequestedFieldMigration",
    "numDeleted": 0,
    "startDate": {"$date": "2022-06-02T06:53:20.783Z"},
    "completedDate": {"$date": "2022-06-02T06:53:20.783Z"},
    "status": "SKIPPED"
  },
  {
    "numInserted": 0,
    "numUpdated": 0,
    "_id": "ServerlessExcludeFromPoolMigration",
    "numDeleted": 0,
    "startDate": {"$date": "2022-06-02T06:53:20.787Z"},
    "completedDate": {"$date": "2022-06-02T06:53:20.787Z"},
    "status": "SKIPPED"
  },
  {
    "numInserted": 0,
    "numUpdated": 0,
    "_id": "DropLastAgentStatusAgentHostnameIndexMigration",
    "numDeleted": 0,
    "startDate": {"$date": "2022-06-02T06:53:20.791Z"},
    "completedDate": {"$date": "2022-06-02T06:53:20.791Z"},
    "status": "COMPLETE"
  },
  {
    "numInserted": 0,
    "numUpdated": 0,
    "_id": "RemoveOnlineArchiveCustomCriteriaFeatureFlagMigration",
    "numDeleted": 0,
    "startDate": {"$date": "2022-06-02T06:53:20.801Z"},
    "completedDate": {"$date": "2022-06-02T06:53:20.801Z"},
    "status": "SKIPPED"
  },
  {
    "numInserted": 0,
    "numUpdated": 0,
    "_id": "RemoveAtlasM10M20FTSFeatureFlagMigration",
    "numDeleted": 0,
    "startDate": {"$date": "2022-06-02T06:53:20.804Z"},
    "completedDate": {"$date": "2022-06-02T06:53:20.804Z"},
    "status": "SKIPPED"
  },
  {
    "numInserted": 0,
    "numUpdated": 0,
    "_id": "AddLoadCheckDatesToServerlessMTMClusterMigration",
    "numDeleted": 0,
    "startDate": {"$date": "2022-06-02T06:53:20.807Z"},
    "completedDate": {"$date": "2022-06-02T06:53:20.807Z"},
    "status": "SKIPPED"
  },
  {
    "numInserted": 0,
    "numUpdated": 0,
    "_id": "DropAutomationConfigArchiveCollectionMigration",
    "numDeleted": 0,
    "startDate": {"$date": "2022-06-02T06:53:20.818Z"},
    "completedDate": {"$date": "2022-06-02T06:53:20.818Z"},
    "status": "SKIPPED"
  },
  {
    "numInserted": 0,
    "numUpdated": 0,
    "_id": "DropCpsAgentAuditCollectionMigration",
    "numDeleted": 0,
    "startDate": {"$date": "2022-06-02T06:53:20.826Z"},
    "completedDate": {"$date": "2022-06-02T06:53:20.826Z"},
    "status": "SKIPPED"
  },
  {
    "numInserted": 0,
    "numUpdated": 0,
    "_id": "RemoveMultiCloudGlobalClusterFeatureFlagMigration",
    "numDeleted": 0,
    "startDate": {"$date": "2022-06-02T06:53:20.83Z"},
    "completedDate": {"$date": "2022-06-02T06:53:20.83Z"},
    "status": "SKIPPED"
  },
  {
    "numInserted": 0,
    "numUpdated": 0,
    "_id": "RemoveGCPSmallerCIDRFeatureFlagMigration",
    "numDeleted": 0,
    "startDate": {"$date": "2022-06-02T06:53:20.834Z"},
    "completedDate": {"$date": "2022-06-02T06:53:20.834Z"},
    "status": "SKIPPED"
  },
  {
    "numInserted": 0,
    "numUpdated": 0,
    "_id": "AdjustStaleAutomationAgentAuditMigration",
    "numDeleted": 0,
    "startDate": {"$date": "2022-06-02T06:53:20.838Z"},
    "completedDate": {"$date": "2022-06-02T06:53:20.838Z"},
    "status": "SKIPPED"
  },
  {
    "numInserted": 0,
    "numUpdated": 0,
    "_id": "CreateAutomationAgentAuditUniqueIndexMigration",
    "numDeleted": 0,
    "startDate": {"$date": "2022-06-02T06:53:20.841Z"},
    "completedDate": {"$date": "2022-06-02T06:53:20.86Z"},
    "status": "COMPLETE"
  },
  {
    "numInserted": 0,
    "numUpdated": 0,
    "_id": "UpdateServerlessMTMAutoScalingContextMigration",
    "numDeleted": 0,
    "startDate": {"$date": "2022-06-02T06:53:20.864Z"},
    "completedDate": {"$date": "2022-06-02T06:53:20.864Z"},
    "status": "SKIPPED"
  },
  {
    "numInserted": 0,
    "numUpdated": 0,
    "_id": "RemoveCloudProvidersFieldFromBackupJobMigration",
    "numDeleted": 0,
    "startDate": {"$date": "2022-06-02T06:53:20.87Z"},
    "completedDate": {"$date": "2022-06-02T06:53:20.87Z"},
    "status": "SKIPPED"
  },
  {
    "numInserted": 0,
    "numUpdated": 0,
    "_id": "RemoveCloudProvidersFieldFromBackupJobQueueMigration",
    "numDeleted": 0,
    "startDate": {"$date": "2022-06-02T06:53:20.874Z"},
    "completedDate": {"$date": "2022-06-02T06:53:20.874Z"},
    "status": "SKIPPED"
  },
  {
    "numInserted": 0,
    "numUpdated": 0,
    "_id": "AddAutoScalingFieldsToServerlessMTMPoolMigration",
    "numDeleted": 0,
    "startDate": {"$date": "2022-06-02T06:53:20.878Z"},
    "completedDate": {"$date": "2022-06-02T06:53:20.878Z"},
    "status": "SKIPPED"
  },
  {
    "numInserted": 0,
    "numUpdated": 0,
    "_id": "ClusterDescriptionUpdateI3MetalFamilyMigration",
    "numDeleted": 0,
    "startDate": {"$date": "2022-06-02T06:53:20.892Z"},
    "completedDate": {"$date": "2022-06-02T06:53:20.892Z"},
    "status": "SKIPPED"
  },
  {
    "numInserted": 0,
    "numUpdated": 0,
    "_id": "InstanceHardwareUpdateI3MetalFamilyMigration",
    "numDeleted": 0,
    "startDate": {"$date": "2022-06-02T06:53:20.9Z"},
    "completedDate": {"$date": "2022-06-02T06:53:20.9Z"},
    "status": "SKIPPED"
  },
  {
    "numInserted": 0,
    "numUpdated": 0,
    "_id": "ServerlessAddDatabaseLimitCollectionLimitMigration",
    "numDeleted": 0,
    "startDate": {"$date": "2022-06-02T06:53:20.909Z"},
    "completedDate": {"$date": "2022-06-02T06:53:20.909Z"},
    "status": "SKIPPED"
  },
  {
    "numInserted": 0,
    "numUpdated": 0,
    "_id": "SetCloudProviderAccessAuthorizedDateNDSGroupMigration",
    "numDeleted": 0,
    "startDate": {"$date": "2022-06-02T06:53:20.914Z"},
    "completedDate": {"$date": "2022-06-02T06:53:20.914Z"},
    "status": "SKIPPED"
  },
  {
    "numInserted": 0,
    "numUpdated": 0,
    "_id": "DropServerlessTenantMigrationSourceAndTargetIndexesMigration",
    "numDeleted": 0,
    "startDate": {"$date": "2022-06-02T06:53:20.918Z"},
    "completedDate": {"$date": "2022-06-02T06:53:20.918Z"},
    "status": "COMPLETE"
  },
  {
    "numInserted": 0,
    "numUpdated": 0,
    "_id": "ResetIncrementalBlockTrackingMigration",
    "numDeleted": 0,
    "startDate": {"$date": "2022-06-02T06:53:20.925Z"},
    "completedDate": {"$date": "2022-06-02T06:53:20.925Z"},
    "status": "SKIPPED"
  },
  {
    "numInserted": 0,
    "numUpdated": 0,
    "_id": "AddIsolationGroupsToServerlessMTMPoolMigration",
    "numDeleted": 0,
    "startDate": {"$date": "2022-06-02T06:53:20.931Z"},
    "completedDate": {"$date": "2022-06-02T06:53:20.931Z"},
    "status": "SKIPPED"
  },
  {
    "numInserted": 0,
    "numUpdated": 0,
    "_id": "DropNDSMTMProfileIndexMigration",
    "numDeleted": 0,
    "startDate": {"$date": "2022-06-02T06:53:20.935Z"},
    "completedDate": {"$date": "2022-06-02T06:53:20.935Z"},
    "status": "COMPLETE"
  },
  {
    "numInserted": 0,
    "numUpdated": 0,
    "_id": "AddCommercialFedRAMPRegionsOnlyRegionUsageRestrictionMigration",
    "numDeleted": 0,
    "startDate": {"$date": "2022-06-02T06:53:20.939Z"},
    "completedDate": {"$date": "2022-06-02T06:53:20.939Z"},
    "status": "SKIPPED"
  },
  {
    "numInserted": 0,
    "numUpdated": 0,
    "_id": "AddCursorIdRangeToMTMClusterMigration",
    "numDeleted": 0,
    "startDate": {"$date": "2022-06-02T06:53:20.942Z"},
    "completedDate": {"$date": "2022-06-02T06:53:20.942Z"},
    "status": "SKIPPED"
  },
  {
    "numInserted": 0,
    "numUpdated": 0,
    "_id": "AddReplacementDelimiterAndMoreToADLConfigMigration",
    "numDeleted": 0,
    "startDate": {"$date": "2022-06-02T06:53:20.949Z"},
    "completedDate": {"$date": "2022-06-02T06:53:20.949Z"},
    "status": "SKIPPED"
  },
  {
    "numInserted": 0,
    "numUpdated": 0,
    "_id": "RemoveEncryptionAtRestRoleAuthFeatureFlagMigration",
    "numDeleted": 0,
    "startDate": {"$date": "2022-06-02T06:53:20.954Z"},
    "completedDate": {"$date": "2022-06-02T06:53:20.954Z"},
    "status": "SKIPPED"
  },
  {
    "numInserted": 0,
    "numUpdated": 0,
    "_id": "AutomationConfigRemoveDefaultRWConcernMigration",
    "numDeleted": 0,
    "startDate": {"$date": "2022-06-02T06:53:20.958Z"},
    "completedDate": {"$date": "2022-06-02T06:53:20.96Z"},
    "status": "COMPLETE"
  },
  {
    "numInserted": 0,
    "numUpdated": 0,
    "_id": "DropV1ServerlessMetricDatabasesMigration",
    "numDeleted": 0,
    "startDate": {"$date": "2022-06-02T06:53:20.968Z"},
    "completedDate": {"$date": "2022-06-02T06:53:20.968Z"},
    "status": "SKIPPED"
  },
  {
    "numInserted": 0,
    "numUpdated": 0,
    "_id": "RemoveAutomationStaggerMongosRollingRestartFeatureFlagMigration",
    "numDeleted": 0,
    "startDate": {"$date": "2022-06-02T06:53:20.972Z"},
    "completedDate": {"$date": "2022-06-02T06:53:20.972Z"},
    "status": "SKIPPED"
  },
  {
    "numInserted": 0,
    "numUpdated": 0,
    "_id": "RemoveCpsGcpOplogEncryptionFeatureFlagMigration",
    "numDeleted": 0,
    "startDate": {"$date": "2022-06-02T06:53:20.976Z"},
    "completedDate": {"$date": "2022-06-02T06:53:20.976Z"},
    "status": "SKIPPED"
  },
  {
    "numInserted": 0,
    "numUpdated": 0,
    "_id": "RemoveCpsAzureOplogEncryptionFeatureFlagMigration",
    "numDeleted": 0,
    "startDate": {"$date": "2022-06-02T06:53:20.981Z"},
    "completedDate": {"$date": "2022-06-02T06:53:20.981Z"},
    "status": "SKIPPED"
  },
  {
    "numInserted": 0,
    "numUpdated": 0,
    "_id": "RemoveServerlessBypassRequireApiVersionFeatureFlagMigration",
    "numDeleted": 0,
    "startDate": {"$date": "2022-06-02T06:53:20.985Z"},
    "completedDate": {"$date": "2022-06-02T06:53:20.985Z"},
    "status": "SKIPPED"
  },
  {
    "numInserted": 0,
    "numUpdated": 0,
    "_id": "RemovePerformanceAdvisorIndexRemovalFeatureFlagMigration",
    "numDeleted": 0,
    "startDate": {"$date": "2022-06-02T06:53:20.994Z"},
    "completedDate": {"$date": "2022-06-02T06:53:20.994Z"},
    "status": "SKIPPED"
  },
  {
    "numInserted": 0,
    "numUpdated": 0,
    "_id": "EnableMongotFtdcLoggingMigration",
    "numDeleted": 0,
    "startDate": {"$date": "2022-06-02T06:53:20.999Z"},
    "completedDate": {"$date": "2022-06-02T06:53:20.999Z"},
    "status": "SKIPPED"
  },
  {
    "numInserted": 0,
    "numUpdated": 0,
    "_id": "RemoveStringIdDocsFromMonitoringAgentAuditsMigration",
    "numDeleted": 0,
    "startDate": {"$date": "2022-06-02T06:53:21.003Z"},
    "completedDate": {"$date": "2022-06-02T06:53:21.003Z"},
    "status": "SKIPPED"
  },
  {
    "numInserted": 0,
    "numUpdated": 0,
    "_id": "AddRcidToNDSProxyAuditsMigration",
    "numDeleted": 0,
    "startDate": {"$date": "2022-06-02T06:53:21.008Z"},
    "completedDate": {"$date": "2022-06-02T06:53:21.008Z"},
    "status": "SKIPPED"
  },
  {
    "numInserted": 0,
    "numUpdated": 0,
    "_id": "AddRcidToNDSBackupAgentSessionsMigration",
    "numDeleted": 0,
    "startDate": {"$date": "2022-06-02T06:53:21.013Z"},
    "completedDate": {"$date": "2022-06-02T06:53:21.013Z"},
    "status": "SKIPPED"
  },
  {
    "numInserted": 0,
    "numUpdated": 0,
    "_id": "AddEffectivePlanTypeToOrganizationMigration",
    "numDeleted": 0,
    "startDate": {"$date": "2022-06-02T06:53:21.018Z"},
    "completedDate": {"$date": "2022-06-02T06:53:21.018Z"},
    "status": "SKIPPED"
  },
  {
    "numInserted": 0,
    "numUpdated": 0,
    "_id": "DropCidUniqueIndexOnNDSProxyAuditsMigration",
    "numDeleted": 0,
    "startDate": {"$date": "2022-06-02T06:53:21.022Z"},
    "completedDate": {"$date": "2022-06-02T06:53:21.022Z"},
    "status": "COMPLETE"
  },
  {
    "numInserted": 0,
    "numUpdated": 0,
    "_id": "ForceFilesystemStoreFullBackupMigration",
    "numDeleted": 0,
    "startDate": {"$date": "2022-06-02T06:53:21.029Z"},
    "completedDate": {"$date": "2022-06-02T06:53:21.029Z"},
    "status": "SKIPPED"
  },
  {
    "numInserted": 0,
    "numUpdated": 0,
    "_id": "ForceFilesystemStoreFullBackupRenamedMigration",
    "numDeleted": 0,
    "startDate": {"$date": "2022-06-02T06:53:21.034Z"},
    "completedDate": {"$date": "2022-06-02T06:53:21.034Z"},
    "status": "SKIPPED"
  },
  {
    "numInserted": 0,
    "numUpdated": 0,
    "_id": "DeleteAlertConfigWithServerPoolRequestEventMigration",
    "numDeleted": 0,
    "startDate": {"$date": "2022-06-02T06:53:21.043Z"},
    "completedDate": {"$date": "2022-06-02T06:53:21.043Z"},
    "status": "SKIPPED"
  },
  {
    "numInserted": 0,
    "numUpdated": 0,
    "_id": "DropNDSBackupAgentSessionsOnMmsDbConfigMigration",
    "numDeleted": 0,
    "startDate": {"$date": "2022-06-02T06:53:21.051Z"},
    "completedDate": {"$date": "2022-06-02T06:53:21.051Z"},
    "status": "SKIPPED"
  },
  {
    "numInserted": 0,
    "numUpdated": 0,
    "_id": "CreateNewCollectionAndCopyOverDocsBackupAgentSessionsMigration",
    "numDeleted": 0,
    "startDate": {"$date": "2022-06-02T06:53:21.054Z"},
    "completedDate": {"$date": "2022-06-02T06:53:21.054Z"},
    "status": "SKIPPED"
  },
  {
    "numInserted": 0,
    "numUpdated": 0,
    "_id": "CreateNewCollectionAndCopyOverDocsBackupAgentAuditsMigration",
    "numDeleted": 0,
    "startDate": {"$date": "2022-06-02T06:53:21.062Z"},
    "completedDate": {"$date": "2022-06-02T06:53:21.062Z"},
    "status": "SKIPPED"
  },
  {
    "numInserted": 0,
    "numUpdated": 0,
    "_id": "CreateNewCollectionAndCopyOverDocsMonitoringAgentAuditsMigration",
    "numDeleted": 0,
    "startDate": {"$date": "2022-06-02T06:53:21.067Z"},
    "completedDate": {"$date": "2022-06-02T06:53:21.067Z"},
    "status": "SKIPPED"
  },
  {
    "numInserted": 0,
    "numUpdated": 0,
    "_id": "AddPrioritiesToBackupBlockstoreJobsMigration44",
    "numDeleted": 0,
    "startDate": {"$date": "2022-06-02T06:53:21.07Z"},
    "completedDate": {"$date": "2022-06-02T06:53:21.07Z"},
    "status": "SKIPPED"
  },
  {
    "numInserted": 0,
    "numUpdated": 0,
    "_id": "AddPrioritiesToBackupBlockstoreJobsMigration",
    "numDeleted": 0,
    "startDate": {"$date": "2022-06-02T06:53:21.074Z"},
    "completedDate": {"$date": "2022-06-02T06:53:21.074Z"},
    "status": "SKIPPED"
  },
  {
    "numInserted": 0,
    "numUpdated": 0,
    "_id": "RemoveTeamsClassNameFromGroupMigration",
    "numDeleted": 0,
    "startDate": {"$date": "2022-06-02T06:53:21.078Z"},
    "completedDate": {"$date": "2022-06-02T06:53:21.078Z"},
    "status": "SKIPPED"
  },
  {
    "numInserted": 0,
    "numUpdated": 0,
    "_id": "RemovePwdBlockstoreConfigWhenX509AuthEnabledMigration44",
    "numDeleted": 0,
    "startDate": {"$date": "2022-06-02T06:53:21.082Z"},
    "completedDate": {"$date": "2022-06-02T06:53:21.082Z"},
    "status": "SKIPPED"
  },
  {
    "numInserted": 0,
    "numUpdated": 0,
    "_id": "RemovePwdBlockstoreConfigWhenX509AuthEnabledMigration",
    "numDeleted": 0,
    "startDate": {"$date": "2022-06-02T06:53:21.085Z"},
    "completedDate": {"$date": "2022-06-02T06:53:21.085Z"},
    "status": "SKIPPED"
  },
  {
    "numInserted": 0,
    "numUpdated": 0,
    "_id": "RemovePwdOplogstoreConfigWhenX509AuthEnabledMigration44",
    "numDeleted": 0,
    "startDate": {"$date": "2022-06-02T06:53:21.09Z"},
    "completedDate": {"$date": "2022-06-02T06:53:21.09Z"},
    "status": "SKIPPED"
  },
  {
    "numInserted": 0,
    "numUpdated": 0,
    "_id": "RemovePwdOplogstoreConfigWhenX509AuthEnabledMigration",
    "numDeleted": 0,
    "startDate": {"$date": "2022-06-02T06:53:21.095Z"},
    "completedDate": {"$date": "2022-06-02T06:53:21.095Z"},
    "status": "SKIPPED"
  },
  {
    "numInserted": 0,
    "numUpdated": 0,
    "_id": "RemovePwdS3BlockstoreConfigWhenX509AuthEnabledMigration44",
    "numDeleted": 0,
    "startDate": {"$date": "2022-06-02T06:53:21.1Z"},
    "completedDate": {"$date": "2022-06-02T06:53:21.1Z"},
    "status": "SKIPPED"
  },
  {
    "numInserted": 0,
    "numUpdated": 0,
    "_id": "RemovePwdS3BlockstoreConfigWhenX509AuthEnabledMigration",
    "numDeleted": 0,
    "startDate": {"$date": "2022-06-02T06:53:21.104Z"},
    "completedDate": {"$date": "2022-06-02T06:53:21.104Z"},
    "status": "SKIPPED"
  },
  {
    "numInserted": 0,
    "numUpdated": 0,
    "_id": "RemovePwdS3OplogstoreConfigWhenX509AuthEnabledMigration44",
    "numDeleted": 0,
    "startDate": {"$date": "2022-06-02T06:53:21.108Z"},
    "completedDate": {"$date": "2022-06-02T06:53:21.108Z"},
    "status": "SKIPPED"
  },
  {
    "numInserted": 0,
    "numUpdated": 0,
    "_id": "RemovePwdS3OplogstoreConfigWhenX509AuthEnabledMigration",
    "numDeleted": 0,
    "startDate": {"$date": "2022-06-02T06:53:21.113Z"},
    "completedDate": {"$date": "2022-06-02T06:53:21.113Z"},
    "status": "SKIPPED"
  },
  {
    "numInserted": 0,
    "numUpdated": 0,
    "_id": "RemovePwdSyncstoreConfigWhenX509AuthEnabledMigration44",
    "numDeleted": 0,
    "startDate": {"$date": "2022-06-02T06:53:21.117Z"},
    "completedDate": {"$date": "2022-06-02T06:53:21.117Z"},
    "status": "SKIPPED"
  },
  {
    "numInserted": 0,
    "numUpdated": 0,
    "_id": "RemovePwdSyncstoreConfigWhenX509AuthEnabledMigration",
    "numDeleted": 0,
    "startDate": {"$date": "2022-06-02T06:53:21.122Z"},
    "completedDate": {"$date": "2022-06-02T06:53:21.122Z"},
    "status": "SKIPPED"
  },
  {
    "numInserted": 0,
    "numUpdated": 0,
    "_id": "AddAuditLogRotateSettingsToAutomationConfigMigration",
    "numDeleted": 0,
    "startDate": {"$date": "2022-06-02T06:53:21.13Z"},
    "completedDate": {"$date": "2022-06-02T06:53:21.13Z"},
    "status": "SKIPPED"
  },
  {
    "numInserted": 0,
    "numUpdated": 0,
    "_id": "AddPausedDateToPausedFreeClusterDescriptionMigration",
    "numDeleted": 0,
    "startDate": {"$date": "2022-09-09T11:02:31.107Z"},
    "completedDate": {"$date": "2022-09-09T11:02:31.107Z"},
    "status": "SKIPPED"
  },
  {
    "numInserted": 0,
    "numUpdated": 0,
    "_id": "CreateNDSProxyAuditRcidIndexesMigration",
    "numDeleted": 0,
    "startDate": {"$date": "2022-09-09T11:02:31.114Z"},
    "completedDate": {"$date": "2022-09-09T11:02:31.129Z"},
    "status": "COMPLETE"
  },
  {
    "numInserted": 0,
    "numUpdated": 0,
    "_id": "RemoveAtlasDataLakeAdminApiFeatureFlagMigration",
    "numDeleted": 0,
    "startDate": {"$date": "2022-09-09T11:02:31.143Z"},
    "completedDate": {"$date": "2022-09-09T11:02:31.143Z"},
    "status": "SKIPPED"
  },
  {
    "numInserted": 0,
    "numUpdated": 0,
    "_id": "RemoveAgentManagesAtlasProxyFeatureFlagMigration",
    "numDeleted": 0,
    "startDate": {"$date": "2022-09-09T11:02:31.15Z"},
    "completedDate": {"$date": "2022-09-09T11:02:31.15Z"},
    "status": "SKIPPED"
  },
  {
    "numInserted": 0,
    "numUpdated": 0,
    "_id": "DropMonitoringConfigAgentSessionCollectionMigration",
    "numDeleted": 0,
    "startDate": {"$date": "2022-09-09T11:02:31.17Z"},
    "completedDate": {"$date": "2022-09-09T11:02:31.17Z"},
    "status": "SKIPPED"
  },
  {
    "numInserted": 0,
    "numUpdated": 0,
    "_id": "DropInstanceHardwareHostnameFromReplicaSetHardwareIndexMigration",
    "numDeleted": 0,
    "startDate": {"$date": "2022-09-09T11:02:31.176Z"},
    "completedDate": {"$date": "2022-09-09T11:02:31.176Z"},
    "status": "COMPLETE"
  },
  {
    "numInserted": 0,
    "numUpdated": 0,
    "_id": "DropInstanceHardwareHostnameFromRestoreJobsIndexMigration",
    "numDeleted": 0,
    "startDate": {"$date": "2022-09-09T11:02:31.184Z"},
    "completedDate": {"$date": "2022-09-09T11:02:31.184Z"},
    "status": "COMPLETE"
  },
  {
    "numInserted": 0,
    "numUpdated": 0,
    "_id": "DropInstanceHardwareHostnameFromDataValidationIndexMigration",
    "numDeleted": 0,
    "startDate": {"$date": "2022-09-09T11:02:31.19Z"},
    "completedDate": {"$date": "2022-09-09T11:02:31.19Z"},
    "status": "COMPLETE"
  },
  {
    "numInserted": 0,
    "numUpdated": 0,
    "_id": "InstanceHardwareRemoveHostnameMigration",
    "numDeleted": 0,
    "startDate": {"$date": "2022-09-09T11:02:31.2Z"},
    "completedDate": {"$date": "2022-09-09T11:02:31.2Z"},
    "status": "SKIPPED"
  },
  {
    "numInserted": 0,
    "numUpdated": 0,
    "_id": "ClusterDescriptionRemoveBicHostnameMigration",
    "numDeleted": 0,
    "startDate": {"$date": "2022-09-09T11:02:31.217Z"},
    "completedDate": {"$date": "2022-09-09T11:02:31.217Z"},
    "status": "SKIPPED"
  },
  {
    "numInserted": 0,
    "numUpdated": 0,
    "_id": "DropBackupRestoreJobDaoFindByDeliveryTargetIndexMigration",
    "numDeleted": 0,
    "startDate": {"$date": "2022-09-09T11:02:31.223Z"},
    "completedDate": {"$date": "2022-09-09T11:02:31.223Z"},
    "status": "COMPLETE"
  },
  {
    "numInserted": 0,
    "numUpdated": 0,
    "_id": "AddNewAutoHealingFieldsToInstanceHardwareMigration",
    "numDeleted": 0,
    "startDate": {"$date": "2022-09-09T11:02:31.232Z"},
    "completedDate": {"$date": "2022-09-09T11:02:31.305Z"},
    "status": "COMPLETE"
  },
  {
    "numInserted": 0,
    "numUpdated": 0,
    "_id": "AddGCPPSCRegionGroupsToGCPCloudProviderContainerMigration",
    "numDeleted": 0,
    "startDate": {"$date": "2022-09-09T11:02:31.315Z"},
    "completedDate": {"$date": "2022-09-09T11:02:31.315Z"},
    "status": "SKIPPED"
  },
  {
    "numInserted": 0,
    "numUpdated": 0,
    "_id": "RemoveCPUStealDefaultAlertMigration",
    "numDeleted": 0,
    "startDate": {"$date": "2022-09-09T11:02:31.32Z"},
    "completedDate": {"$date": "2022-09-09T11:02:31.32Z"},
    "status": "SKIPPED"
  },
  {
    "numInserted": 0,
    "numUpdated": 0,
    "_id": "AddCollectionTypeToOnlineArchiveMigration",
    "numDeleted": 0,
    "startDate": {"$date": "2022-09-09T11:02:31.329Z"},
    "completedDate": {"$date": "2022-09-09T11:02:31.329Z"},
    "status": "SKIPPED"
  },
  {
    "numInserted": 0,
    "numUpdated": 1,
    "_id": "AddRcidAndSzToConfigHostClustersMigration",
    "numDeleted": 0,
    "startDate": {"$date": "2022-09-09T11:02:31.34Z"},
    "completedDate": {"$date": "2022-09-09T11:02:31.36Z"},
    "status": "COMPLETE"
  },
  {
    "numInserted": 0,
    "numUpdated": 0,
    "_id": "AddHostMongotCrashingOOMAlertConfigMigration",
    "numDeleted": 0,
    "startDate": {"$date": "2022-09-09T11:02:31.368Z"},
    "completedDate": {"$date": "2022-09-09T11:02:31.368Z"},
    "status": "SKIPPED"
  },
  {
    "numInserted": 0,
    "numUpdated": 0,
    "_id": "RemoveAtlasDataLakeVisualConfigBuilderFeatureFlagMigration",
    "numDeleted": 0,
    "startDate": {"$date": "2022-09-09T11:02:31.373Z"},
    "completedDate": {"$date": "2022-09-09T11:02:31.373Z"},
    "status": "SKIPPED"
  },
  {
    "numInserted": 0,
    "numUpdated": 0,
    "_id": "AddFTSSynonymMTMLimitsMigration",
    "numDeleted": 0,
    "startDate": {"$date": "2022-09-09T11:02:31.378Z"},
    "completedDate": {"$date": "2022-09-09T11:02:31.378Z"},
    "status": "SKIPPED"
  },
  {
    "numInserted": 0,
    "numUpdated": 0,
    "_id": "DropMeterUsageUniqueIndexMigration",
    "numDeleted": 0,
    "startDate": {"$date": "2022-09-09T11:02:31.383Z"},
    "completedDate": {"$date": "2022-09-09T11:02:31.383Z"},
    "status": "COMPLETE"
  },
  {
    "numInserted": 0,
    "numUpdated": 0,
    "_id": "DropV2ServerlessMetricDatabasesMigration",
    "numDeleted": 0,
    "startDate": {"$date": "2022-09-09T11:02:31.394Z"},
    "completedDate": {"$date": "2022-09-09T11:02:31.394Z"},
    "status": "SKIPPED"
  },
  {
    "numInserted": 0,
    "numUpdated": 0,
    "_id": "AddRcidToNDSM0ClusterActivityMigration",
    "numDeleted": 0,
    "startDate": {"$date": "2022-09-09T11:02:31.406Z"},
    "completedDate": {"$date": "2022-09-09T11:02:31.406Z"},
    "status": "SKIPPED"
  },
  {
    "numInserted": 0,
    "numUpdated": 0,
    "_id": "AddFTSFieldLimitMigration",
    "numDeleted": 0,
    "startDate": {"$date": "2022-09-09T11:02:31.414Z"},
    "completedDate": {"$date": "2022-09-09T11:02:31.414Z"},
    "status": "SKIPPED"
  },
  {
    "numInserted": 0,
    "numUpdated": 0,
    "_id": "RemoveAtlasPauseIdleFreeTiersMigration",
    "numDeleted": 0,
    "startDate": {"$date": "2022-09-09T11:02:31.429Z"},
    "completedDate": {"$date": "2022-09-09T11:02:31.429Z"},
    "status": "SKIPPED"
  },
  {
    "numInserted": 0,
    "numUpdated": 0,
    "_id": "AddAndRenameGCPUsageReportFieldsMigration",
    "numDeleted": 0,
    "startDate": {"$date": "2022-09-09T11:02:31.44Z"},
    "completedDate": {"$date": "2022-09-09T11:02:31.44Z"},
    "status": "SKIPPED"
  },
  {
    "numInserted": 0,
    "numUpdated": 0,
    "_id": "RenameGCPUsageReportsCollectionMigration",
    "numDeleted": 0,
    "startDate": {"$date": "2022-09-09T11:02:31.447Z"},
    "completedDate": {"$date": "2022-09-09T11:02:31.45Z"},
    "status": "COMPLETE"
  },
  {
    "numInserted": 0,
    "numUpdated": 0,
    "_id": "RemoveGP3StorageAndRootVolumesFeatureFlagsMigration",
    "numDeleted": 0,
    "startDate": {"$date": "2022-09-09T11:02:31.458Z"},
    "completedDate": {"$date": "2022-09-09T11:02:31.458Z"},
    "status": "SKIPPED"
  },
  {
    "numInserted": 0,
    "numUpdated": 0,
    "_id": "RemoveAtlas50ClusterFeatureFlagMigration",
    "numDeleted": 0,
    "startDate": {"$date": "2022-09-09T11:02:31.464Z"},
    "completedDate": {"$date": "2022-09-09T11:02:31.464Z"},
    "status": "SKIPPED"
  },
  {
    "numInserted": 0,
    "numUpdated": 0,
    "_id": "AddPremiumMonitoringRetentionPolicyMigration",
    "numDeleted": 0,
    "startDate": {"$date": "2022-09-09T11:02:31.469Z"},
    "completedDate": {"$date": "2022-09-09T11:02:31.469Z"},
    "status": "SKIPPED"
  },
  {
    "numInserted": 0,
    "numUpdated": 3,
    "_id": "AddOrgLimitsToOrganizationMigration",
    "numDeleted": 0,
    "startDate": {"$date": "2022-09-09T11:02:31.477Z"},
    "completedDate": {"$date": "2022-09-09T11:02:31.517Z"},
    "status": "COMPLETE"
  },
  {
    "numInserted": 0,
    "numUpdated": 0,
    "_id": "DropBackupRestoreJobDaoFindByDeliveryIndexMigration",
    "numDeleted": 0,
    "startDate": {"$date": "2022-09-09T11:02:31.522Z"},
    "completedDate": {"$date": "2022-09-09T11:02:31.522Z"},
    "status": "COMPLETE"
  },
  {
    "numInserted": 0,
    "numUpdated": 0,
    "_id": "RemoveAtlasServerlessPublicUiFeatureFlagMigration",
    "numDeleted": 0,
    "startDate": {"$date": "2022-09-09T11:02:31.537Z"},
    "completedDate": {"$date": "2022-09-09T11:02:31.537Z"},
    "status": "SKIPPED"
  },
  {
    "numInserted": 0,
    "numUpdated": 0,
    "_id": "RemoveEnhancedSystemMetricsFeatureFlagMigration",
    "numDeleted": 0,
    "startDate": {"$date": "2022-09-09T11:02:31.545Z"},
    "completedDate": {"$date": "2022-09-09T11:02:31.545Z"},
    "status": "SKIPPED"
  },
  {
    "numInserted": 0,
    "numUpdated": 0,
    "_id": "AddVersionToBackupJobMigration",
    "numDeleted": 0,
    "startDate": {"$date": "2022-09-09T11:02:31.555Z"},
    "completedDate": {"$date": "2022-09-09T11:02:31.555Z"},
    "status": "SKIPPED"
  },
  {
    "numInserted": 0,
    "numUpdated": 0,
    "_id": "AddVersionToBackupJobQueueMigration",
    "numDeleted": 0,
    "startDate": {"$date": "2022-09-09T11:02:31.564Z"},
    "completedDate": {"$date": "2022-09-09T11:02:31.564Z"},
    "status": "SKIPPED"
  },
  {
    "numInserted": 0,
    "numUpdated": 0,
    "_id": "ConvertPrivateLinkWaitingForUserToAvailableMigration",
    "numDeleted": 0,
    "startDate": {"$date": "2022-09-09T11:02:31.568Z"},
    "completedDate": {"$date": "2022-09-09T11:02:31.598Z"},
    "status": "COMPLETE"
  },
  {
    "numInserted": 0,
    "numUpdated": 0,
    "_id": "RenameGcpMarketplaceBillingAuditEventFieldsMigration",
    "numDeleted": 0,
    "startDate": {"$date": "2022-09-09T11:02:31.606Z"},
    "completedDate": {"$date": "2022-09-09T11:02:31.606Z"},
    "status": "SKIPPED"
  },
  {
    "numInserted": 0,
    "numUpdated": 0,
    "_id": "RemoveStorageFieldFromDataLakeTenantMigration",
    "numDeleted": 0,
    "startDate": {"$date": "2022-09-09T11:02:31.619Z"},
    "completedDate": {"$date": "2022-09-09T11:02:31.619Z"},
    "status": "SKIPPED"
  },
  {
    "numInserted": 0,
    "numUpdated": 0,
    "_id": "AddVersionToOnlineArchiveMigration",
    "numDeleted": 0,
    "startDate": {"$date": "2022-09-09T11:02:31.624Z"},
    "completedDate": {"$date": "2022-09-09T11:02:31.624Z"},
    "status": "SKIPPED"
  },
  {
    "numInserted": 0,
    "numUpdated": 0,
    "_id": "RemoveCPS42PITFeatureFlagMigration",
    "numDeleted": 0,
    "startDate": {"$date": "2022-09-09T11:02:31.632Z"},
    "completedDate": {"$date": "2022-09-09T11:02:31.632Z"},
    "status": "SKIPPED"
  },
  {
    "numInserted": 0,
    "numUpdated": 0,
    "_id": "UpdatePrepaidCreditTypesToAwsCreditTypesMigration",
    "numDeleted": 0,
    "startDate": {"$date": "2022-09-09T11:02:31.64Z"},
    "completedDate": {"$date": "2022-09-09T11:02:31.64Z"},
    "status": "SKIPPED"
  },
  {
    "numInserted": 0,
    "numUpdated": 0,
    "_id": "RemoveAtlasSearchIndexBuilderFeatureFlagMigration",
    "numDeleted": 0,
    "startDate": {"$date": "2022-09-09T11:02:31.646Z"},
    "completedDate": {"$date": "2022-09-09T11:02:31.646Z"},
    "status": "SKIPPED"
  },
  {
    "numInserted": 0,
    "numUpdated": 0,
    "_id": "RecreateServerlessLoadTTLIndexMigration",
    "numDeleted": 0,
    "startDate": {"$date": "2022-09-09T11:02:31.649Z"},
    "completedDate": {"$date": "2022-09-09T11:02:31.682Z"},
    "status": "COMPLETE"
  },
  {
    "numInserted": 0,
    "numUpdated": 0,
    "_id": "DropUniqueNDSMeterUsageStatusIndexMigration",
    "numDeleted": 0,
    "startDate": {"$date": "2022-09-09T11:02:31.689Z"},
    "completedDate": {"$date": "2022-09-09T11:02:31.689Z"},
    "status": "COMPLETE"
  },
  {
    "numInserted": 0,
    "numUpdated": 0,
    "_id": "DropUniqueIndexOnGCPConnectionRuleForwardingRuleNameMigration",
    "numDeleted": 0,
    "startDate": {"$date": "2022-09-09T11:02:31.702Z"},
    "completedDate": {"$date": "2022-09-09T11:02:31.702Z"},
    "status": "SKIPPED"
  },
  {
    "numInserted": 0,
    "numUpdated": 0,
    "_id": "DropForwardingRuleNameIndexOnGCPConnectionRuleMigration",
    "numDeleted": 0,
    "startDate": {"$date": "2022-09-09T11:02:31.707Z"},
    "completedDate": {"$date": "2022-09-09T11:02:31.707Z"},
    "status": "COMPLETE"
  },
  {
    "numInserted": 0,
    "numUpdated": 0,
    "_id": "ServerlessLoadIdMigration",
    "numDeleted": 0,
    "startDate": {"$date": "2022-09-09T11:02:31.714Z"},
    "completedDate": {"$date": "2022-09-09T11:02:31.715Z"},
    "status": "COMPLETE"
  },
  {
    "numInserted": 0,
    "numUpdated": 2,
    "_id": "AddRcidAndSzToConfigAutomationMigration",
    "numDeleted": 0,
    "startDate": {"$date": "2022-09-09T11:02:31.723Z"},
    "completedDate": {"$date": "2022-09-09T11:02:31.76Z"},
    "status": "COMPLETE"
  },
  {
    "numInserted": 0,
    "numUpdated": 0,
    "_id": "RemoveAtlasDataLakeQueryLogAccessFeatureFlagMigration",
    "numDeleted": 0,
    "startDate": {"$date": "2022-09-09T11:02:31.769Z"},
    "completedDate": {"$date": "2022-09-09T11:02:31.769Z"},
    "status": "SKIPPED"
  },
  {
    "numInserted": 0,
    "numUpdated": 0,
    "_id": "RemoveAtlasLowCPUAutoScaleFeatureFlagMigration",
    "numDeleted": 0,
    "startDate": {"$date": "2022-09-09T11:02:31.776Z"},
    "completedDate": {"$date": "2022-09-09T11:02:31.776Z"},
    "status": "SKIPPED"
  },
  {
    "numInserted": 0,
    "numUpdated": 0,
    "_id": "RemoveAtlasAdminServerlessInstancesFeatureFlagMigration",
    "numDeleted": 0,
    "startDate": {"$date": "2022-09-09T11:02:31.783Z"},
    "completedDate": {"$date": "2022-09-09T11:02:31.783Z"},
    "status": "SKIPPED"
  },
  {
    "numInserted": 0,
    "numUpdated": 0,
    "_id": "RemoveAtlasAutoHealingImprovementsFeatureFlagMigration",
    "numDeleted": 0,
    "startDate": {"$date": "2022-09-09T11:02:31.791Z"},
    "completedDate": {"$date": "2022-09-09T11:02:31.791Z"},
    "status": "SKIPPED"
  },
  {
    "numInserted": 0,
    "numUpdated": 0,
    "_id": "AddCreateDateToAcmeRequestsMigration",
    "numDeleted": 0,
    "startDate": {"$date": "2022-09-09T11:02:31.795Z"},
    "completedDate": {"$date": "2022-09-09T11:02:31.795Z"},
    "status": "SKIPPED"
  },
  {
    "numInserted": 0,
    "numUpdated": 0,
    "_id": "BackFillOrphanedItemFromAdminSnapshotMigration",
    "numDeleted": 0,
    "startDate": {"$date": "2022-09-09T11:02:31.799Z"},
    "completedDate": {"$date": "2022-09-09T11:02:31.799Z"},
    "status": "SKIPPED"
  },
  {
    "numInserted": 0,
    "numUpdated": 0,
    "_id": "RemoveAtlasServerlessInstancesFeatureFlagMigration",
    "numDeleted": 0,
    "startDate": {"$date": "2022-09-09T11:02:31.802Z"},
    "completedDate": {"$date": "2022-09-09T11:02:31.802Z"},
    "status": "SKIPPED"
  },
  {
    "numInserted": 0,
    "numUpdated": 0,
    "_id": "RemoveAtlasServerlessMigrationFastCleanupFeatureFlagMigration",
    "numDeleted": 0,
    "startDate": {"$date": "2022-09-09T11:02:31.807Z"},
    "completedDate": {"$date": "2022-09-09T11:02:31.807Z"},
    "status": "SKIPPED"
  },
  {
    "numInserted": 0,
    "numUpdated": 0,
    "_id": "AddDiscoverDateToLeakedItemsMigration",
    "numDeleted": 0,
    "startDate": {"$date": "2022-09-09T11:02:31.811Z"},
    "completedDate": {"$date": "2022-09-09T11:02:31.849Z"},
    "status": "COMPLETE"
  },
  {
    "numInserted": 0,
    "numUpdated": 0,
    "_id": "AddPrivateNetworkSettingsToNDSGroupMultiUpdateMigration",
    "numDeleted": 0,
    "startDate": {"$date": "2022-09-09T11:02:31.854Z"},
    "completedDate": {"$date": "2022-09-09T11:02:31.886Z"},
    "status": "COMPLETE"
  },
  {
    "numInserted": 0,
    "numUpdated": 0,
    "_id": "AddDefaultServerlessAlertConfigMigration",
    "numDeleted": 0,
    "startDate": {"$date": "2022-09-09T11:02:31.892Z"},
    "completedDate": {"$date": "2022-09-09T11:02:31.892Z"},
    "status": "SKIPPED"
  },
  {
    "numInserted": 0,
    "numUpdated": 0,
    "_id": "ConvertMajorVersionToContinuousDeliveryInNDSServerlessMTMProfileMigration",
    "numDeleted": 0,
    "startDate": {"$date": "2022-09-09T11:02:31.921Z"},
    "completedDate": {"$date": "2022-09-09T11:02:31.921Z"},
    "status": "SKIPPED"
  },
  {
    "numInserted": 0,
    "numUpdated": 0,
    "_id": "RemoveServerlessDataExplorerFeatureFlagMigration",
    "numDeleted": 0,
    "startDate": {"$date": "2022-09-09T11:02:31.93Z"},
    "completedDate": {"$date": "2022-09-09T11:02:31.93Z"},
    "status": "SKIPPED"
  },
  {
    "numInserted": 0,
    "numUpdated": 0,
    "_id": "AddPrivateLinkHostnameToNDSDataLakeTenantMigration",
    "numDeleted": 0,
    "startDate": {"$date": "2022-09-09T11:02:31.94Z"},
    "completedDate": {"$date": "2022-09-09T11:02:31.94Z"},
    "status": "SKIPPED"
  },
  {
    "numInserted": 0,
    "numUpdated": 0,
    "_id": "RemoveGCPPSCFeatureFlagMigration",
    "numDeleted": 0,
    "startDate": {"$date": "2022-09-09T11:02:31.949Z"},
    "completedDate": {"$date": "2022-09-09T11:02:31.949Z"},
    "status": "SKIPPED"
  },
  {
    "numInserted": 0,
    "numUpdated": 0,
    "_id": "RemoveDataLakePrivateLinkFeatureFlagMigration",
    "numDeleted": 0,
    "startDate": {"$date": "2022-09-09T11:02:31.956Z"},
    "completedDate": {"$date": "2022-09-09T11:02:31.956Z"},
    "status": "SKIPPED"
  },
  {
    "numInserted": 0,
    "numUpdated": 0,
    "_id": "RemoveOATimeSeriesFeatureFlagMigration",
    "numDeleted": 0,
    "startDate": {"$date": "2022-09-09T11:02:31.961Z"},
    "completedDate": {"$date": "2022-09-09T11:02:31.961Z"},
    "status": "SKIPPED"
  },
  {
    "numInserted": 0,
    "numUpdated": 0,
    "_id": "RemoveGCPPSCUIFeatureFlagMigration",
    "numDeleted": 0,
    "startDate": {"$date": "2022-09-09T11:02:31.965Z"},
    "completedDate": {"$date": "2022-09-09T11:02:31.965Z"},
    "status": "SKIPPED"
  },
  {
    "numInserted": 0,
    "numUpdated": 0,
    "_id": "EnableNewRegionMappingBackupJobMigration",
    "numDeleted": 0,
    "startDate": {"$date": "2022-09-09T11:02:31.969Z"},
    "completedDate": {"$date": "2022-09-09T11:02:31.969Z"},
    "status": "SKIPPED"
  },
  {
    "numInserted": 0,
    "numUpdated": 0,
    "_id": "RemoveAtlasServerlessInstancesMeteringFeatureFlagMigration",
    "numDeleted": 0,
    "startDate": {"$date": "2022-09-09T11:02:31.984Z"},
    "completedDate": {"$date": "2022-09-09T11:02:31.984Z"},
    "status": "SKIPPED"
  },
  {
    "numInserted": 0,
    "numUpdated": 3,
    "_id": "AddRcidToGroupMigration",
    "numDeleted": 0,
    "startDate": {"$date": "2022-09-09T11:02:31.991Z"},
    "completedDate": {"$date": "2022-09-09T11:02:32.022Z"},
    "status": "COMPLETE"
  },
  {
    "numInserted": 0,
    "numUpdated": 0,
    "_id": "AddWaitingForUserSinceDateToGCPPeerVPCMigration",
    "numDeleted": 0,
    "startDate": {"$date": "2022-09-09T11:02:32.027Z"},
    "completedDate": {"$date": "2022-09-09T11:02:32.027Z"},
    "status": "SKIPPED"
  },
  {
    "numInserted": 0,
    "numUpdated": 0,
    "_id": "DropMTMClusterDaoIndexesMigration",
    "numDeleted": 0,
    "startDate": {"$date": "2022-09-09T11:02:32.036Z"},
    "completedDate": {"$date": "2022-09-09T11:02:32.036Z"},
    "status": "COMPLETE"
  },
  {
    "numInserted": 0,
    "numUpdated": 0,
    "_id": "AddHostDiskSpaceInsufficientForFtsAlertConfigMigration",
    "numDeleted": 0,
    "startDate": {"$date": "2022-09-09T11:02:32.049Z"},
    "completedDate": {"$date": "2022-09-09T11:02:32.049Z"},
    "status": "SKIPPED"
  },
  {
    "numInserted": 0,
    "numUpdated": 0,
    "_id": "UpdateClusterNameUniquePrefixLengthInMTMHolderNDSGroupMigration",
    "numDeleted": 0,
    "startDate": {"$date": "2022-09-09T11:02:32.054Z"},
    "completedDate": {"$date": "2022-09-09T11:02:32.057Z"},
    "status": "COMPLETE"
  },
  {
    "numInserted": 0,
    "numUpdated": 0,
    "_id": "DropNDSMeterUsageStatusQuantityIndexMigration",
    "numDeleted": 0,
    "startDate": {"$date": "2022-09-09T11:02:32.061Z"},
    "completedDate": {"$date": "2022-09-09T11:02:32.061Z"},
    "status": "COMPLETE"
  },
  {
    "numInserted": 0,
    "numUpdated": 0,
    "_id": "RemoveServerlessHostsMigration",
    "numDeleted": 0,
    "startDate": {"$date": "2022-09-09T11:02:32.079Z"},
    "completedDate": {"$date": "2022-09-09T11:02:32.079Z"},
    "status": "SKIPPED"
  },
  {
    "numInserted": 0,
    "numUpdated": 0,
    "_id": "RemoveAtlasMultipleCustomRolesFeatureFlagMigration",
    "numDeleted": 0,
    "startDate": {"$date": "2022-09-09T11:02:32.085Z"},
    "completedDate": {"$date": "2022-09-09T11:02:32.085Z"},
    "status": "SKIPPED"
  },
  {
    "numInserted": 0,
    "numUpdated": 0,
    "_id": "RemoveAtlasTuneSwapAllocationFeatureFlagMigration",
    "numDeleted": 0,
    "startDate": {"$date": "2022-09-09T11:02:32.089Z"},
    "completedDate": {"$date": "2022-09-09T11:02:32.089Z"},
    "status": "SKIPPED"
  },
  {
    "numInserted": 0,
    "numUpdated": 0,
    "_id": "ReallyAddHostMongotCrashingOOMAlertConfigMigration",
    "numDeleted": 0,
    "startDate": {"$date": "2022-09-09T11:02:32.093Z"},
    "completedDate": {"$date": "2022-09-09T11:02:32.093Z"},
    "status": "SKIPPED"
  },
  {
    "numInserted": 0,
    "numUpdated": 0,
    "_id": "DropClusterDescriptionUnusedProviderIndexMigration",
    "numDeleted": 0,
    "startDate": {"$date": "2022-09-09T11:02:32.096Z"},
    "completedDate": {"$date": "2022-09-09T11:02:32.096Z"},
    "status": "COMPLETE"
  },
  {
    "numInserted": 0,
    "numUpdated": 0,
    "_id": "IncreaseNDSServerlessLoadTTLIndexMigration",
    "numDeleted": 0,
    "startDate": {"$date": "2022-09-09T11:02:32.113Z"},
    "completedDate": {"$date": "2022-09-09T11:02:32.113Z"},
    "status": "COMPLETE"
  },
  {
    "numInserted": 0,
    "numUpdated": 0,
    "_id": "DropAWSInstanceSizeProviderCapacitiesCollectionMigration",
    "numDeleted": 0,
    "startDate": {"$date": "2022-09-09T11:02:32.133Z"},
    "completedDate": {"$date": "2022-09-09T11:02:32.133Z"},
    "status": "COMPLETE"
  },
  {
    "numInserted": 0,
    "numUpdated": 0,
    "_id": "DropNDSMeterUsageStatusOtherQuantityIndexMigration",
    "numDeleted": 0,
    "startDate": {"$date": "2022-09-09T11:02:32.139Z"},
    "completedDate": {"$date": "2022-09-09T11:02:32.139Z"},
    "status": "COMPLETE"
  },
  {
    "numInserted": 0,
    "numUpdated": 0,
    "_id": "RemoveCpsSnapshotExportFeatureFlagMigration",
    "numDeleted": 0,
    "startDate": {"$date": "2022-09-09T11:02:32.145Z"},
    "completedDate": {"$date": "2022-09-09T11:02:32.145Z"},
    "status": "SKIPPED"
  },
  {
    "numInserted": 0,
    "numUpdated": 0,
    "_id": "RemovePushLiveMigrationFeatureFlagMigration",
    "numDeleted": 0,
    "startDate": {"$date": "2022-09-09T11:02:32.149Z"},
    "completedDate": {"$date": "2022-09-09T11:02:32.149Z"},
    "status": "SKIPPED"
  },
  {
    "numInserted": 0,
    "numUpdated": 0,
    "_id": "DropUniqueIndexOnServerlessLoadBalancingDeploymentGroupIdMigration",
    "numDeleted": 0,
    "startDate": {"$date": "2022-09-09T11:02:32.155Z"},
    "completedDate": {"$date": "2022-09-09T11:02:32.155Z"},
    "status": "SKIPPED"
  },
  {
    "numInserted": 0,
    "numUpdated": 0,
    "_id": "AddOptimizedConnectionStringMetadataToShardedClustersMigration",
    "numDeleted": 0,
    "startDate": {"$date": "2022-09-09T11:02:32.161Z"},
    "completedDate": {"$date": "2022-09-09T11:02:32.161Z"},
    "status": "SKIPPED"
  },
  {
    "numInserted": 0,
    "numUpdated": 0,
    "_id": "AddDeploymentIdToEnvoyConfigurationMigration",
    "numDeleted": 0,
    "startDate": {"$date": "2022-09-09T11:02:32.168Z"},
    "completedDate": {"$date": "2022-09-09T11:02:32.168Z"},
    "status": "SKIPPED"
  },
  {
    "numInserted": 0,
    "numUpdated": 0,
    "_id": "DropUniqueIndexOnEnvoyConfigurationGroupIdMigration",
    "numDeleted": 0,
    "startDate": {"$date": "2022-09-09T11:02:32.173Z"},
    "completedDate": {"$date": "2022-09-09T11:02:32.173Z"},
    "status": "SKIPPED"
  },
  {
    "numInserted": 0,
    "numUpdated": 0,
    "_id": "AddDeploymentIdToCloudChefConfMigration",
    "numDeleted": 0,
    "startDate": {"$date": "2022-09-09T11:02:32.181Z"},
    "completedDate": {"$date": "2022-09-09T11:02:32.181Z"},
    "status": "SKIPPED"
  },
  {
    "numInserted": 0,
    "numUpdated": 0,
    "_id": "AddEndpointServiceTrackingToServerlessLoadBalancingDeploymentMigration",
    "numDeleted": 0,
    "startDate": {"$date": "2022-09-09T11:02:32.186Z"},
    "completedDate": {"$date": "2022-09-09T11:02:32.186Z"},
    "status": "SKIPPED"
  },
  {
    "numInserted": 0,
    "numUpdated": 0,
    "_id": "DropServerlessLoadBalancingDeploymentGroupIdIndexMigration",
    "numDeleted": 0,
    "startDate": {"$date": "2022-09-09T11:02:32.189Z"},
    "completedDate": {"$date": "2022-09-09T11:02:32.189Z"},
    "status": "COMPLETE"
  },
  {
    "numInserted": 0,
    "numUpdated": 0,
    "_id": "DropNDSMeterUsageStatusOtherUniqueIndexMigration",
    "numDeleted": 0,
    "startDate": {"$date": "2022-09-09T11:02:32.194Z"},
    "completedDate": {"$date": "2022-09-09T11:02:32.194Z"},
    "status": "COMPLETE"
  },
  {
    "numInserted": 0,
    "numUpdated": 0,
    "_id": "AddIngestionDataLandingZoneFieldToAWSAccountsMigration",
    "numDeleted": 0,
    "startDate": {"$date": "2022-09-09T11:02:32.2Z"},
    "completedDate": {"$date": "2022-09-09T11:02:32.2Z"},
    "status": "SKIPPED"
  },
  {
    "numInserted": 0,
    "numUpdated": 0,
    "_id": "AddCDPreferredCpuArchMigration",
    "numDeleted": 0,
    "startDate": {"$date": "2022-09-09T11:02:32.207Z"},
    "completedDate": {"$date": "2022-09-09T11:02:32.207Z"},
    "status": "SKIPPED"
  },
  {
    "numInserted": 0,
    "numUpdated": 0,
    "_id": "DropGCPMarketplaceEntitlementIndexesMigration",
    "numDeleted": 0,
    "startDate": {"$date": "2022-09-09T11:02:32.211Z"},
    "completedDate": {"$date": "2022-09-09T11:02:32.211Z"},
    "status": "COMPLETE"
  },
  {
    "numInserted": 0,
    "numUpdated": 0,
    "_id": "AutomationConfigUnmanage34Migration",
    "numDeleted": 0,
    "startDate": {"$date": "2022-09-09T11:02:32.218Z"},
    "completedDate": {"$date": "2022-09-09T11:02:32.22Z"},
    "status": "COMPLETE"
  },
  {
    "numInserted": 0,
    "numUpdated": 0,
    "_id": "RemoveBackupWtcFilesystemStoreFeatureFlagMigration",
    "numDeleted": 0,
    "startDate": {"$date": "2022-09-09T11:02:32.225Z"},
    "completedDate": {"$date": "2022-09-09T11:02:32.225Z"},
    "status": "SKIPPED"
  },
  {
    "numInserted": 0,
    "numUpdated": 0,
    "_id": "ExtendMTMDailyRetentionPolicyMigration",
    "numDeleted": 0,
    "startDate": {"$date": "2022-09-09T11:02:32.238Z"},
    "completedDate": {"$date": "2022-09-09T11:02:32.238Z"},
    "status": "SKIPPED"
  },
  {
    "numInserted": 0,
    "numUpdated": 0,
    "_id": "ExtendRetentionServerlessDailySnapshotMigration",
    "numDeleted": 0,
    "startDate": {"$date": "2022-09-09T11:02:32.244Z"},
    "completedDate": {"$date": "2022-09-09T11:02:32.244Z"},
    "status": "SKIPPED"
  },
  {
    "numInserted": 0,
    "numUpdated": 0,
    "_id": "RemoveWTCSmallFilesFeatureFlagMigration",
    "numDeleted": 0,
    "startDate": {"$date": "2022-09-09T11:02:32.248Z"},
    "completedDate": {"$date": "2022-09-09T11:02:32.248Z"},
    "status": "SKIPPED"
  },
  {
    "numInserted": 0,
    "numUpdated": 0,
    "_id": "DropPartialUniqueIndexOnEnvoyConfigurationDeploymentIdMigration",
    "numDeleted": 0,
    "startDate": {"$date": "2022-09-09T11:02:32.252Z"},
    "completedDate": {"$date": "2022-09-09T11:02:32.252Z"},
    "status": "SKIPPED"
  },
  {
    "numInserted": 0,
    "numUpdated": 0,
    "_id": "AddNATGatewayToGCPServerlessDeploymentsMigration",
    "numDeleted": 0,
    "startDate": {"$date": "2022-09-09T11:02:32.257Z"},
    "completedDate": {"$date": "2022-09-09T11:02:32.257Z"},
    "status": "SKIPPED"
  },
  {
    "numInserted": 0,
    "numUpdated": 0,
    "_id": "ClusterDescriptionOsTunedFileOverridesMigration",
    "numDeleted": 0,
    "startDate": {"$date": "2022-09-09T11:02:32.266Z"},
    "completedDate": {"$date": "2022-09-09T11:02:32.266Z"},
    "status": "SKIPPED"
  },
  {
    "numInserted": 0,
    "numUpdated": 0,
    "_id": "AddServerlessTenantMigrationCommitTimestampsMigration",
    "numDeleted": 0,
    "startDate": {"$date": "2022-09-09T11:02:32.273Z"},
    "completedDate": {"$date": "2022-09-09T11:02:32.273Z"},
    "status": "SKIPPED"
  },
  {
    "numInserted": 0,
    "numUpdated": 0,
    "_id": "RemoveAtlasPremiumMonitoringFeatureFlagMigration",
    "numDeleted": 0,
    "startDate": {"$date": "2022-09-09T11:02:32.28Z"},
    "completedDate": {"$date": "2022-09-09T11:02:32.28Z"},
    "status": "SKIPPED"
  },
  {
    "numInserted": 0,
    "numUpdated": 0,
    "_id": "RemoveAlternateHomepageFieldFromUserMigration",
    "numDeleted": 0,
    "startDate": {"$date": "2022-09-09T11:02:32.285Z"},
    "completedDate": {"$date": "2022-09-09T11:02:32.285Z"},
    "status": "SKIPPED"
  },
  {
    "numInserted": 0,
    "numUpdated": 0,
    "_id": "DropNDSAdminJobCollectionMigration",
    "numDeleted": 0,
    "startDate": {"$date": "2022-09-09T11:02:32.291Z"},
    "completedDate": {"$date": "2022-09-09T11:02:32.291Z"},
    "status": "SKIPPED"
  },
  {
    "numInserted": 0,
    "numUpdated": 0,
    "_id": "DropNDSAWSInstanceSizeBlacklistCollectionMigration",
    "numDeleted": 0,
    "startDate": {"$date": "2022-09-09T11:02:32.3Z"},
    "completedDate": {"$date": "2022-09-09T11:02:32.3Z"},
    "status": "SKIPPED"
  },
  {
    "numInserted": 0,
    "numUpdated": 0,
    "_id": "DropNDSAWSInstanceSizeProviderCapacityCollectionMigration",
    "numDeleted": 0,
    "startDate": {"$date": "2022-09-09T11:02:32.305Z"},
    "completedDate": {"$date": "2022-09-09T11:02:32.305Z"},
    "status": "SKIPPED"
  },
  {
    "numInserted": 0,
    "numUpdated": 0,
    "_id": "DropNDSBackupJobsCollectionMigration",
    "numDeleted": 0,
    "startDate": {"$date": "2022-09-09T11:02:32.31Z"},
    "completedDate": {"$date": "2022-09-09T11:02:32.31Z"},
    "status": "SKIPPED"
  },
  {
    "numInserted": 0,
    "numUpdated": 0,
    "_id": "DropNDSBackupRestoreJobsCollectionMigration",
    "numDeleted": 0,
    "startDate": {"$date": "2022-09-09T11:02:32.315Z"},
    "completedDate": {"$date": "2022-09-09T11:02:32.315Z"},
    "status": "SKIPPED"
  },
  {
    "numInserted": 0,
    "numUpdated": 0,
    "_id": "DropNDSBackupSnapshotsCollectionMigration",
    "numDeleted": 0,
    "startDate": {"$date": "2022-09-09T11:02:32.32Z"},
    "completedDate": {"$date": "2022-09-09T11:02:32.32Z"},
    "status": "SKIPPED"
  },
  {
    "numInserted": 0,
    "numUpdated": 0,
    "_id": "DropNDSBackupTenantRestoresCollectionMigration",
    "numDeleted": 0,
    "startDate": {"$date": "2022-09-09T11:02:32.325Z"},
    "completedDate": {"$date": "2022-09-09T11:02:32.325Z"},
    "status": "SKIPPED"
  },
  {
    "numInserted": 0,
    "numUpdated": 0,
    "_id": "DropNDSBackupTenantSnapshotsCollectionMigration",
    "numDeleted": 0,
    "startDate": {"$date": "2022-09-09T11:02:32.33Z"},
    "completedDate": {"$date": "2022-09-09T11:02:32.33Z"},
    "status": "SKIPPED"
  },
  {
    "numInserted": 0,
    "numUpdated": 0,
    "_id": "DropNDSChefCallbacksCollectionMigration",
    "numDeleted": 0,
    "startDate": {"$date": "2022-09-09T11:02:32.337Z"},
    "completedDate": {"$date": "2022-09-09T11:02:32.337Z"},
    "status": "SKIPPED"
  },
  {
    "numInserted": 0,
    "numUpdated": 0,
    "_id": "DropNDSChefCloudConfCollectionMigration",
    "numDeleted": 0,
    "startDate": {"$date": "2022-09-09T11:02:32.342Z"},
    "completedDate": {"$date": "2022-09-09T11:02:32.342Z"},
    "status": "SKIPPED"
  },
  {
    "numInserted": 0,
    "numUpdated": 0,
    "_id": "DropNDSCloudProviderSettingsCollectionMigration",
    "numDeleted": 0,
    "startDate": {"$date": "2022-09-09T11:02:32.347Z"},
    "completedDate": {"$date": "2022-09-09T11:02:32.347Z"},
    "status": "SKIPPED"
  },
  {
    "numInserted": 0,
    "numUpdated": 0,
    "_id": "DropNDSClusterDescriptionProcessArgsCollectionMigration",
    "numDeleted": 0,
    "startDate": {"$date": "2022-09-09T11:02:32.351Z"},
    "completedDate": {"$date": "2022-09-09T11:02:32.351Z"},
    "status": "SKIPPED"
  },
  {
    "numInserted": 0,
    "numUpdated": 0,
    "_id": "DropNDSClusterDescriptionsCollectionMigration",
    "numDeleted": 0,
    "startDate": {"$date": "2022-09-09T11:02:32.356Z"},
    "completedDate": {"$date": "2022-09-09T11:02:32.356Z"},
    "status": "SKIPPED"
  },
  {
    "numInserted": 0,
    "numUpdated": 0,
    "_id": "DropNDSClusterDescriptionUpdatesCollectionMigration",
    "numDeleted": 0,
    "startDate": {"$date": "2022-09-09T11:02:32.361Z"},
    "completedDate": {"$date": "2022-09-09T11:02:32.361Z"},
    "status": "SKIPPED"
  },
  {
    "numInserted": 0,
    "numUpdated": 0,
    "_id": "DropNDSCPSBackupCursorFileListsCollectionMigration",
    "numDeleted": 0,
    "startDate": {"$date": "2022-09-09T11:02:32.367Z"},
    "completedDate": {"$date": "2022-09-09T11:02:32.367Z"},
    "status": "SKIPPED"
  },
  {
    "numInserted": 0,
    "numUpdated": 0,
    "_id": "DropNDSFTSIndexConfigsCollectionMigration",
    "numDeleted": 0,
    "startDate": {"$date": "2022-09-09T11:02:32.371Z"},
    "completedDate": {"$date": "2022-09-09T11:02:32.371Z"},
    "status": "SKIPPED"
  },
  {
    "numInserted": 0,
    "numUpdated": 0,
    "_id": "DropNDSGCPInstanceSizeBlacklistCollectionMigration",
    "numDeleted": 0,
    "startDate": {"$date": "2022-09-09T11:02:32.377Z"},
    "completedDate": {"$date": "2022-09-09T11:02:32.377Z"},
    "status": "SKIPPED"
  },
  {
    "numInserted": 0,
    "numUpdated": 0,
    "_id": "DropNDSGCPProjectsCollectionMigration",
    "numDeleted": 0,
    "startDate": {"$date": "2022-09-09T11:02:32.382Z"},
    "completedDate": {"$date": "2022-09-09T11:02:32.382Z"},
    "status": "SKIPPED"
  },
  {
    "numInserted": 0,
    "numUpdated": 0,
    "_id": "DropNDSGroupHostAccessCollectionMigration",
    "numDeleted": 0,
    "startDate": {"$date": "2022-09-09T11:02:32.386Z"},
    "completedDate": {"$date": "2022-09-09T11:02:32.386Z"},
    "status": "SKIPPED"
  },
  {
    "numInserted": 0,
    "numUpdated": 0,
    "_id": "DropNDSGroupsCollectionMigration",
    "numDeleted": 0,
    "startDate": {"$date": "2022-09-09T11:02:32.392Z"},
    "completedDate": {"$date": "2022-09-09T11:02:32.392Z"},
    "status": "SKIPPED"
  },
  {
    "numInserted": 0,
    "numUpdated": 0,
    "_id": "DropNDSLiveImportLocationsCollectionMigration",
    "numDeleted": 0,
    "startDate": {"$date": "2022-09-09T11:02:32.401Z"},
    "completedDate": {"$date": "2022-09-09T11:02:32.401Z"},
    "status": "SKIPPED"
  },
  {
    "numInserted": 0,
    "numUpdated": 0,
    "_id": "DropNDSLiveImportsCollectionMigration",
    "numDeleted": 0,
    "startDate": {"$date": "2022-09-09T11:02:32.406Z"},
    "completedDate": {"$date": "2022-09-09T11:02:32.406Z"},
    "status": "SKIPPED"
  },
  {
    "numInserted": 0,
    "numUpdated": 0,
    "_id": "DropNDSLocalPortsCollectionMigration",
    "numDeleted": 0,
    "startDate": {"$date": "2022-09-09T11:02:32.414Z"},
    "completedDate": {"$date": "2022-09-09T11:02:32.414Z"},
    "status": "SKIPPED"
  },
  {
    "numInserted": 0,
    "numUpdated": 0,
    "_id": "DropNDSLogsCollectionMigration",
    "numDeleted": 0,
    "startDate": {"$date": "2022-09-09T11:02:32.421Z"},
    "completedDate": {"$date": "2022-09-09T11:02:32.421Z"},
    "status": "SKIPPED"
  },
  {
    "numInserted": 0,
    "numUpdated": 0,
    "_id": "DropNDSMTMClustersCollectionMigration",
    "numDeleted": 0,
    "startDate": {"$date": "2022-09-09T11:02:32.429Z"},
    "completedDate": {"$date": "2022-09-09T11:02:32.429Z"},
    "status": "SKIPPED"
  },
  {
    "numInserted": 0,
    "numUpdated": 0,
    "_id": "DropNDSOrphanedItemsCollectionMigration",
    "numDeleted": 0,
    "startDate": {"$date": "2022-09-09T11:02:32.434Z"},
    "completedDate": {"$date": "2022-09-09T11:02:32.434Z"},
    "status": "SKIPPED"
  },
  {
    "numInserted": 0,
    "numUpdated": 0,
    "_id": "DropNDSPlannerPlansCollectionMigration",
    "numDeleted": 0,
    "startDate": {"$date": "2022-09-09T11:02:32.439Z"},
    "completedDate": {"$date": "2022-09-09T11:02:32.439Z"},
    "status": "SKIPPED"
  },
  {
    "numInserted": 0,
    "numUpdated": 0,
    "_id": "DropNDSReplicaSetHardwareCollectionMigration",
    "numDeleted": 0,
    "startDate": {"$date": "2022-09-09T11:02:32.446Z"},
    "completedDate": {"$date": "2022-09-09T11:02:32.446Z"},
    "status": "SKIPPED"
  },
  {
    "numInserted": 0,
    "numUpdated": 0,
    "_id": "DropNDSReservedPortsCollectionMigration",
    "numDeleted": 0,
    "startDate": {"$date": "2022-09-09T11:02:32.452Z"},
    "completedDate": {"$date": "2022-09-09T11:02:32.452Z"},
    "status": "SKIPPED"
  },
  {
    "numInserted": 0,
    "numUpdated": 0,
    "_id": "DropNDSSampleDatasetLoadStatusCollectionMigration",
    "numDeleted": 0,
    "startDate": {"$date": "2022-09-09T11:02:32.459Z"},
    "completedDate": {"$date": "2022-09-09T11:02:32.459Z"},
    "status": "SKIPPED"
  },
  {
    "numInserted": 0,
    "numUpdated": 0,
    "_id": "DropNDSTenantClusterDescriptionUpgradesCollectionMigration",
    "numDeleted": 0,
    "startDate": {"$date": "2022-09-09T11:02:32.465Z"},
    "completedDate": {"$date": "2022-09-09T11:02:32.465Z"},
    "status": "SKIPPED"
  },
  {
    "numInserted": 0,
    "numUpdated": 0,
    "_id": "DropNDSTenantUpgradeStatusCollectionMigration",
    "numDeleted": 0,
    "startDate": {"$date": "2022-09-09T11:02:32.47Z"},
    "completedDate": {"$date": "2022-09-09T11:02:32.47Z"},
    "status": "SKIPPED"
  },
  {
    "numInserted": 0,
    "numUpdated": 0,
    "_id": "DropNDSVersionsCollectionMigration",
    "numDeleted": 0,
    "startDate": {"$date": "2022-09-09T11:02:32.483Z"},
    "completedDate": {"$date": "2022-09-09T11:02:32.483Z"},
    "status": "SKIPPED"
  },
  {
    "numInserted": 0,
    "numUpdated": 0,
    "_id": "RenameIngestionPipelinesCollectionMigration",
    "numDeleted": 0,
    "startDate": {"$date": "2022-09-09T11:02:32.488Z"},
    "completedDate": {"$date": "2022-09-09T11:02:32.488Z"},
    "status": "SKIPPED"
  },
  {
    "numInserted": 0,
    "numUpdated": 0,
    "_id": "AddExportBucketTypeMigration",
    "numDeleted": 0,
    "startDate": {"$date": "2022-09-09T11:02:32.494Z"},
    "completedDate": {"$date": "2022-09-09T11:02:32.494Z"},
    "status": "SKIPPED"
  },
  {
    "numInserted": 0,
    "numUpdated": 0,
    "_id": "DropIngestionPipelineGroupIdPipelineNameIndexMigration",
    "numDeleted": 0,
    "startDate": {"$date": "2022-09-09T11:02:32.497Z"},
    "completedDate": {"$date": "2022-09-09T11:02:32.497Z"},
    "status": "COMPLETE"
  },
  {
    "numInserted": 0,
    "numUpdated": 0,
    "_id": "AddDeletedFieldToIngestionPipelineMigration",
    "numDeleted": 0,
    "startDate": {"$date": "2022-09-09T11:02:32.504Z"},
    "completedDate": {"$date": "2022-09-09T11:02:32.504Z"},
    "status": "SKIPPED"
  },
  {
    "numInserted": 0,
    "numUpdated": 0,
    "_id": "DropIngestionPipelineGroupIdPipelineNameUniqueIndexMigration",
    "numDeleted": 0,
    "startDate": {"$date": "2022-09-09T11:02:32.511Z"},
    "completedDate": {"$date": "2022-09-09T11:02:32.511Z"},
    "status": "COMPLETE"
  },
  {
    "numInserted": 0,
    "numUpdated": 0,
    "_id": "DropBackupAgentSessionsCollectionMigration",
    "numDeleted": 0,
    "startDate": {"$date": "2022-09-09T11:02:32.516Z"},
    "completedDate": {"$date": "2022-09-09T11:02:32.516Z"},
    "status": "SKIPPED"
  },
  {
    "numInserted": 0,
    "numUpdated": 0,
    "_id": "DropBackupAgentAuditsCollectionMigration",
    "numDeleted": 0,
    "startDate": {"$date": "2022-09-09T11:02:32.522Z"},
    "completedDate": {"$date": "2022-09-09T11:02:32.522Z"},
    "status": "SKIPPED"
  },
  {
    "numInserted": 0,
    "numUpdated": 0,
    "_id": "DropCollectedIndexesGroupIdIndexMigration",
    "numDeleted": 0,
    "startDate": {"$date": "2022-09-09T11:02:32.527Z"},
    "completedDate": {"$date": "2022-09-09T11:02:32.527Z"},
    "status": "COMPLETE"
  },
  {
    "numInserted": 0,
    "numUpdated": 0,
    "_id": "DropMonitoringAgentAuditCollectionMigration",
    "numDeleted": 0,
    "startDate": {"$date": "2022-09-09T11:02:32.532Z"},
    "completedDate": {"$date": "2022-09-09T11:02:32.532Z"},
    "status": "SKIPPED"
  },
  {
    "numInserted": 0,
    "numUpdated": 0,
    "_id": "DropThirdPartyRestoreJobDaoIndexMigration",
    "numDeleted": 0,
    "startDate": {"$date": "2022-09-09T11:02:32.535Z"},
    "completedDate": {"$date": "2022-09-09T11:02:32.535Z"},
    "status": "COMPLETE"
  },
  {
    "numInserted": 0,
    "numUpdated": 0,
    "_id": "AddValidationIdToMongoClientJobMigration",
    "numDeleted": 0,
    "startDate": {"$date": "2022-09-09T11:02:32.546Z"},
    "completedDate": {"$date": "2022-09-09T11:02:32.546Z"},
    "status": "SKIPPED"
  }
]