[
  {
    "sourceRetention": {
      "samplePeriodMillis": 10000,
      "retentionMillis": 86400000
    },
    "sampleSinceDate": {"$date": "2022-09-21T02:52:50.842Z"},
    "stateNumber": 445738,
    "measurementType": "HOST",
    "receivedSinceDate": {"$date": "2022-09-21T07:11:50.842Z"},
    "receivedUntilDate": {"$date": "2022-09-21T07:12:50.842Z"},
    "_id": {"$oid": "62a2b202f0a746388ff3fbae"},
    "state": "UNSCHEDULED",
    "destinationRetention": {
      "samplePeriodMillis": 60000,
      "retentionMillis": 604800000
    }
  },
  {
    "sourceRetention": {
      "samplePeriodMillis": 10000,
      "retentionMillis": 86400000
    },
    "sampleSinceDate": {"$date": "2022-09-21T02:52:50.911Z"},
    "stateNumber": 445738,
    "measurementType": "DATABASE",
    "receivedSinceDate": {"$date": "2022-09-21T07:11:50.911Z"},
    "receivedUntilDate": {"$date": "2022-09-21T07:12:50.911Z"},
    "_id": {"$oid": "62a2b202f0a746388ff3fbaf"},
    "state": "UNSCHEDULED",
    "destinationRetention": {
      "samplePeriodMillis": 60000,
      "retentionMillis": 604800000
    }
  },
  {
    "sourceRetention": {
      "samplePeriodMillis": 10000,
      "retentionMillis": 86400000
    },
    "sampleSinceDate": {"$date": "2022-09-21T02:52:50.95Z"},
    "stateNumber": 445737,
    "measurementType": "SERVERLESS",
    "receivedSinceDate": {"$date": "2022-09-21T07:11:50.95Z"},
    "receivedUntilDate": {"$date": "2022-09-21T07:12:50.95Z"},
    "_id": {"$oid": "62a2b202f0a746388ff3fbb0"},
    "state": "UNSCHEDULED",
    "destinationRetention": {
      "samplePeriodMillis": 60000,
      "retentionMillis": 604800000
    }
  },
  {
    "sourceRetention": {
      "samplePeriodMillis": 60000,
      "retentionMillis": 604800000
    },
    "sampleSinceDate": {"$date": "2022-09-20T02:52:50.961Z"},
    "stateNumber": 7428,
    "measurementType": "HOST",
    "receivedSinceDate": {"$date": "2022-09-21T06:52:50.961Z"},
    "receivedUntilDate": {"$date": "2022-09-21T07:52:50.961Z"},
    "_id": {"$oid": "62a2b202f0a746388ff3fbb1"},
    "state": "UNSCHEDULED",
    "destinationRetention": {
      "samplePeriodMillis": 3600000,
      "retentionMillis": 5443200000
    }
  },
  {
    "sourceRetention": {
      "samplePeriodMillis": 60000,
      "retentionMillis": 604800000
    },
    "sampleSinceDate": {"$date": "2022-09-20T02:52:50.97Z"},
    "stateNumber": 7428,
    "measurementType": "DATABASE",
    "receivedSinceDate": {"$date": "2022-09-21T06:52:50.97Z"},
    "receivedUntilDate": {"$date": "2022-09-21T07:52:50.97Z"},
    "_id": {"$oid": "62a2b202f0a746388ff3fbb2"},
    "state": "UNSCHEDULED",
    "destinationRetention": {
      "samplePeriodMillis": 3600000,
      "retentionMillis": 5443200000
    }
  },
  {
    "sourceRetention": {
      "samplePeriodMillis": 60000,
      "retentionMillis": 604800000
    },
    "sampleSinceDate": {"$date": "2022-09-20T02:52:50.975Z"},
    "stateNumber": 7428,
    "measurementType": "SERVERLESS",
    "receivedSinceDate": {"$date": "2022-09-21T06:52:50.975Z"},
    "receivedUntilDate": {"$date": "2022-09-21T07:52:50.975Z"},
    "_id": {"$oid": "62a2b202f0a746388ff3fbb3"},
    "state": "UNSCHEDULED",
    "destinationRetention": {
      "samplePeriodMillis": 3600000,
      "retentionMillis": 5443200000
    }
  },
  {
    "sourceRetention": {
      "samplePeriodMillis": 3600000,
      "retentionMillis": 5443200000
    },
    "sampleSinceDate": {"$date": "2022-09-02T02:52:50.979Z"},
    "stateNumber": 309,
    "measurementType": "HOST",
    "receivedSinceDate": {"$date": "2022-09-21T02:52:50.979Z"},
    "receivedUntilDate": {"$date": "2022-09-22T02:52:50.979Z"},
    "_id": {"$oid": "62a2b202f0a746388ff3fbb4"},
    "state": "UNSCHEDULED",
    "destinationRetention": {
      "samplePeriodMillis": 86400000,
      "retentionMillis": 3153600000000
    }
  },
  {
    "sourceRetention": {
      "samplePeriodMillis": 3600000,
      "retentionMillis": 5443200000
    },
    "sampleSinceDate": {"$date": "2022-09-02T02:52:50.983Z"},
    "stateNumber": 309,
    "measurementType": "DATABASE",
    "receivedSinceDate": {"$date": "2022-09-21T02:52:50.983Z"},
    "receivedUntilDate": {"$date": "2022-09-22T02:52:50.983Z"},
    "_id": {"$oid": "62a2b202f0a746388ff3fbb5"},
    "state": "UNSCHEDULED",
    "destinationRetention": {
      "samplePeriodMillis": 86400000,
      "retentionMillis": 3153600000000
    }
  },
  {
    "sourceRetention": {
      "samplePeriodMillis": 3600000,
      "retentionMillis": 5443200000
    },
    "sampleSinceDate": {"$date": "2022-09-02T02:52:50.991Z"},
    "stateNumber": 309,
    "measurementType": "SERVERLESS",
    "receivedSinceDate": {"$date": "2022-09-21T02:52:50.991Z"},
    "receivedUntilDate": {"$date": "2022-09-22T02:52:50.991Z"},
    "_id": {"$oid": "62a2b202f0a746388ff3fbb6"},
    "state": "UNSCHEDULED",
    "destinationRetention": {
      "samplePeriodMillis": 86400000,
      "retentionMillis": 3153600000000
    }
  }
]