[
  {
    "slices": 65,
    "bytesReceived": 692057471,
    "purpose": "oplogs",
    "resource": "network",
    "oplogs": 346,
    "groupId": {"$oid": "62a2b465f0a746388ff3fef9"},
    "rsId": "AmbankNonprodreplica",
    "uncompressedBytesReceived": 692708020,
    "timeBucket": 1668139200000,
    "_id": {"$oid": "636dc8c12789617228089592"}
  },
  {
    "totalSize": 42064319225,
    "resource": "storage",
    "purpose": "fileSystemStore",
    "takenAtMs": 1668138957124,
    "groupId": {"$oid": "62a2b465f0a746388ff3fef9"},
    "rsId": "AmbankNonprodreplica",
    "timeBucket": 1668138957124,
    "_id": {"$oid": "636dc7cd62ec662234d9f912"}
  },
  {
    "slices": 115,
    "bytesReceived": 1179851256,
    "purpose": "oplogs",
    "resource": "network",
    "oplogs": 2685,
    "groupId": {"$oid": "62a2b465f0a746388ff3fef9"},
    "rsId": "AmbankNonprodreplica",
    "uncompressedBytesReceived": 1184828805,
    "timeBucket": 1668135600000,
    "_id": {"$oid": "636dbad62789617228067505"}
  },
  {
    "slices": 60,
    "bytesReceived": 565492889,
    "purpose": "oplogs",
    "resource": "network",
    "oplogs": 1491,
    "groupId": {"$oid": "62a2b465f0a746388ff3fef9"},
    "rsId": "AmbankNonprodreplica",
    "uncompressedBytesReceived": 568638006,
    "timeBucket": 1668132000000,
    "_id": {"$oid": "636dacc42789617228044a07"}
  },
  {
    "slices": 60,
    "bytesReceived": 543548440,
    "purpose": "oplogs",
    "resource": "network",
    "oplogs": 788,
    "groupId": {"$oid": "62a2b465f0a746388ff3fef9"},
    "rsId": "AmbankNonprodreplica",
    "uncompressedBytesReceived": 544913239,
    "timeBucket": 1668128400000,
    "_id": {"$oid": "636d9eb32789617228021b93"}
  },
  {
    "resource": "storage",
    "purpose": "allHeads",
    "fileSize": 41677144064,
    "groupId": {"$oid": "62a2b465f0a746388ff3fef9"},
    "storageSize": 41468764160,
    "rsId": "AmbankNonprodreplica",
    "dataSize": 60135414462,
    "timeBucket": 1668125505916,
    "_id": {"$oid": "636d934162ec662234d9f31a"},
    "indexSize": 208379904
  },
  {
    "resource": "storage",
    "purpose": "head",
    "fileSize": 32294293504,
    "groupId": {"$oid": "62a2b465f0a746388ff3fef9"},
    "storageSize": 32190054400,
    "backupId": {"$binary": {
      "base64": "lT/YfGK5Swa+j7i/4j096w==",
      "subType": "04"
    }},
    "rsId": "AmbankNonprodreplica",
    "dataSize": 39651224117,
    "timeBucket": 1668125148616,
    "_id": {"$oid": "636d91dc9063c41e87d4bb07"},
    "indexSize": 104239104,
    "storageEngine": "wiredTiger"
  },
  {
    "slices": 60,
    "bytesReceived": 531395171,
    "purpose": "oplogs",
    "resource": "network",
    "oplogs": 686,
    "groupId": {"$oid": "62a2b465f0a746388ff3fef9"},
    "rsId": "AmbankNonprodreplica",
    "uncompressedBytesReceived": 532427120,
    "timeBucket": 1668124800000,
    "_id": {"$oid": "636d90a12789617228ffb440"}
  },
  {
    "slices": 60,
    "bytesReceived": 522101949,
    "purpose": "oplogs",
    "resource": "network",
    "oplogs": 685,
    "groupId": {"$oid": "62a2b465f0a746388ff3fef9"},
    "rsId": "AmbankNonprodreplica",
    "uncompressedBytesReceived": 523124370,
    "timeBucket": 1668121200000,
    "_id": {"$oid": "636d82902789617228fd91cf"}
  },
  {
    "slices": 60,
    "bytesReceived": 512527419,
    "purpose": "oplogs",
    "resource": "network",
    "oplogs": 678,
    "groupId": {"$oid": "62a2b465f0a746388ff3fef9"},
    "rsId": "AmbankNonprodreplica",
    "uncompressedBytesReceived": 513573379,
    "timeBucket": 1668117600000,
    "_id": {"$oid": "636d747f2789617228fb74b7"}
  },
  {
    "totalSize": 9577472007,
    "resource": "storage",
    "purpose": "fileSystemStore",
    "takenAtMs": 1668117299993,
    "groupId": {"$oid": "62a2b465f0a746388ff3fef9"},
    "rsId": "AmbankNonprodreplica",
    "timeBucket": 1668117299993,
    "_id": {"$oid": "636d733362ec662234d9edfa"}
  },
  {
    "slices": 60,
    "bytesReceived": 502738455,
    "purpose": "oplogs",
    "resource": "network",
    "oplogs": 690,
    "groupId": {"$oid": "62a2b465f0a746388ff3fef9"},
    "rsId": "AmbankNonprodreplica",
    "uncompressedBytesReceived": 503798946,
    "timeBucket": 1668114000000,
    "_id": {"$oid": "636d666d2789617228f95861"}
  },
  {
    "slices": 60,
    "bytesReceived": 492548150,
    "purpose": "oplogs",
    "resource": "network",
    "oplogs": 699,
    "groupId": {"$oid": "62a2b465f0a746388ff3fef9"},
    "rsId": "AmbankNonprodreplica",
    "uncompressedBytesReceived": 493621820,
    "timeBucket": 1668110400000,
    "_id": {"$oid": "636d585c2789617228f73e98"}
  },
  {
    "slices": 60,
    "bytesReceived": 483468329,
    "purpose": "oplogs",
    "resource": "network",
    "oplogs": 715,
    "groupId": {"$oid": "62a2b465f0a746388ff3fef9"},
    "rsId": "AmbankNonprodreplica",
    "uncompressedBytesReceived": 484525081,
    "timeBucket": 1668106800000,
    "_id": {"$oid": "636d4a4b2789617228f5248f"}
  },
  {
    "slices": 60,
    "bytesReceived": 474104772,
    "purpose": "oplogs",
    "resource": "network",
    "oplogs": 698,
    "groupId": {"$oid": "62a2b465f0a746388ff3fef9"},
    "rsId": "AmbankNonprodreplica",
    "uncompressedBytesReceived": 475147574,
    "timeBucket": 1668103200000,
    "_id": {"$oid": "636d3c3a2789617228f30e21"}
  },
  {
    "slices": 60,
    "bytesReceived": 465179901,
    "purpose": "oplogs",
    "resource": "network",
    "oplogs": 706,
    "groupId": {"$oid": "62a2b465f0a746388ff3fef9"},
    "rsId": "AmbankNonprodreplica",
    "uncompressedBytesReceived": 466251240,
    "timeBucket": 1668099600000,
    "_id": {"$oid": "636d2e292789617228f0f64f"}
  },
  {
    "slices": 60,
    "bytesReceived": 456653431,
    "purpose": "oplogs",
    "resource": "network",
    "oplogs": 723,
    "groupId": {"$oid": "62a2b465f0a746388ff3fef9"},
    "rsId": "AmbankNonprodreplica",
    "uncompressedBytesReceived": 457697889,
    "timeBucket": 1668096000000,
    "_id": {"$oid": "636d20172789617228eeda3c"}
  },
  {
    "totalSize": 9577472007,
    "resource": "storage",
    "purpose": "fileSystemStore",
    "takenAtMs": 1668095693083,
    "groupId": {"$oid": "62a2b465f0a746388ff3fef9"},
    "rsId": "AmbankNonprodreplica",
    "timeBucket": 1668095693083,
    "_id": {"$oid": "636d1ecd62ec662234d9e46d"}
  },
  {
    "slices": 60,
    "bytesReceived": 446773979,
    "purpose": "oplogs",
    "resource": "network",
    "oplogs": 741,
    "groupId": {"$oid": "62a2b465f0a746388ff3fef9"},
    "rsId": "AmbankNonprodreplica",
    "uncompressedBytesReceived": 447847070,
    "timeBucket": 1668092400000,
    "_id": {"$oid": "636d12062789617228ecbaaf"}
  },
  {
    "slices": 60,
    "bytesReceived": 440187615,
    "purpose": "oplogs",
    "resource": "network",
    "oplogs": 709,
    "groupId": {"$oid": "62a2b465f0a746388ff3fef9"},
    "rsId": "AmbankNonprodreplica",
    "uncompressedBytesReceived": 441274288,
    "timeBucket": 1668088800000,
    "_id": {"$oid": "636d03f52789617228ea9ae4"}
  },
  {
    "slices": 60,
    "bytesReceived": 432006868,
    "purpose": "oplogs",
    "resource": "network",
    "oplogs": 693,
    "groupId": {"$oid": "62a2b465f0a746388ff3fef9"},
    "rsId": "AmbankNonprodreplica",
    "uncompressedBytesReceived": 433075108,
    "timeBucket": 1668085200000,
    "_id": {"$oid": "636cf5e42789617228e86514"}
  },
  {
    "slices": 60,
    "bytesReceived": 423958845,
    "purpose": "oplogs",
    "resource": "network",
    "oplogs": 691,
    "groupId": {"$oid": "62a2b465f0a746388ff3fef9"},
    "rsId": "AmbankNonprodreplica",
    "uncompressedBytesReceived": 425000390,
    "timeBucket": 1668081600000,
    "_id": {"$oid": "636ce7d32789617228e646b5"}
  },
  {
    "slices": 60,
    "bytesReceived": 414965417,
    "purpose": "oplogs",
    "resource": "network",
    "oplogs": 685,
    "groupId": {"$oid": "62a2b465f0a746388ff3fef9"},
    "rsId": "AmbankNonprodreplica",
    "uncompressedBytesReceived": 416019455,
    "timeBucket": 1668078000000,
    "_id": {"$oid": "636cd9c22789617228e42828"}
  },
  {
    "slices": 60,
    "bytesReceived": 405829303,
    "purpose": "oplogs",
    "resource": "network",
    "oplogs": 828,
    "groupId": {"$oid": "62a2b465f0a746388ff3fef9"},
    "rsId": "AmbankNonprodreplica",
    "uncompressedBytesReceived": 407248761,
    "timeBucket": 1668074400000,
    "_id": {"$oid": "636ccbb12789617228e208fa"}
  },
  {
    "totalSize": 9577472007,
    "resource": "storage",
    "purpose": "fileSystemStore",
    "takenAtMs": 1668074036209,
    "groupId": {"$oid": "62a2b465f0a746388ff3fef9"},
    "rsId": "AmbankNonprodreplica",
    "timeBucket": 1668074036209,
    "_id": {"$oid": "636cca3462ec662234d9dad8"}
  },
  {
    "slices": 60,
    "bytesReceived": 387278464,
    "purpose": "oplogs",
    "resource": "network",
    "oplogs": 1318,
    "groupId": {"$oid": "62a2b465f0a746388ff3fef9"},
    "rsId": "AmbankNonprodreplica",
    "uncompressedBytesReceived": 390033159,
    "timeBucket": 1668070800000,
    "_id": {"$oid": "636cbda02789617228dfe2db"}
  },
  {
    "slices": 60,
    "bytesReceived": 358214589,
    "purpose": "oplogs",
    "resource": "network",
    "oplogs": 1167,
    "groupId": {"$oid": "62a2b465f0a746388ff3fef9"},
    "rsId": "AmbankNonprodreplica",
    "uncompressedBytesReceived": 360844509,
    "timeBucket": 1668067200000,
    "_id": {"$oid": "636caf8f2789617228ddb0da"}
  },
  {
    "slices": 60,
    "bytesReceived": 335928213,
    "purpose": "oplogs",
    "resource": "network",
    "oplogs": 779,
    "groupId": {"$oid": "62a2b465f0a746388ff3fef9"},
    "rsId": "AmbankNonprodreplica",
    "uncompressedBytesReceived": 337203232,
    "timeBucket": 1668063600000,
    "_id": {"$oid": "636ca17e2789617228db6bf7"}
  },
  {
    "slices": 60,
    "bytesReceived": 324959226,
    "purpose": "oplogs",
    "resource": "network",
    "oplogs": 973,
    "groupId": {"$oid": "62a2b465f0a746388ff3fef9"},
    "rsId": "AmbankNonprodreplica",
    "uncompressedBytesReceived": 326753698,
    "timeBucket": 1668060000000,
    "_id": {"$oid": "636c936d2789617228d90698"}
  },
  {
    "slices": 60,
    "bytesReceived": 309575901,
    "purpose": "oplogs",
    "resource": "network",
    "oplogs": 1159,
    "groupId": {"$oid": "62a2b465f0a746388ff3fef9"},
    "rsId": "AmbankNonprodreplica",
    "uncompressedBytesReceived": 311740014,
    "timeBucket": 1668056400000,
    "_id": {"$oid": "636c855c2789617228d6e029"}
  },
  {
    "slices": 60,
    "bytesReceived": 293517058,
    "purpose": "oplogs",
    "resource": "network",
    "oplogs": 1312,
    "groupId": {"$oid": "62a2b465f0a746388ff3fef9"},
    "rsId": "AmbankNonprodreplica",
    "uncompressedBytesReceived": 296089680,
    "timeBucket": 1668052800000,
    "_id": {"$oid": "636c774b2789617228d49eba"}
  },
  {
    "totalSize": 9577472007,
    "resource": "storage",
    "purpose": "fileSystemStore",
    "takenAtMs": 1668052369252,
    "groupId": {"$oid": "62a2b465f0a746388ff3fef9"},
    "rsId": "AmbankNonprodreplica",
    "timeBucket": 1668052369251,
    "_id": {"$oid": "636c759162ec662234d9d144"}
  },
  {
    "slices": 60,
    "bytesReceived": 276189304,
    "purpose": "oplogs",
    "resource": "network",
    "oplogs": 948,
    "groupId": {"$oid": "62a2b465f0a746388ff3fef9"},
    "rsId": "AmbankNonprodreplica",
    "uncompressedBytesReceived": 277906883,
    "timeBucket": 1668049200000,
    "_id": {"$oid": "636c693a2789617228d2606e"}
  },
  {
    "slices": 60,
    "bytesReceived": 263569548,
    "purpose": "oplogs",
    "resource": "network",
    "oplogs": 773,
    "groupId": {"$oid": "62a2b465f0a746388ff3fef9"},
    "rsId": "AmbankNonprodreplica",
    "uncompressedBytesReceived": 264848067,
    "timeBucket": 1668045600000,
    "_id": {"$oid": "636c5b292789617228d01e3e"}
  },
  {
    "slices": 60,
    "bytesReceived": 249293643,
    "purpose": "oplogs",
    "resource": "network",
    "oplogs": 794,
    "groupId": {"$oid": "62a2b465f0a746388ff3fef9"},
    "rsId": "AmbankNonprodreplica",
    "uncompressedBytesReceived": 250660244,
    "timeBucket": 1668042000000,
    "_id": {"$oid": "636c4d182789617228cde14e"}
  },
  {
    "resource": "storage",
    "purpose": "oplogTTL",
    "groupId": {"$oid": "62a2b465f0a746388ff3fef9"},
    "buckets": [
      {
        "slices": 8,
        "hour": 463323
      },
      {
        "slices": 60,
        "hour": 463324
      },
      {
        "slices": 60,
        "hour": 463325
      },
      {
        "slices": 60,
        "hour": 463326
      },
      {
        "slices": 60,
        "hour": 463327
      },
      {
        "slices": 60,
        "hour": 463328
      },
      {
        "slices": 59,
        "hour": 463329
      },
      {
        "slices": 60,
        "hour": 463330
      },
      {
        "slices": 60,
        "hour": 463331
      },
      {
        "slices": 60,
        "hour": 463332
      },
      {
        "slices": 60,
        "hour": 463333
      },
      {
        "slices": 60,
        "hour": 463334
      },
      {
        "slices": 60,
        "hour": 463335
      },
      {
        "slices": 60,
        "hour": 463336
      },
      {
        "slices": 60,
        "hour": 463337
      },
      {
        "slices": 60,
        "hour": 463338
      },
      {
        "slices": 60,
        "hour": 463339
      },
      {
        "slices": 60,
        "hour": 463340
      },
      {
        "slices": 60,
        "hour": 463341
      },
      {
        "slices": 60,
        "hour": 463342
      },
      {
        "slices": 60,
        "hour": 463343
      },
      {
        "slices": 6,
        "hour": 463344
      }
    ],
    "rsId": "AmbankNonprodreplica",
    "timeBucket": 1668038761691,
    "_id": {"$oid": "636c406962ec662234d9cb34"}
  },
  {
    "resource": "storage",
    "purpose": "allHeads",
    "fileSize": 9382850560,
    "groupId": {"$oid": "62a2b465f0a746388ff3fef9"},
    "storageSize": 9278709760,
    "rsId": "AmbankNonprodreplica",
    "dataSize": 20484190345,
    "timeBucket": 1668038761633,
    "_id": {"$oid": "636c406962ec662234d9cb32"},
    "indexSize": 104140800
  },
  {
    "resource": "storage",
    "purpose": "head",
    "fileSize": 9382850560,
    "groupId": {"$oid": "62a2b465f0a746388ff3fef9"},
    "storageSize": 9278709760,
    "backupId": {"$binary": {
      "base64": "sNxnF4OLTZmHelxU60IYZg==",
      "subType": "04"
    }},
    "rsId": "AmbankNonprodreplica",
    "dataSize": 20484190345,
    "timeBucket": 1668038646754,
    "_id": {"$oid": "636c3ff69063c41e87c71d0e"},
    "indexSize": 104140800,
    "storageEngine": "wiredTiger"
  },
  {
    "slices": 60,
    "bytesReceived": 237260427,
    "purpose": "oplogs",
    "resource": "network",
    "oplogs": 695,
    "groupId": {"$oid": "62a2b465f0a746388ff3fef9"},
    "rsId": "AmbankNonprodreplica",
    "uncompressedBytesReceived": 238348823,
    "timeBucket": 1668038400000,
    "_id": {"$oid": "636c3f082789617228cb707a"}
  },
  {
    "slices": 60,
    "bytesReceived": 228561155,
    "purpose": "oplogs",
    "resource": "network",
    "oplogs": 682,
    "groupId": {"$oid": "62a2b465f0a746388ff3fef9"},
    "rsId": "AmbankNonprodreplica",
    "uncompressedBytesReceived": 229639473,
    "timeBucket": 1668034800000,
    "_id": {"$oid": "636c30f72789617228c93cb8"}
  },
  {
    "slices": 60,
    "bytesReceived": 220177837,
    "purpose": "oplogs",
    "resource": "network",
    "oplogs": 696,
    "groupId": {"$oid": "62a2b465f0a746388ff3fef9"},
    "rsId": "AmbankNonprodreplica",
    "uncompressedBytesReceived": 221293363,
    "timeBucket": 1668031200000,
    "_id": {"$oid": "636c22e62789617228c70eab"}
  },
  {
    "totalSize": 0,
    "resource": "storage",
    "purpose": "fileSystemStore",
    "takenAtMs": 1668030762169,
    "groupId": {"$oid": "62a2b465f0a746388ff3fef9"},
    "rsId": "AmbankNonprodreplica",
    "timeBucket": 1668030762169,
    "_id": {"$oid": "636c212a62ec662234d9c7a5"}
  },
  {
    "slices": 60,
    "bytesReceived": 210397781,
    "purpose": "oplogs",
    "resource": "network",
    "oplogs": 690,
    "groupId": {"$oid": "62a2b465f0a746388ff3fef9"},
    "rsId": "AmbankNonprodreplica",
    "uncompressedBytesReceived": 211445268,
    "timeBucket": 1668027600000,
    "_id": {"$oid": "636c14d62789617228c4debf"}
  },
  {
    "slices": 60,
    "bytesReceived": 201437110,
    "purpose": "oplogs",
    "resource": "network",
    "oplogs": 695,
    "groupId": {"$oid": "62a2b465f0a746388ff3fef9"},
    "rsId": "AmbankNonprodreplica",
    "uncompressedBytesReceived": 202504509,
    "timeBucket": 1668024000000,
    "_id": {"$oid": "636c06c52789617228c2ad7f"}
  },
  {
    "slices": 60,
    "bytesReceived": 192724201,
    "purpose": "oplogs",
    "resource": "network",
    "oplogs": 702,
    "groupId": {"$oid": "62a2b465f0a746388ff3fef9"},
    "rsId": "AmbankNonprodreplica",
    "uncompressedBytesReceived": 193799047,
    "timeBucket": 1668020400000,
    "_id": {"$oid": "636bf8b52789617228c07e39"}
  },
  {
    "slices": 60,
    "bytesReceived": 184296085,
    "purpose": "oplogs",
    "resource": "network",
    "oplogs": 733,
    "groupId": {"$oid": "62a2b465f0a746388ff3fef9"},
    "rsId": "AmbankNonprodreplica",
    "uncompressedBytesReceived": 185394240,
    "timeBucket": 1668016800000,
    "_id": {"$oid": "636beaa42789617228be4d57"}
  },
  {
    "slices": 60,
    "bytesReceived": 177921804,
    "purpose": "oplogs",
    "resource": "network",
    "oplogs": 727,
    "groupId": {"$oid": "62a2b465f0a746388ff3fef9"},
    "rsId": "AmbankNonprodreplica",
    "uncompressedBytesReceived": 179029286,
    "timeBucket": 1668013200000,
    "_id": {"$oid": "636bdc932789617228bc1dc2"}
  },
  {
    "slices": 60,
    "bytesReceived": 170462994,
    "purpose": "oplogs",
    "resource": "network",
    "oplogs": 687,
    "groupId": {"$oid": "62a2b465f0a746388ff3fef9"},
    "rsId": "AmbankNonprodreplica",
    "uncompressedBytesReceived": 171540916,
    "timeBucket": 1668009600000,
    "_id": {"$oid": "636bce832789617228b9edd6"}
  },
  {
    "totalSize": 0,
    "resource": "storage",
    "purpose": "fileSystemStore",
    "takenAtMs": 1668009105196,
    "groupId": {"$oid": "62a2b465f0a746388ff3fef9"},
    "rsId": "AmbankNonprodreplica",
    "timeBucket": 1668009105196,
    "_id": {"$oid": "636bcc9162ec662234d9be10"}
  },
  {
    "slices": 60,
    "bytesReceived": 162733044,
    "purpose": "oplogs",
    "resource": "network",
    "oplogs": 673,
    "groupId": {"$oid": "62a2b465f0a746388ff3fef9"},
    "rsId": "AmbankNonprodreplica",
    "uncompressedBytesReceived": 163803598,
    "timeBucket": 1668006000000,
    "_id": {"$oid": "636bc0722789617228b7bd93"}
  },
  {
    "slices": 60,
    "bytesReceived": 154568381,
    "purpose": "oplogs",
    "resource": "network",
    "oplogs": 675,
    "groupId": {"$oid": "62a2b465f0a746388ff3fef9"},
    "rsId": "AmbankNonprodreplica",
    "uncompressedBytesReceived": 155618611,
    "timeBucket": 1668002400000,
    "_id": {"$oid": "636bb2622789617228b58dd3"}
  },
  {
    "slices": 60,
    "bytesReceived": 145882179,
    "purpose": "oplogs",
    "resource": "network",
    "oplogs": 671,
    "groupId": {"$oid": "62a2b465f0a746388ff3fef9"},
    "rsId": "AmbankNonprodreplica",
    "uncompressedBytesReceived": 146927431,
    "timeBucket": 1667998800000,
    "_id": {"$oid": "636ba4512789617228b3526b"}
  },
  {
    "slices": 60,
    "bytesReceived": 137355255,
    "purpose": "oplogs",
    "resource": "network",
    "oplogs": 675,
    "groupId": {"$oid": "62a2b465f0a746388ff3fef9"},
    "rsId": "AmbankNonprodreplica",
    "uncompressedBytesReceived": 138428107,
    "timeBucket": 1667995200000,
    "_id": {"$oid": "636b96412789617228b11b59"}
  },
  {
    "slices": 60,
    "bytesReceived": 129392044,
    "purpose": "oplogs",
    "resource": "network",
    "oplogs": 678,
    "groupId": {"$oid": "62a2b465f0a746388ff3fef9"},
    "rsId": "AmbankNonprodreplica",
    "uncompressedBytesReceived": 130459013,
    "timeBucket": 1667991600000,
    "_id": {"$oid": "636b88302789617228aeea47"}
  },
  {
    "slices": 60,
    "bytesReceived": 121290251,
    "purpose": "oplogs",
    "resource": "network",
    "oplogs": 695,
    "groupId": {"$oid": "62a2b465f0a746388ff3fef9"},
    "rsId": "AmbankNonprodreplica",
    "uncompressedBytesReceived": 122418355,
    "timeBucket": 1667988000000,
    "_id": {"$oid": "636b7a202789617228acbb57"}
  },
  {
    "totalSize": 0,
    "resource": "storage",
    "purpose": "fileSystemStore",
    "takenAtMs": 1667987438395,
    "groupId": {"$oid": "62a2b465f0a746388ff3fef9"},
    "rsId": "AmbankNonprodreplica",
    "timeBucket": 1667987438395,
    "_id": {"$oid": "636b77ee62ec662234d9b47c"}
  },
  {
    "slices": 59,
    "bytesReceived": 108425506,
    "purpose": "oplogs",
    "resource": "network",
    "oplogs": 1037,
    "groupId": {"$oid": "62a2b465f0a746388ff3fef9"},
    "rsId": "AmbankNonprodreplica",
    "uncompressedBytesReceived": 110527573,
    "timeBucket": 1667984400000,
    "_id": {"$oid": "636b6c4b2789617228aa91fe"}
  },
  {
    "slices": 60,
    "bytesReceived": 88042414,
    "purpose": "oplogs",
    "resource": "network",
    "oplogs": 1399,
    "groupId": {"$oid": "62a2b465f0a746388ff3fef9"},
    "rsId": "AmbankNonprodreplica",
    "uncompressedBytesReceived": 91128752,
    "timeBucket": 1667980800000,
    "_id": {"$oid": "636b5e3b2789617228a859c6"}
  },
  {
    "slices": 60,
    "bytesReceived": 65253638,
    "purpose": "oplogs",
    "resource": "network",
    "oplogs": 1468,
    "groupId": {"$oid": "62a2b465f0a746388ff3fef9"},
    "rsId": "AmbankNonprodreplica",
    "uncompressedBytesReceived": 68665906,
    "timeBucket": 1667977200000,
    "_id": {"$oid": "636b502b2789617228a5fd16"}
  },
  {
    "slices": 60,
    "bytesReceived": 45739900,
    "purpose": "oplogs",
    "resource": "network",
    "oplogs": 1174,
    "groupId": {"$oid": "62a2b465f0a746388ff3fef9"},
    "rsId": "AmbankNonprodreplica",
    "uncompressedBytesReceived": 48130688,
    "timeBucket": 1667973600000,
    "_id": {"$oid": "636b421b2789617228a3b93d"}
  },
  {
    "slices": 60,
    "bytesReceived": 29162130,
    "purpose": "oplogs",
    "resource": "network",
    "oplogs": 1105,
    "groupId": {"$oid": "62a2b465f0a746388ff3fef9"},
    "rsId": "AmbankNonprodreplica",
    "uncompressedBytesReceived": 31301842,
    "timeBucket": 1667970000000,
    "_id": {"$oid": "636b340a2789617228a1968a"}
  },
  {
    "slices": 60,
    "bytesReceived": 12420247,
    "purpose": "oplogs",
    "resource": "network",
    "oplogs": 1110,
    "groupId": {"$oid": "62a2b465f0a746388ff3fef9"},
    "rsId": "AmbankNonprodreplica",
    "uncompressedBytesReceived": 14600072,
    "timeBucket": 1667966400000,
    "_id": {"$oid": "636b25fa27896172289f6756"}
  },
  {
    "slices": 8,
    "bytesReceived": 241901,
    "purpose": "oplogs",
    "resource": "network",
    "oplogs": 141,
    "groupId": {"$oid": "62a2b465f0a746388ff3fef9"},
    "rsId": "AmbankNonprodreplica",
    "uncompressedBytesReceived": 498880,
    "timeBucket": 1667962800000,
    "_id": {"$oid": "636b241a27896172289f11a2"}
  },
  {
    "totalSize": 0,
    "resource": "storage",
    "purpose": "fileSystemStore",
    "takenAtMs": 1667965831239,
    "groupId": {"$oid": "62a2b465f0a746388ff3fef9"},
    "rsId": "AmbankNonprodreplica",
    "timeBucket": 1667965831199,
    "_id": {"$oid": "636b238762ec662234d9aadd"}
  }
]