[{
  "nextSnapshot": {"$timestamp": {
    "t": 1668211260,
    "i": 1
  }},
  "groupId": {"$oid": "62a2b465f0a746388ff3fef9"},
  "lastOplogPush_h": 0,
  "oplogStoreType": "oplogStore",
  "rsId": "AmbankNonprodreplica",
  "lastOplogPush_t": 139,
  "mongodOptions": {},
  "lastSnapshot": {"$timestamp": {
    "t": 1668125065,
    "i": 1
  }},
  "syncStore": {"id": "oplog1"},
  "fileSystemStore": {
    "compressionSetting": "NONE",
    "lastIntegrityCheckMS": 1668125222606,
    "lastTrackedMS": 1668138957127,
    "id": "filesystem1"
  },
  "fcv": "6.0",
  "tag": {
    "takesEffectMs": 0,
    "name": "unassigned"
  },
  "state": {"action": "WT checkpoint"},
  "wtBackup": {
    "agentSupportsIncrementalBackup": true,
    "oplogTailTarget": {
      "hostname": "MYUTVLXROSID01.nonprod-osi.ambg.com.my:27017",
      "sessionKey": "632000f56650ff6942b7b4fe",
      "info": {
        "numCores": 8,
        "memSizeMB": 64151
      },
      "tailOwnerSince": {"$date": "2022-11-09T03:51:03.331Z"}
    },
    "checkpointingTarget": {
      "hostname": "MYUTVLXROSID02.nonprod-osi.ambg.com.my:27017",
      "sessionKey": "63200106c28d270a11176803",
      "info": {
        "numCores": 8,
        "memSizeMB": 64151
      }
    },
    "fullIncrementalDayOfWeek": "SUNDAY",
    "lastFullIncrementalTs": {"$date": "2022-11-10T00:02:27Z"}
  },
  "lastMongodVersion": null,
  "lastOplogPush": {"$timestamp": {
    "t": 1668139539,
    "i": 1
  }},
  "headStorageSize": 32294293504,
  "broken": false,
  "rollback": false,
  "finished": {"$date": "2022-11-11T00:11:45.997Z"},
  "theft": {"eligible": false},
  "filterlist": {
    "type": "blacklist",
    "list": []
  },
  "oplogMinTTLSeconds": 176400,
  "schedule": {
    "reference": 1668038460,
    "referenceTimeOfDaySeconds": 60,
    "rules": [
      {
        "duration": 1209600,
        "interval": 86400
      },
      {
        "duration": 4838400,
        "interval": 604800
      },
      {
        "duration": 62899200,
        "interval": 2419200
      }
    ]
  },
  "pitWindowSeconds": 86400,
  "machine": {
    "boundBy": "bgrid",
    "owned": {
      "head": "/mongodb_backup/",
      "machine": "MYUTVLXROSIO01.nonprod-osi.ambg.com.my"
    },
    "bound": {
      "head": "/mongodb_backup/",
      "machine": "MYUTVLXROSIO01.nonprod-osi.ambg.com.my"
    }
  },
  "oplogStore": {
    "namespace": "62a2b465f0a746388ff3fef9.oplog_AmbankNonprodreplica",
    "id": "oplog1"
  },
  "mongodVersion": "6.0.0",
  "workingOn": false,
  "_id": {"$oid": "636b23769063c41e87bbb360"},
  "mmsRequests": {},
  "snapshot": {"snapshotStoreType": "fileSystemStore"},
  "mongod": {
    "encryption": {"enabled": false},
    "storageEngine": "wiredTiger"
  }
}]