[ {
  "appProcesses" : [ ],
  "automationAgent" : null,
  "backupAgents" : {
    "count" : 0,
    "entries" : [ ],
    "isAnyAgentNotManaged" : false,
    "isAnyAgentVersionDeprecated" : false,
    "isAnyAgentVersionOld" : false,
    "latestVersion" : "7.8.1.1109",
    "minimumAgentVersionDetected" : null,
    "minimumVersion" : "2.7.1.206",
    "onlineArchiveAgentHostnames" : null
  },
  "batchId" : null,
  "biConnectors" : [ ],
  "hostname" : "MYUTVLXROSID01.nonprod-osi.ambg.com.my",
  "jobId" : null,
  "monitoringAgents" : {
    "count" : 0,
    "entries" : [ ],
    "isAnyAgentNotManaged" : false,
    "isAnyAgentVersionDeprecated" : false,
    "isAnyAgentVersionOld" : false,
    "latestVersion" : "7.2.0.488",
    "minimumAgentVersionDetected" : null,
    "minimumVersion" : "5.0.0.309",
    "onlineArchiveAgentHostnames" : null
  },
  "processes" : [ {
    "args2_6" : {
      "config" : "/var/lib/mongo/automation-mongod.conf",
      "net" : {
        "port" : 27017,
        "bindIp" : "0.0.0.0",
        "tls" : {
          "mode" : "disabled"
        }
      },
      "processManagement" : {
        "fork" : true,
        "timeZoneInfo" : "/usr/share/zoneinfo"
      },
      "replication" : {
        "replSetName" : "AmbankNonprodreplica"
      },
      "security" : {
        "authorization" : "enabled",
        "keyFile" : "/var/lib/mongodb-mms-automation/keyfile",
        "clusterAuthMode" : "keyFile"
      },
      "setParameter" : {
        "authenticationMechanisms" : "SCRAM-SHA-1,SCRAM-SHA-256"
      },
      "storage" : {
        "dbPath" : "/var/lib/mongo",
        "engine" : "wiredTiger",
        "journal" : {
          "enabled" : true
        }
      },
      "systemLog" : {
        "destination" : "file",
        "logAppend" : true,
        "path" : "/var/log/mongodb/mongod.log"
      }
    },
    "authSchemaVersion" : null,
    "diffStatus" : null,
    "hostname" : "MYUTVLXROSID01.nonprod-osi.ambg.com.my",
    "managed" : false,
    "name" : "myutvlxrosid01.nonprod-osi.ambg.com.my:27017",
    "processType" : "mongod",
    "rsConfig" : null,
    "state" : {
      "authMechanism" : null,
      "created" : 0,
      "dataSize" : null,
      "dataSource" : null,
      "dbCount" : null,
      "disableAlerts" : false,
      "enableLogs" : false,
      "enableProfiler" : false,
      "hasPassword" : false,
      "hasStartupWarnings" : false,
      "hidden" : false,
      "hostId" : null,
      "hostTypes" : [ 7 ],
      "isArbiter" : false,
      "isConf" : false,
      "isMongos" : false,
      "lastPing" : 1668139544069,
      "lowUlimit" : false,
      "maintenanceUpgradeAvailable" : false,
      "preferredHostname" : null,
      "priority" : 1.0,
      "replicaSetId" : "AmbankNonprodreplica",
      "replicaState" : "PRIMARY",
      "secondsSinceLastPing" : 0,
      "slaveDelay" : 0,
      "sslEnabled" : false,
      "startupWarnings" : null,
      "storageEngineName" : null,
      "version" : "6.0.0",
      "versionOld" : false,
      "votes" : 1
    },
    "version" : "6.0.0"
  } ],
  "provisionedMachineInfo" : null,
  "status" : null,
  "type" : "Self-managed"
}, {
  "appProcesses" : [ ],
  "automationAgent" : null,
  "backupAgents" : {
    "count" : 0,
    "entries" : [ ],
    "isAnyAgentNotManaged" : false,
    "isAnyAgentVersionDeprecated" : false,
    "isAnyAgentVersionOld" : false,
    "latestVersion" : "7.8.1.1109",
    "minimumAgentVersionDetected" : null,
    "minimumVersion" : "2.7.1.206",
    "onlineArchiveAgentHostnames" : null
  },
  "batchId" : null,
  "biConnectors" : [ ],
  "hostname" : "MYUTVLXROSID02.nonprod-osi.ambg.com.my",
  "jobId" : null,
  "monitoringAgents" : {
    "count" : 0,
    "entries" : [ ],
    "isAnyAgentNotManaged" : false,
    "isAnyAgentVersionDeprecated" : false,
    "isAnyAgentVersionOld" : false,
    "latestVersion" : "7.2.0.488",
    "minimumAgentVersionDetected" : null,
    "minimumVersion" : "5.0.0.309",
    "onlineArchiveAgentHostnames" : null
  },
  "processes" : [ {
    "args2_6" : {
      "config" : "/var/lib/mongo/automation-mongod.conf",
      "net" : {
        "port" : 27017,
        "bindIp" : "0.0.0.0",
        "tls" : {
          "mode" : "disabled"
        }
      },
      "processManagement" : {
        "fork" : true,
        "timeZoneInfo" : "/usr/share/zoneinfo"
      },
      "replication" : {
        "replSetName" : "AmbankNonprodreplica"
      },
      "security" : {
        "authorization" : "enabled",
        "keyFile" : "/var/lib/mongodb-mms-automation/keyfile",
        "clusterAuthMode" : "keyFile"
      },
      "setParameter" : {
        "authenticationMechanisms" : "SCRAM-SHA-1,SCRAM-SHA-256"
      },
      "storage" : {
        "dbPath" : "/var/lib/mongo",
        "engine" : "wiredTiger",
        "journal" : {
          "enabled" : true
        }
      },
      "systemLog" : {
        "destination" : "file",
        "logAppend" : true,
        "path" : "/var/log/mongodb/mongod.log"
      }
    },
    "authSchemaVersion" : null,
    "diffStatus" : null,
    "hostname" : "MYUTVLXROSID02.nonprod-osi.ambg.com.my",
    "managed" : false,
    "name" : "myutvlxrosid02.nonprod-osi.ambg.com.my:27017",
    "processType" : "mongod",
    "rsConfig" : null,
    "state" : {
      "authMechanism" : null,
      "created" : 0,
      "dataSize" : null,
      "dataSource" : null,
      "dbCount" : null,
      "disableAlerts" : false,
      "enableLogs" : false,
      "enableProfiler" : false,
      "hasPassword" : false,
      "hasStartupWarnings" : false,
      "hidden" : false,
      "hostId" : null,
      "hostTypes" : [ 8 ],
      "isArbiter" : false,
      "isConf" : false,
      "isMongos" : false,
      "lastPing" : 1668139544210,
      "lowUlimit" : false,
      "maintenanceUpgradeAvailable" : false,
      "preferredHostname" : null,
      "priority" : 1.0,
      "replicaSetId" : "AmbankNonprodreplica",
      "replicaState" : "SECONDARY",
      "secondsSinceLastPing" : 0,
      "slaveDelay" : 0,
      "sslEnabled" : false,
      "startupWarnings" : null,
      "storageEngineName" : null,
      "version" : "6.0.0",
      "versionOld" : false,
      "votes" : 1
    },
    "version" : "6.0.0"
  } ],
  "provisionedMachineInfo" : null,
  "status" : null,
  "type" : "Self-managed"
}, {
  "appProcesses" : [ ],
  "automationAgent" : null,
  "backupAgents" : {
    "count" : 0,
    "entries" : [ ],
    "isAnyAgentNotManaged" : false,
    "isAnyAgentVersionDeprecated" : false,
    "isAnyAgentVersionOld" : false,
    "latestVersion" : "7.8.1.1109",
    "minimumAgentVersionDetected" : null,
    "minimumVersion" : "2.7.1.206",
    "onlineArchiveAgentHostnames" : null
  },
  "batchId" : null,
  "biConnectors" : [ ],
  "hostname" : "MYUTVLXROSID03.nonprod-osi.ambg.com.my",
  "jobId" : null,
  "monitoringAgents" : {
    "count" : 0,
    "entries" : [ ],
    "isAnyAgentNotManaged" : false,
    "isAnyAgentVersionDeprecated" : false,
    "isAnyAgentVersionOld" : false,
    "latestVersion" : "7.2.0.488",
    "minimumAgentVersionDetected" : null,
    "minimumVersion" : "5.0.0.309",
    "onlineArchiveAgentHostnames" : null
  },
  "processes" : [ {
    "args2_6" : {
      "config" : "/var/lib/mongo/automation-mongod.conf",
      "net" : {
        "port" : 27017,
        "bindIp" : "0.0.0.0",
        "tls" : {
          "mode" : "disabled"
        }
      },
      "processManagement" : {
        "fork" : true,
        "timeZoneInfo" : "/usr/share/zoneinfo"
      },
      "replication" : {
        "replSetName" : "AmbankNonprodreplica"
      },
      "security" : {
        "authorization" : "enabled",
        "keyFile" : "/var/lib/mongodb-mms-automation/keyfile",
        "clusterAuthMode" : "keyFile"
      },
      "setParameter" : {
        "authenticationMechanisms" : "SCRAM-SHA-1,SCRAM-SHA-256"
      },
      "storage" : {
        "dbPath" : "/var/lib/mongo",
        "engine" : "wiredTiger",
        "journal" : {
          "enabled" : true
        }
      },
      "systemLog" : {
        "destination" : "file",
        "logAppend" : true,
        "path" : "/var/log/mongodb/mongod.log"
      }
    },
    "authSchemaVersion" : null,
    "diffStatus" : null,
    "hostname" : "MYUTVLXROSID03.nonprod-osi.ambg.com.my",
    "managed" : false,
    "name" : "myutvlxrosid03.nonprod-osi.ambg.com.my:27017",
    "processType" : "mongod",
    "rsConfig" : null,
    "state" : {
      "authMechanism" : null,
      "created" : 0,
      "dataSize" : null,
      "dataSource" : null,
      "dbCount" : null,
      "disableAlerts" : false,
      "enableLogs" : false,
      "enableProfiler" : false,
      "hasPassword" : false,
      "hasStartupWarnings" : false,
      "hidden" : false,
      "hostId" : null,
      "hostTypes" : [ 8 ],
      "isArbiter" : false,
      "isConf" : false,
      "isMongos" : false,
      "lastPing" : 1668139544348,
      "lowUlimit" : false,
      "maintenanceUpgradeAvailable" : false,
      "preferredHostname" : null,
      "priority" : 1.0,
      "replicaSetId" : "AmbankNonprodreplica",
      "replicaState" : "SECONDARY",
      "secondsSinceLastPing" : 0,
      "slaveDelay" : 0,
      "sslEnabled" : false,
      "startupWarnings" : null,
      "storageEngineName" : null,
      "version" : "6.0.0",
      "versionOld" : false,
      "votes" : 1
    },
    "version" : "6.0.0"
  } ],
  "provisionedMachineInfo" : null,
  "status" : null,
  "type" : "Self-managed"
}, {
  "appProcesses" : [ {
    "hostIdentifier" : "8443",
    "lastPing" : 1668139543478,
    "pingId" : "62b5414c0fe9463aa987db00",
    "serviceType" : "Management HTTP Service",
    "version" : "6.0.2.100.20220802T0955Z"
  }, {
    "hostIdentifier" : "/mongodb_backup/",
    "lastPing" : 1668139541297,
    "pingId" : "636b22d327896172289ed15e",
    "serviceType" : "Backup Daemon",
    "version" : "6.0.2.100.20220802T0955Z"
  } ],
  "automationAgent" : null,
  "backupAgents" : {
    "count" : 0,
    "entries" : [ ],
    "isAnyAgentNotManaged" : false,
    "isAnyAgentVersionDeprecated" : false,
    "isAnyAgentVersionOld" : false,
    "latestVersion" : "7.8.1.1109",
    "minimumAgentVersionDetected" : null,
    "minimumVersion" : "2.7.1.206",
    "onlineArchiveAgentHostnames" : null
  },
  "batchId" : null,
  "biConnectors" : [ ],
  "hostname" : "MYUTVLXROSIO01.nonprod-osi.ambg.com.my",
  "jobId" : null,
  "monitoringAgents" : {
    "count" : 0,
    "entries" : [ ],
    "isAnyAgentNotManaged" : false,
    "isAnyAgentVersionDeprecated" : false,
    "isAnyAgentVersionOld" : false,
    "latestVersion" : "7.2.0.488",
    "minimumAgentVersionDetected" : null,
    "minimumVersion" : "5.0.0.309",
    "onlineArchiveAgentHostnames" : null
  },
  "processes" : [ ],
  "provisionedMachineInfo" : null,
  "status" : null,
  "type" : "Self-managed"
}, {
  "appProcesses" : [ ],
  "automationAgent" : null,
  "backupAgents" : {
    "count" : 0,
    "entries" : [ ],
    "isAnyAgentNotManaged" : false,
    "isAnyAgentVersionDeprecated" : false,
    "isAnyAgentVersionOld" : false,
    "latestVersion" : "7.8.1.1109",
    "minimumAgentVersionDetected" : null,
    "minimumVersion" : "2.7.1.206",
    "onlineArchiveAgentHostnames" : null
  },
  "batchId" : null,
  "biConnectors" : [ ],
  "hostname" : "MYUTVLXROSIO02.nonprod-osi.ambg.com.my",
  "jobId" : null,
  "monitoringAgents" : {
    "count" : 0,
    "entries" : [ ],
    "isAnyAgentNotManaged" : false,
    "isAnyAgentVersionDeprecated" : false,
    "isAnyAgentVersionOld" : false,
    "latestVersion" : "7.2.0.488",
    "minimumAgentVersionDetected" : null,
    "minimumVersion" : "5.0.0.309",
    "onlineArchiveAgentHostnames" : null
  },
  "processes" : [ {
    "args2_6" : {
      "config" : "/etc/mongod.conf",
      "net" : {
        "port" : 27017,
        "bindIp" : "0.0.0.0"
      },
      "processManagement" : {
        "fork" : true,
        "pidFilePath" : "/var/run/mongodb/mongod.pid",
        "timeZoneInfo" : "/usr/share/zoneinfo"
      },
      "security" : {
        "authorization" : "enabled"
      },
      "storage" : {
        "dbPath" : "/var/lib/mongo",
        "journal" : {
          "enabled" : true
        }
      },
      "systemLog" : {
        "destination" : "file",
        "logAppend" : true,
        "path" : "/var/log/mongodb/mongod.log"
      }
    },
    "authSchemaVersion" : null,
    "diffStatus" : null,
    "hostname" : "MYUTVLXROSIO02.nonprod-osi.ambg.com.my",
    "managed" : false,
    "name" : "myutvlxrosio02.nonprod-osi.ambg.com.my:27017",
    "processType" : "mongod",
    "rsConfig" : null,
    "state" : {
      "authMechanism" : null,
      "created" : 0,
      "dataSize" : null,
      "dataSource" : null,
      "dbCount" : null,
      "disableAlerts" : false,
      "enableLogs" : false,
      "enableProfiler" : false,
      "hasPassword" : false,
      "hasStartupWarnings" : false,
      "hidden" : false,
      "hostId" : null,
      "hostTypes" : [ 1 ],
      "isArbiter" : false,
      "isConf" : false,
      "isMongos" : false,
      "lastPing" : 1668139544485,
      "lowUlimit" : false,
      "maintenanceUpgradeAvailable" : false,
      "preferredHostname" : null,
      "priority" : 1.0,
      "secondsSinceLastPing" : 0,
      "slaveDelay" : 0,
      "sslEnabled" : false,
      "startupWarnings" : null,
      "storageEngineName" : null,
      "version" : "6.0.0",
      "versionOld" : false,
      "votes" : 1
    },
    "version" : "6.0.0"
  } ],
  "provisionedMachineInfo" : null,
  "status" : null,
  "type" : "Self-managed"
} ]