{
  "atlasProxies" : [ ],
  "auth" : {
    "authoritativeSet" : false,
    "autoAuthMechanism" : "MONGODB-CR",
    "autoAuthMechanisms" : [ ],
    "autoAuthRestrictions" : [ ],
    "disabled" : true,
    "hasAutoPwd" : false,
    "hasKey" : false,
    "hasNewKey" : false,
    "usersDeleted" : [ ],
    "usersWanted" : [ ]
  },
  "backupVersions" : [ ],
  "balancer" : { },
  "builtInRoles" : [ ],
  "cpsModules" : [ ],
  "filebeat" : { },
  "indexConfigs" : [ ],
  "kerberos" : {
    "serviceName" : "mongodb"
  },
  "ldap" : {
    "hasBindQueryPassword" : false
  },
  "mongoDbVersions" : [ ],
  "mongosqlds" : [ ],
  "mongots" : [ ],
  "monitoringVersions" : [ ],
  "onlineArchiveModules" : [ ],
  "options" : { },
  "processes" : [ {
    "args2_6" : {
      "config" : "/var/lib/mongo/automation-mongod.conf",
      "net" : {
        "port" : 27017,
        "bindIp" : "0.0.0.0",
        "tls" : {
          "mode" : "disabled"
        }
      },
      "processManagement" : {
        "fork" : true,
        "timeZoneInfo" : "/usr/share/zoneinfo"
      },
      "replication" : {
        "replSetName" : "AmbankNonprodreplica"
      },
      "security" : {
        "authorization" : "enabled",
        "keyFile" : "/var/lib/mongodb-mms-automation/keyfile",
        "clusterAuthMode" : "keyFile"
      },
      "setParameter" : {
        "authenticationMechanisms" : "SCRAM-SHA-1,SCRAM-SHA-256"
      },
      "storage" : {
        "dbPath" : "/var/lib/mongo",
        "engine" : "wiredTiger",
        "journal" : {
          "enabled" : true
        }
      },
      "systemLog" : {
        "destination" : "file",
        "logAppend" : true,
        "path" : "/var/log/mongodb/mongod.log"
      }
    },
    "authSchemaVersion" : null,
    "hostname" : "MYUTVLXROSID01.nonprod-osi.ambg.com.my",
    "managed" : false,
    "name" : "myutvlxrosid01.nonprod-osi.ambg.com.my:27017",
    "processType" : "mongod",
    "state" : {
      "authMechanism" : null,
      "created" : 0,
      "dataSize" : null,
      "dataSource" : null,
      "dbCount" : null,
      "disableAlerts" : false,
      "enableLogs" : false,
      "enableProfiler" : false,
      "hasPassword" : false,
      "hasStartupWarnings" : false,
      "hidden" : false,
      "hostId" : null,
      "hostTypes" : [ 7 ],
      "isArbiter" : false,
      "isConf" : false,
      "isMongos" : false,
      "lastPing" : 1668139544069,
      "lowUlimit" : false,
      "maintenanceUpgradeAvailable" : false,
      "preferredHostname" : null,
      "priority" : 1.0,
      "replicaSetId" : "AmbankNonprodreplica",
      "replicaState" : "PRIMARY",
      "secondsSinceLastPing" : 0,
      "slaveDelay" : 0,
      "sslEnabled" : false,
      "startupWarnings" : null,
      "storageEngineName" : null,
      "version" : "6.0.0",
      "versionOld" : false,
      "votes" : 1
    },
    "version" : "6.0.0"
  }, {
    "args2_6" : {
      "config" : "/var/lib/mongo/automation-mongod.conf",
      "net" : {
        "port" : 27017,
        "bindIp" : "0.0.0.0",
        "tls" : {
          "mode" : "disabled"
        }
      },
      "processManagement" : {
        "fork" : true,
        "timeZoneInfo" : "/usr/share/zoneinfo"
      },
      "replication" : {
        "replSetName" : "AmbankNonprodreplica"
      },
      "security" : {
        "authorization" : "enabled",
        "keyFile" : "/var/lib/mongodb-mms-automation/keyfile",
        "clusterAuthMode" : "keyFile"
      },
      "setParameter" : {
        "authenticationMechanisms" : "SCRAM-SHA-1,SCRAM-SHA-256"
      },
      "storage" : {
        "dbPath" : "/var/lib/mongo",
        "engine" : "wiredTiger",
        "journal" : {
          "enabled" : true
        }
      },
      "systemLog" : {
        "destination" : "file",
        "logAppend" : true,
        "path" : "/var/log/mongodb/mongod.log"
      }
    },
    "authSchemaVersion" : null,
    "hostname" : "MYUTVLXROSID02.nonprod-osi.ambg.com.my",
    "managed" : false,
    "name" : "myutvlxrosid02.nonprod-osi.ambg.com.my:27017",
    "processType" : "mongod",
    "state" : {
      "authMechanism" : null,
      "created" : 0,
      "dataSize" : null,
      "dataSource" : null,
      "dbCount" : null,
      "disableAlerts" : false,
      "enableLogs" : false,
      "enableProfiler" : false,
      "hasPassword" : false,
      "hasStartupWarnings" : false,
      "hidden" : false,
      "hostId" : null,
      "hostTypes" : [ 8 ],
      "isArbiter" : false,
      "isConf" : false,
      "isMongos" : false,
      "lastPing" : 1668139544210,
      "lowUlimit" : false,
      "maintenanceUpgradeAvailable" : false,
      "preferredHostname" : null,
      "priority" : 1.0,
      "replicaSetId" : "AmbankNonprodreplica",
      "replicaState" : "SECONDARY",
      "secondsSinceLastPing" : 0,
      "slaveDelay" : 0,
      "sslEnabled" : false,
      "startupWarnings" : null,
      "storageEngineName" : null,
      "version" : "6.0.0",
      "versionOld" : false,
      "votes" : 1
    },
    "version" : "6.0.0"
  }, {
    "args2_6" : {
      "config" : "/var/lib/mongo/automation-mongod.conf",
      "net" : {
        "port" : 27017,
        "bindIp" : "0.0.0.0",
        "tls" : {
          "mode" : "disabled"
        }
      },
      "processManagement" : {
        "fork" : true,
        "timeZoneInfo" : "/usr/share/zoneinfo"
      },
      "replication" : {
        "replSetName" : "AmbankNonprodreplica"
      },
      "security" : {
        "authorization" : "enabled",
        "keyFile" : "/var/lib/mongodb-mms-automation/keyfile",
        "clusterAuthMode" : "keyFile"
      },
      "setParameter" : {
        "authenticationMechanisms" : "SCRAM-SHA-1,SCRAM-SHA-256"
      },
      "storage" : {
        "dbPath" : "/var/lib/mongo",
        "engine" : "wiredTiger",
        "journal" : {
          "enabled" : true
        }
      },
      "systemLog" : {
        "destination" : "file",
        "logAppend" : true,
        "path" : "/var/log/mongodb/mongod.log"
      }
    },
    "authSchemaVersion" : null,
    "hostname" : "MYUTVLXROSID03.nonprod-osi.ambg.com.my",
    "managed" : false,
    "name" : "myutvlxrosid03.nonprod-osi.ambg.com.my:27017",
    "processType" : "mongod",
    "state" : {
      "authMechanism" : null,
      "created" : 0,
      "dataSize" : null,
      "dataSource" : null,
      "dbCount" : null,
      "disableAlerts" : false,
      "enableLogs" : false,
      "enableProfiler" : false,
      "hasPassword" : false,
      "hasStartupWarnings" : false,
      "hidden" : false,
      "hostId" : null,
      "hostTypes" : [ 8 ],
      "isArbiter" : false,
      "isConf" : false,
      "isMongos" : false,
      "lastPing" : 1668139544348,
      "lowUlimit" : false,
      "maintenanceUpgradeAvailable" : false,
      "preferredHostname" : null,
      "priority" : 1.0,
      "replicaSetId" : "AmbankNonprodreplica",
      "replicaState" : "SECONDARY",
      "secondsSinceLastPing" : 0,
      "slaveDelay" : 0,
      "sslEnabled" : false,
      "startupWarnings" : null,
      "storageEngineName" : null,
      "version" : "6.0.0",
      "versionOld" : false,
      "votes" : 1
    },
    "version" : "6.0.0"
  }, {
    "args2_6" : {
      "config" : "/etc/mongod.conf",
      "net" : {
        "port" : 27017,
        "bindIp" : "0.0.0.0"
      },
      "processManagement" : {
        "fork" : true,
        "pidFilePath" : "/var/run/mongodb/mongod.pid",
        "timeZoneInfo" : "/usr/share/zoneinfo"
      },
      "security" : {
        "authorization" : "enabled"
      },
      "storage" : {
        "dbPath" : "/var/lib/mongo",
        "journal" : {
          "enabled" : true
        }
      },
      "systemLog" : {
        "destination" : "file",
        "logAppend" : true,
        "path" : "/var/log/mongodb/mongod.log"
      }
    },
    "authSchemaVersion" : null,
    "hostname" : "MYUTVLXROSIO02.nonprod-osi.ambg.com.my",
    "managed" : false,
    "name" : "myutvlxrosio02.nonprod-osi.ambg.com.my:27017",
    "processType" : "mongod",
    "state" : {
      "authMechanism" : null,
      "created" : 0,
      "dataSize" : null,
      "dataSource" : null,
      "dbCount" : null,
      "disableAlerts" : false,
      "enableLogs" : false,
      "enableProfiler" : false,
      "hasPassword" : false,
      "hasStartupWarnings" : false,
      "hidden" : false,
      "hostId" : null,
      "hostTypes" : [ 1 ],
      "isArbiter" : false,
      "isConf" : false,
      "isMongos" : false,
      "lastPing" : 1668139544485,
      "lowUlimit" : false,
      "maintenanceUpgradeAvailable" : false,
      "preferredHostname" : null,
      "priority" : 1.0,
      "secondsSinceLastPing" : 0,
      "slaveDelay" : 0,
      "sslEnabled" : false,
      "startupWarnings" : null,
      "storageEngineName" : null,
      "version" : "6.0.0",
      "versionOld" : false,
      "votes" : 1
    },
    "version" : "6.0.0"
  } ],
  "replicaSets" : [ {
    "_id" : "AmbankNonprodreplica",
    "managed" : true,
    "members" : [ {
      "_id" : 0,
      "arbiterOnly" : false,
      "buildIndexes" : true,
      "hidden" : false,
      "host" : "MYUTVLXROSID01.nonprod-osi.ambg.com.my:27017",
      "priority" : 1.0,
      "secondaryDelaySecs" : 0,
      "votes" : 1
    }, {
      "_id" : 1,
      "arbiterOnly" : false,
      "buildIndexes" : true,
      "hidden" : false,
      "host" : "MYUTVLXROSID02.nonprod-osi.ambg.com.my:27017",
      "priority" : 1.0,
      "secondaryDelaySecs" : 0,
      "votes" : 1
    }, {
      "_id" : 2,
      "arbiterOnly" : false,
      "buildIndexes" : true,
      "hidden" : false,
      "host" : "MYUTVLXROSID03.nonprod-osi.ambg.com.my:27017",
      "priority" : 1.0,
      "secondaryDelaySecs" : 0,
      "votes" : 1
    } ]
  } ],
  "roles" : [ ],
  "sharding" : [ ],
  "tls" : {
    "clientCertificateMode" : "OPTIONAL",
    "hasAutoPEMKeyFilePwd" : false
  }
}