[{
  "heartbeat": {"$date": "2022-11-11T04:02:30.811Z"},
  "created": {"$date": "2022-09-09T11:30:12.614Z"},
  "groupId": {"$oid": "62a2b465f0a746388ff3fef9"},
  "sz": "US",
  "active": true,
  "clusterId": {"$oid": "631b23c40168c760303cd6df"},
  "hostIds": [
    "a6770832594d0741bb1f3ae28f91c224",
    "d148e5c5abf0be6acc52423c451efea2",
    "bc7041944604336c5a97a69c1dac0f21"
  ],
  "replicaSetIds": ["AmbankNonprodreplica"],
  "typeCode": 1,
  "shardIds": [],
  "replicaSets": [{
    "settings": {
      "heartbeatTimeoutSecs": 10,
      "catchUpTimeoutMillis": -1,
      "catchUpTakeoverDelayMillis": 30000,
      "getLastErrorModes": {},
      "getLastErrorDefaults": {
        "wtimeout": 0,
        "w": 1
      },
      "electionTimeoutMillis": 10000,
      "chainingAllowed": true,
      "replicaSetId": {"$oid": "62a6ded8ca310f1bf4675eb0"},
      "heartbeatIntervalMillis": 2000
    },
    "writeConcernMajorityJournalDefault": true,
    "pingTime": {"$date": "2022-11-11T04:02:30.811Z"},
    "members": [
      {
        "optimeDate": {"$date": "2022-11-11T04:02:26Z"},
        "hidden": false,
        "buildIndexes": true,
        "arbiterOnly": false,
        "host": "MYUTVLXROSID01.nonprod-osi.ambg.com.my:27017",
        "hostId": "d148e5c5abf0be6acc52423c451efea2",
        "slaveDelay": 0,
        "votes": 1,
        "_id": 0,
        "state": "PRIMARY",
        "priority": 1,
        "tags": {}
      },
      {
        "optimeDate": {"$date": "2022-11-11T04:02:26Z"},
        "hidden": false,
        "buildIndexes": true,
        "arbiterOnly": false,
        "host": "MYUTVLXROSID02.nonprod-osi.ambg.com.my:27017",
        "hostId": "bc7041944604336c5a97a69c1dac0f21",
        "slaveDelay": 0,
        "votes": 1,
        "_id": 3,
        "state": "SECONDARY",
        "priority": 1,
        "tags": {}
      },
      {
        "optimeDate": {"$date": "2022-11-11T04:02:26Z"},
        "hidden": false,
        "buildIndexes": true,
        "arbiterOnly": false,
        "host": "MYUTVLXROSID03.nonprod-osi.ambg.com.my:27017",
        "hostId": "a6770832594d0741bb1f3ae28f91c224",
        "slaveDelay": 0,
        "votes": 1,
        "_id": 4,
        "state": "SECONDARY",
        "priority": 1,
        "tags": {}
      }
    ],
    "aot": {
      "time": {"$date": "2022-11-11T04:02:26Z"},
      "inc": 1
    },
    "name": "AmbankNonprodreplica",
    "term": 139,
    "protocolVersion": 1,
    "lsrt": {
      "time": {"$date": "2022-11-11T04:01:40Z"},
      "inc": 6
    },
    "updated": {"$date": "2022-11-11T04:02:30.765Z"},
    "version": 13
  }],
  "name": "Cluster_0",
  "rcid": "9fef3ff883647a0f564b2a26",
  "_id": {"$oid": "631b23c40168c760303cd6e0"},
  "updated": {"$date": "2022-09-09T11:33:32.453Z"}
}]