[
  {
    "sourceRetention": {
      "samplePeriodMillis": 10000,
      "retentionMillis": 86400000
    },
    "sampleSinceDate": {"$date": "2022-11-10T20:52:50.842Z"},
    "stateNumber": 665497,
    "measurementType": "HOST",
    "receivedSinceDate": {"$date": "2022-11-11T04:04:50.842Z"},
    "receivedUntilDate": {"$date": "2022-11-11T04:05:50.842Z"},
    "_id": {"$oid": "62a2b202f0a746388ff3fbae"},
    "state": "UNSCHEDULED",
    "destinationRetention": {
      "samplePeriodMillis": 60000,
      "retentionMillis": 604800000
    }
  },
  {
    "sourceRetention": {
      "samplePeriodMillis": 10000,
      "retentionMillis": 86400000
    },
    "sampleSinceDate": {"$date": "2022-11-10T20:52:50.911Z"},
    "stateNumber": 665497,
    "measurementType": "DATABASE",
    "receivedSinceDate": {"$date": "2022-11-11T04:04:50.911Z"},
    "receivedUntilDate": {"$date": "2022-11-11T04:05:50.911Z"},
    "_id": {"$oid": "62a2b202f0a746388ff3fbaf"},
    "state": "UNSCHEDULED",
    "destinationRetention": {
      "samplePeriodMillis": 60000,
      "retentionMillis": 604800000
    }
  },
  {
    "sourceRetention": {
      "samplePeriodMillis": 10000,
      "retentionMillis": 86400000
    },
    "sampleSinceDate": {"$date": "2022-11-10T20:52:50.95Z"},
    "stateNumber": 665496,
    "measurementType": "SERVERLESS",
    "receivedSinceDate": {"$date": "2022-11-11T04:04:50.95Z"},
    "receivedUntilDate": {"$date": "2022-11-11T04:05:50.95Z"},
    "_id": {"$oid": "62a2b202f0a746388ff3fbb0"},
    "state": "UNSCHEDULED",
    "destinationRetention": {
      "samplePeriodMillis": 60000,
      "retentionMillis": 604800000
    }
  },
  {
    "sourceRetention": {
      "samplePeriodMillis": 60000,
      "retentionMillis": 604800000
    },
    "sampleSinceDate": {"$date": "2022-11-10T02:52:50.961Z"},
    "stateNumber": 11091,
    "measurementType": "HOST",
    "receivedSinceDate": {"$date": "2022-11-11T03:52:50.961Z"},
    "receivedUntilDate": {"$date": "2022-11-11T04:52:50.961Z"},
    "_id": {"$oid": "62a2b202f0a746388ff3fbb1"},
    "state": "UNSCHEDULED",
    "destinationRetention": {
      "samplePeriodMillis": 3600000,
      "retentionMillis": 5443200000
    }
  },
  {
    "sourceRetention": {
      "samplePeriodMillis": 60000,
      "retentionMillis": 604800000
    },
    "sampleSinceDate": {"$date": "2022-11-10T02:52:50.97Z"},
    "stateNumber": 11091,
    "measurementType": "DATABASE",
    "receivedSinceDate": {"$date": "2022-11-11T03:52:50.97Z"},
    "receivedUntilDate": {"$date": "2022-11-11T04:52:50.97Z"},
    "_id": {"$oid": "62a2b202f0a746388ff3fbb2"},
    "state": "UNSCHEDULED",
    "destinationRetention": {
      "samplePeriodMillis": 3600000,
      "retentionMillis": 5443200000
    }
  },
  {
    "sourceRetention": {
      "samplePeriodMillis": 60000,
      "retentionMillis": 604800000
    },
    "sampleSinceDate": {"$date": "2022-11-10T02:52:50.975Z"},
    "stateNumber": 11091,
    "measurementType": "SERVERLESS",
    "receivedSinceDate": {"$date": "2022-11-11T03:52:50.975Z"},
    "receivedUntilDate": {"$date": "2022-11-11T04:52:50.975Z"},
    "_id": {"$oid": "62a2b202f0a746388ff3fbb3"},
    "state": "UNSCHEDULED",
    "destinationRetention": {
      "samplePeriodMillis": 3600000,
      "retentionMillis": 5443200000
    }
  },
  {
    "sourceRetention": {
      "samplePeriodMillis": 3600000,
      "retentionMillis": 5443200000
    },
    "sampleSinceDate": {"$date": "2022-10-28T02:52:50.979Z"},
    "stateNumber": 462,
    "measurementType": "HOST",
    "receivedSinceDate": {"$date": "2022-11-11T02:52:50.979Z"},
    "receivedUntilDate": {"$date": "2022-11-12T02:52:50.979Z"},
    "_id": {"$oid": "62a2b202f0a746388ff3fbb4"},
    "state": "UNSCHEDULED",
    "destinationRetention": {
      "samplePeriodMillis": 86400000,
      "retentionMillis": 3153600000000
    }
  },
  {
    "sourceRetention": {
      "samplePeriodMillis": 3600000,
      "retentionMillis": 5443200000
    },
    "sampleSinceDate": {"$date": "2022-10-28T02:52:50.983Z"},
    "stateNumber": 462,
    "measurementType": "DATABASE",
    "receivedSinceDate": {"$date": "2022-11-11T02:52:50.983Z"},
    "receivedUntilDate": {"$date": "2022-11-12T02:52:50.983Z"},
    "_id": {"$oid": "62a2b202f0a746388ff3fbb5"},
    "state": "UNSCHEDULED",
    "destinationRetention": {
      "samplePeriodMillis": 86400000,
      "retentionMillis": 3153600000000
    }
  },
  {
    "sourceRetention": {
      "samplePeriodMillis": 3600000,
      "retentionMillis": 5443200000
    },
    "sampleSinceDate": {"$date": "2022-10-28T02:52:50.991Z"},
    "stateNumber": 462,
    "measurementType": "SERVERLESS",
    "receivedSinceDate": {"$date": "2022-11-11T02:52:50.991Z"},
    "receivedUntilDate": {"$date": "2022-11-12T02:52:50.991Z"},
    "_id": {"$oid": "62a2b202f0a746388ff3fbb6"},
    "state": "UNSCHEDULED",
    "destinationRetention": {
      "samplePeriodMillis": 86400000,
      "retentionMillis": 3153600000000
    }
  }
]