[
  {
    "configured": false,
    "backupJobsEnabled": true,
    "machine": {
      "head": null,
      "machine": "MYPRVLXROSIO01.prod-osi.ambg.com.my"
    },
    "numWorkers": 4,
    "_id": {"$oid": "6316d010834b24b40e4a8b82"},
    "garbageCollectionEnabled": true,
    "restoreQueryableJobsEnabled": true,
    "resourceUsageEnabled": true,
    "assignmentEnabled": true,
    "hardware": {}
  },
  {
    "configured": true,
    "backupJobsEnabled": true,
    "machine": {
      "head": "/mongodb_backup/",
      "machine": "MYPRVLXROSIO04.prod-osi.ambg.com.my"
    },
    "deploymentId": null,
    "numWorkers": 4,
    "_id": {"$oid": "6316fe44834b24b40e534133"},
    "garbageCollectionEnabled": true,
    "restoreQueryableJobsEnabled": true,
    "resourceUsageEnabled": true,
    "assignmentEnabled": true,
    "hardware": {}
  }
]