[ {
  "appProcesses" : [ {
    "hostIdentifier" : "8443",
    "lastPing" : 1670220497536,
    "pingId" : "6323e4c3589d2dde2dab472d",
    "serviceType" : "Management HTTP Service",
    "version" : "6.0.2.100.20220802T0955Z"
  } ],
  "automationAgent" : null,
  "backupAgents" : {
    "count" : 0,
    "entries" : [ ],
    "isAnyAgentNotManaged" : false,
    "isAnyAgentVersionDeprecated" : false,
    "isAnyAgentVersionOld" : false,
    "latestVersion" : "7.8.1.1109",
    "minimumAgentVersionDetected" : null,
    "minimumVersion" : "2.7.1.206",
    "onlineArchiveAgentHostnames" : null
  },
  "batchId" : null,
  "biConnectors" : [ ],
  "hostname" : "MYPRVLXROSIO01.prod-osi.ambg.com.my",
  "jobId" : null,
  "monitoringAgents" : {
    "count" : 0,
    "entries" : [ ],
    "isAnyAgentNotManaged" : false,
    "isAnyAgentVersionDeprecated" : false,
    "isAnyAgentVersionOld" : false,
    "latestVersion" : "7.2.0.488",
    "minimumAgentVersionDetected" : null,
    "minimumVersion" : "5.0.0.309",
    "onlineArchiveAgentHostnames" : null
  },
  "processes" : [ ],
  "provisionedMachineInfo" : null,
  "status" : null,
  "type" : "Self-managed"
}, {
  "appProcesses" : [ ],
  "automationAgent" : null,
  "backupAgents" : {
    "count" : 0,
    "entries" : [ ],
    "isAnyAgentNotManaged" : false,
    "isAnyAgentVersionDeprecated" : false,
    "isAnyAgentVersionOld" : false,
    "latestVersion" : "7.8.1.1109",
    "minimumAgentVersionDetected" : null,
    "minimumVersion" : "2.7.1.206",
    "onlineArchiveAgentHostnames" : null
  },
  "batchId" : null,
  "biConnectors" : [ ],
  "hostname" : "MYPRVLXROSIO02.prod-osi.ambg.com.my",
  "jobId" : null,
  "monitoringAgents" : {
    "count" : 0,
    "entries" : [ ],
    "isAnyAgentNotManaged" : false,
    "isAnyAgentVersionDeprecated" : false,
    "isAnyAgentVersionOld" : false,
    "latestVersion" : "7.2.0.488",
    "minimumAgentVersionDetected" : null,
    "minimumVersion" : "5.0.0.309",
    "onlineArchiveAgentHostnames" : null
  },
  "processes" : [ {
    "args2_6" : {
      "config" : "/etc/mongod.conf",
      "net" : {
        "port" : 27017,
        "bindIp" : "0.0.0.0"
      },
      "processManagement" : {
        "fork" : true,
        "pidFilePath" : "/var/run/mongodb/mongod.pid",
        "timeZoneInfo" : "/usr/share/zoneinfo"
      },
      "replication" : {
        "replSetName" : "Prod-AppDB-rs"
      },
      "security" : {
        "authorization" : "enabled",
        "keyFile" : "/var/lib/mongo/mongodb-keyfile"
      },
      "storage" : {
        "dbPath" : "/var/lib/mongo",
        "journal" : {
          "enabled" : true
        }
      },
      "systemLog" : {
        "destination" : "file",
        "logAppend" : true,
        "path" : "/var/log/mongodb/mongod.log"
      }
    },
    "authSchemaVersion" : null,
    "diffStatus" : null,
    "hostname" : "MYPRVLXROSIO02.prod-osi.ambg.com.my",
    "managed" : false,
    "name" : "myprvlxrosio02.prod-osi.ambg.com.my:27017",
    "processType" : "mongod",
    "rsConfig" : null,
    "state" : {
      "authMechanism" : null,
      "created" : 0,
      "dataSize" : null,
      "dataSource" : null,
      "dbCount" : null,
      "disableAlerts" : false,
      "enableLogs" : false,
      "enableProfiler" : false,
      "hasPassword" : false,
      "hasStartupWarnings" : false,
      "hidden" : false,
      "hostId" : null,
      "hostTypes" : [ 7 ],
      "isArbiter" : false,
      "isConf" : false,
      "isMongos" : false,
      "lastPing" : 1670220471677,
      "lowUlimit" : false,
      "maintenanceUpgradeAvailable" : false,
      "preferredHostname" : null,
      "priority" : 1.0,
      "replicaSetId" : "Prod-AppDB-rs",
      "replicaState" : "PRIMARY",
      "secondsSinceLastPing" : 0,
      "slaveDelay" : 0,
      "sslEnabled" : false,
      "startupWarnings" : null,
      "storageEngineName" : null,
      "version" : "6.0.0",
      "versionOld" : false,
      "votes" : 1
    },
    "version" : "6.0.0"
  } ],
  "provisionedMachineInfo" : null,
  "status" : null,
  "type" : "Self-managed"
}, {
  "appProcesses" : [ ],
  "automationAgent" : null,
  "backupAgents" : {
    "count" : 0,
    "entries" : [ ],
    "isAnyAgentNotManaged" : false,
    "isAnyAgentVersionDeprecated" : false,
    "isAnyAgentVersionOld" : false,
    "latestVersion" : "7.8.1.1109",
    "minimumAgentVersionDetected" : null,
    "minimumVersion" : "2.7.1.206",
    "onlineArchiveAgentHostnames" : null
  },
  "batchId" : null,
  "biConnectors" : [ ],
  "hostname" : "MYPRVLXROSIO03.prod-osi.ambg.com.my",
  "jobId" : null,
  "monitoringAgents" : {
    "count" : 0,
    "entries" : [ ],
    "isAnyAgentNotManaged" : false,
    "isAnyAgentVersionDeprecated" : false,
    "isAnyAgentVersionOld" : false,
    "latestVersion" : "7.2.0.488",
    "minimumAgentVersionDetected" : null,
    "minimumVersion" : "5.0.0.309",
    "onlineArchiveAgentHostnames" : null
  },
  "processes" : [ {
    "args2_6" : {
      "config" : "/etc/mongod.conf",
      "net" : {
        "port" : 27017,
        "bindIp" : "0.0.0.0"
      },
      "processManagement" : {
        "fork" : true,
        "pidFilePath" : "/var/run/mongodb/mongod.pid",
        "timeZoneInfo" : "/usr/share/zoneinfo"
      },
      "replication" : {
        "replSetName" : "Prod-AppDB-rs"
      },
      "security" : {
        "authorization" : "enabled",
        "keyFile" : "/var/lib/mongo/mongodb-keyfile"
      },
      "storage" : {
        "dbPath" : "/var/lib/mongo",
        "journal" : {
          "enabled" : true
        }
      },
      "systemLog" : {
        "destination" : "file",
        "logAppend" : true,
        "path" : "/var/log/mongodb/mongod.log"
      }
    },
    "authSchemaVersion" : null,
    "diffStatus" : null,
    "hostname" : "MYPRVLXROSIO03.prod-osi.ambg.com.my",
    "managed" : false,
    "name" : "myprvlxrosio03.prod-osi.ambg.com.my:27017",
    "processType" : "mongod",
    "rsConfig" : null,
    "state" : {
      "authMechanism" : null,
      "created" : 0,
      "dataSize" : null,
      "dataSource" : null,
      "dbCount" : null,
      "disableAlerts" : false,
      "enableLogs" : false,
      "enableProfiler" : false,
      "hasPassword" : false,
      "hasStartupWarnings" : false,
      "hidden" : false,
      "hostId" : null,
      "hostTypes" : [ 8 ],
      "isArbiter" : false,
      "isConf" : false,
      "isMongos" : false,
      "lastPing" : 1670220471816,
      "lowUlimit" : false,
      "maintenanceUpgradeAvailable" : false,
      "preferredHostname" : null,
      "priority" : 1.0,
      "replicaSetId" : "Prod-AppDB-rs",
      "replicaState" : "SECONDARY",
      "secondsSinceLastPing" : 0,
      "slaveDelay" : 0,
      "sslEnabled" : false,
      "startupWarnings" : null,
      "storageEngineName" : null,
      "version" : "6.0.0",
      "versionOld" : false,
      "votes" : 1
    },
    "version" : "6.0.0"
  } ],
  "provisionedMachineInfo" : null,
  "status" : null,
  "type" : "Self-managed"
}, {
  "appProcesses" : [ {
    "hostIdentifier" : "/mongodb_backup/",
    "lastPing" : 1670220494084,
    "pingId" : "636de18f589d2dde2d20d22d",
    "serviceType" : "Backup Daemon",
    "version" : "6.0.2.100.20220802T0955Z"
  }, {
    "hostIdentifier" : "8443",
    "lastPing" : 1670220498991,
    "pingId" : "6371bb5d0f77f80a11fa95f3",
    "serviceType" : "Management HTTP Service",
    "version" : "6.0.2.100.20220802T0955Z"
  } ],
  "automationAgent" : null,
  "backupAgents" : {
    "count" : 0,
    "entries" : [ ],
    "isAnyAgentNotManaged" : false,
    "isAnyAgentVersionDeprecated" : false,
    "isAnyAgentVersionOld" : false,
    "latestVersion" : "7.8.1.1109",
    "minimumAgentVersionDetected" : null,
    "minimumVersion" : "2.7.1.206",
    "onlineArchiveAgentHostnames" : null
  },
  "batchId" : null,
  "biConnectors" : [ ],
  "hostname" : "MYPRVLXROSIO04.prod-osi.ambg.com.my",
  "jobId" : null,
  "monitoringAgents" : {
    "count" : 0,
    "entries" : [ ],
    "isAnyAgentNotManaged" : false,
    "isAnyAgentVersionDeprecated" : false,
    "isAnyAgentVersionOld" : false,
    "latestVersion" : "7.2.0.488",
    "minimumAgentVersionDetected" : null,
    "minimumVersion" : "5.0.0.309",
    "onlineArchiveAgentHostnames" : null
  },
  "processes" : [ ],
  "provisionedMachineInfo" : null,
  "status" : null,
  "type" : "Self-managed"
}, {
  "appProcesses" : [ ],
  "automationAgent" : null,
  "backupAgents" : {
    "count" : 0,
    "entries" : [ ],
    "isAnyAgentNotManaged" : false,
    "isAnyAgentVersionDeprecated" : false,
    "isAnyAgentVersionOld" : false,
    "latestVersion" : "7.8.1.1109",
    "minimumAgentVersionDetected" : null,
    "minimumVersion" : "2.7.1.206",
    "onlineArchiveAgentHostnames" : null
  },
  "batchId" : null,
  "biConnectors" : [ ],
  "hostname" : "MYPRVLXROSIO05.prod-osi.ambg.com.my",
  "jobId" : null,
  "monitoringAgents" : {
    "count" : 0,
    "entries" : [ ],
    "isAnyAgentNotManaged" : false,
    "isAnyAgentVersionDeprecated" : false,
    "isAnyAgentVersionOld" : false,
    "latestVersion" : "7.2.0.488",
    "minimumAgentVersionDetected" : null,
    "minimumVersion" : "5.0.0.309",
    "onlineArchiveAgentHostnames" : null
  },
  "processes" : [ {
    "args2_6" : {
      "config" : "/etc/mongod.conf",
      "net" : {
        "port" : 27017,
        "bindIp" : "0.0.0.0"
      },
      "processManagement" : {
        "fork" : true,
        "pidFilePath" : "/var/run/mongodb/mongod.pid",
        "timeZoneInfo" : "/usr/share/zoneinfo"
      },
      "replication" : {
        "replSetName" : "Prod-AppDB-rs"
      },
      "security" : {
        "authorization" : "enabled",
        "keyFile" : "/var/lib/mongo/mongodb-keyfile"
      },
      "storage" : {
        "dbPath" : "/var/lib/mongo",
        "journal" : {
          "enabled" : true
        }
      },
      "systemLog" : {
        "destination" : "file",
        "logAppend" : true,
        "path" : "/var/log/mongodb/mongod.log"
      }
    },
    "authSchemaVersion" : null,
    "diffStatus" : null,
    "hostname" : "MYPRVLXROSIO05.prod-osi.ambg.com.my",
    "managed" : false,
    "name" : "myprvlxrosio05.prod-osi.ambg.com.my:27017",
    "processType" : "mongod",
    "rsConfig" : null,
    "state" : {
      "authMechanism" : null,
      "created" : 0,
      "dataSize" : null,
      "dataSource" : null,
      "dbCount" : null,
      "disableAlerts" : false,
      "enableLogs" : false,
      "enableProfiler" : false,
      "hasPassword" : false,
      "hasStartupWarnings" : false,
      "hidden" : false,
      "hostId" : null,
      "hostTypes" : [ 8 ],
      "isArbiter" : false,
      "isConf" : false,
      "isMongos" : false,
      "lastPing" : 1670220471527,
      "lowUlimit" : false,
      "maintenanceUpgradeAvailable" : false,
      "preferredHostname" : null,
      "priority" : 1.0,
      "replicaSetId" : "Prod-AppDB-rs",
      "replicaState" : "SECONDARY",
      "secondsSinceLastPing" : 0,
      "slaveDelay" : 0,
      "sslEnabled" : false,
      "startupWarnings" : null,
      "storageEngineName" : null,
      "version" : "6.0.0",
      "versionOld" : false,
      "votes" : 1
    },
    "version" : "6.0.0"
  } ],
  "provisionedMachineInfo" : null,
  "status" : null,
  "type" : "Self-managed"
} ]