[
  {
    "ac": "GLOBAL",
    "forAllGroups": true,
    "_t": "BACKUP",
    "cre": {"$date": "2022-09-06T04:42:53.053Z"},
    "upd": {"$date": "2022-12-05T06:08:21.558Z"},
    "groups": [],
    "_id": {"$oid": "6316cfcd5386443f0971cca5"},
    "enabled": true,
    "notify": [{
      "delay": 0,
      "_t": "ADMIN",
      "interval": 60
    }],
    "et": "RS_BIND_ERROR",
    "tags": []
  },
  {
    "ac": "GLOBAL",
    "forAllGroups": true,
    "_t": "BACKUP",
    "cre": {"$date": "2022-09-06T04:42:53.068Z"},
    "upd": {"$date": "2022-12-05T06:08:21.558Z"},
    "groups": [],
    "_id": {"$oid": "6316cfcd5386443f0971cca6"},
    "enabled": true,
    "notify": [{
      "delay": 0,
      "_t": "ADMIN",
      "interval": 60
    }],
    "et": "BACKUP_TOO_MANY_RETRIES",
    "tags": []
  },
  {
    "ac": "GLOBAL",
    "forAllGroups": true,
    "_t": "BACKUP",
    "cre": {"$date": "2022-09-06T04:42:53.073Z"},
    "upd": {"$date": "2022-12-05T06:08:21.558Z"},
    "groups": [],
    "_id": {"$oid": "6316cfcd5386443f0971cca7"},
    "enabled": true,
    "notify": [{
      "delay": 0,
      "_t": "ADMIN",
      "interval": 60
    }],
    "et": "BACKUP_TOO_MANY_HEAD_START_ATTEMPTS",
    "tags": []
  },
  {
    "ac": "GLOBAL",
    "forAllGroups": true,
    "_t": "BACKUP",
    "cre": {"$date": "2022-09-06T04:42:53.078Z"},
    "upd": {"$date": "2022-12-05T06:08:21.558Z"},
    "groups": [],
    "_id": {"$oid": "6316cfcd5386443f0971cca8"},
    "enabled": true,
    "notify": [{
      "delay": 0,
      "_t": "ADMIN",
      "interval": 60
    }],
    "et": "BACKUP_IN_UNEXPECTED_STATE",
    "tags": []
  },
  {
    "ac": "GLOBAL",
    "forAllGroups": true,
    "_t": "BACKUP",
    "cre": {"$date": "2022-09-06T04:42:53.082Z"},
    "upd": {"$date": "2022-12-05T06:08:21.558Z"},
    "groups": [],
    "_id": {"$oid": "6316cfcd5386443f0971cca9"},
    "enabled": true,
    "notify": [{
      "delay": 0,
      "_t": "ADMIN",
      "interval": 60
    }],
    "et": "LATE_SNAPSHOT",
    "tags": []
  },
  {
    "ac": "GLOBAL",
    "forAllGroups": true,
    "_t": "BACKUP",
    "cre": {"$date": "2022-09-06T04:42:53.088Z"},
    "upd": {"$date": "2022-12-05T06:08:21.558Z"},
    "groups": [],
    "_id": {"$oid": "6316cfcd5386443f0971ccaa"},
    "enabled": true,
    "notify": [{
      "delay": 0,
      "_t": "ADMIN",
      "interval": 60
    }],
    "et": "RESYNC_REQUIRED",
    "tags": []
  },
  {
    "ac": "GLOBAL",
    "forAllGroups": true,
    "_t": "BACKUP",
    "cre": {"$date": "2022-09-06T04:42:53.094Z"},
    "upd": {"$date": "2022-12-05T06:08:21.558Z"},
    "groups": [],
    "_id": {"$oid": "6316cfcd5386443f0971ccab"},
    "enabled": true,
    "notify": [{
      "delay": 0,
      "_t": "ADMIN",
      "interval": 1440
    }],
    "et": "INCONSISTENT_BACKUP_CONFIGURATION",
    "tags": []
  },
  {
    "ac": "GLOBAL",
    "forAllGroups": true,
    "_t": "BACKUP",
    "cre": {"$date": "2022-09-06T04:42:53.099Z"},
    "upd": {"$date": "2022-12-05T06:08:21.558Z"},
    "groups": [],
    "_id": {"$oid": "6316cfcd5386443f0971ccac"},
    "enabled": true,
    "notify": [{
      "delay": 0,
      "_t": "ADMIN",
      "interval": 60
    }],
    "et": "NO_DAEMON_AVAILABLE_FOR_QUERYABLE_RESTORE_JOB",
    "tags": []
  },
  {
    "ac": "GLOBAL",
    "forAllGroups": true,
    "_t": "AGENT",
    "cre": {"$date": "2022-09-06T04:42:53.104Z"},
    "upd": {"$date": "2022-12-05T06:08:21.558Z"},
    "groups": [],
    "_id": {"$oid": "6316cfcd5386443f0971ccad"},
    "enabled": true,
    "notify": [{
      "delay": 0,
      "_t": "ADMIN",
      "interval": 60
    }],
    "et": "BACKUP_AGENT_CONF_CALL_FAILURE",
    "tags": []
  },
  {
    "ac": "GLOBAL",
    "forAllGroups": true,
    "_t": "AGENT",
    "cre": {"$date": "2022-09-06T04:42:53.111Z"},
    "upd": {"$date": "2022-12-05T06:08:21.558Z"},
    "groups": [],
    "_id": {"$oid": "6316cfcd5386443f0971ccae"},
    "enabled": true,
    "notify": [{
      "delay": 0,
      "_t": "ADMIN",
      "interval": 60
    }],
    "et": "BACKUP_AGENT_DOWN",
    "tags": []
  },
  {
    "maxFailures": 5,
    "ac": "GLOBAL",
    "forAllGroups": true,
    "_t": "BACKUP_CLUSTERSHOT",
    "cre": {"$date": "2022-09-06T04:42:53.117Z"},
    "upd": {"$date": "2022-12-05T06:08:21.558Z"},
    "groups": [],
    "_id": {"$oid": "6316cfcd5386443f0971ccaf"},
    "enabled": true,
    "notify": [{
      "delay": 0,
      "_t": "ADMIN",
      "interval": 60
    }],
    "et": "BAD_CLUSTERSHOTS",
    "tags": []
  },
  {
    "ac": "GLOBAL",
    "maxDelayMinutes": 60,
    "forAllGroups": true,
    "_t": "BACKUP_SYNC_SLICE",
    "cre": {"$date": "2022-09-06T04:42:53.139Z"},
    "upd": {"$date": "2022-12-05T06:08:21.558Z"},
    "groups": [],
    "_id": {"$oid": "6316cfcd5386443f0971ccb2"},
    "enabled": true,
    "notify": [{
      "delay": 0,
      "_t": "ADMIN",
      "interval": 60
    }],
    "et": "SYNC_SLICE_HAS_NOT_PROGRESSED",
    "tags": []
  },
  {
    "ac": "GLOBAL",
    "forAllGroups": true,
    "_t": "BLOCKSTORE_JOB",
    "cre": {"$date": "2022-09-06T04:42:53.181Z"},
    "upd": {"$date": "2022-12-05T06:08:21.558Z"},
    "groups": [],
    "_id": {"$oid": "6316cfcd5386443f0971ccba"},
    "enabled": true,
    "notify": [{
      "delay": 0,
      "_t": "ADMIN",
      "interval": 60
    }],
    "et": "BLOCKSTORE_JOB_TOO_MANY_RETRIES",
    "tags": []
  }
]