[
  {
    "groupType": "ONPREM",
    "enableAllHostLogs": false,
    "lmav": "12.0.10.7591",
    "includeJsonWithAlerts": false,
    "enableAllHostProfilers": false,
    "orgId": {"$oid": "6316f60f5386443f097240dc"},
    "summaryStats": {
      "numBillableServer": 3,
      "numTotalAtlasClusters": 0,
      "numPaidAtlasClusters": 0,
      "dataSizeNoLocalBytes": 111,
      "numCluster": 1,
      "lastInvoiceAmountCents": 0,
      "dataSizeBackedUpBytes": 0
    },
    "tzid": "Asia/Kuala_Lumpur",
    "cre": {"$date": "2022-09-06T07:26:20.845Z"},
    "lastActiveAgent": {"$date": "2022-12-05T01:40:00.023Z"},
    "alertsPaused": false,
    "brs": {},
    "licensesRequired": [],
    "storageConfig": {
      "mode": "V3",
      "retentionPolicyId": {"$oid": "6316cf6a5386443f0971cc44"},
      "migration": {
        "heartbeat": {"$date": "1970-01-01T00:00:00Z"},
        "completed": {"$date": "1970-01-01T00:00:00Z"},
        "status": "COMPLETE"
      }
    },
    "fqdn": true,
    "hasAddedHosts": true,
    "licensesAccepted": ["Version 4.2 Upgrade"],
    "nts": ["ambank-prod"],
    "n": "Ambank-Prod",
    "hostCounts": {
      "slaveHostCount": 0,
      "mongosHostCount": 0,
      "masterHostCount": 0,
      "hostCount": 3,
      "secondaryHostCount": 2,
      "standaloneHostCount": 0,
      "confHostCount": 0,
      "arbiterHostCount": 0,
      "primaryHostCount": 1
    },
    "replicaSetCount": 1,
    "tags": [],
    "tzdisp": "Kuala Lumpur",
    "useCNRegionsOnly": false,
    "activeAgentCount": 9,
    "hasAddedAutomationAgents": true,
    "rcid": "90142790f3446835c16f6136",
    "ingestAgentStats": false,
    "_id": {"$oid": "6316f61c5386443f09724109"},
    "shardCount": 0,
    "nl": "ambank-prod",
    "status": {
      "status": "ACTIVE",
      "since": {"$date": "2022-09-06T07:26:20.845Z"}
    }
  },
  {
    "groupType": "ONPREM",
    "enableAllHostLogs": false,
    "lmav": "12.0.10.7591",
    "includeJsonWithAlerts": false,
    "enableAllHostProfilers": false,
    "orgId": {"$oid": "6316d18d5386443f0971ce19"},
    "summaryStats": {
      "numBillableServer": 0,
      "numTotalAtlasClusters": 0,
      "numPaidAtlasClusters": 0,
      "dataSizeNoLocalBytes": 0,
      "numCluster": 0,
      "lastInvoiceAmountCents": 0,
      "dataSizeBackedUpBytes": 0
    },
    "cre": {"$date": "2022-09-06T04:50:21.896Z"},
    "lastActiveAgent": {"$date": "2022-09-08T01:40:00.014Z"},
    "alertsPaused": false,
    "brs": {},
    "licensesRequired": [],
    "storageConfig": {
      "mode": "V3",
      "retentionPolicyId": {"$oid": "6316cf6a5386443f0971cc44"},
      "migration": {
        "heartbeat": {"$date": "1970-01-01T00:00:00Z"},
        "completed": {"$date": "1970-01-01T00:00:00Z"},
        "status": "COMPLETE"
      }
    },
    "fqdn": true,
    "hasAddedHosts": true,
    "nts": [
      "project",
      "0"
    ],
    "n": "Project 0",
    "hostCounts": {
      "slaveHostCount": 0,
      "mongosHostCount": 0,
      "masterHostCount": 0,
      "hostCount": 0,
      "secondaryHostCount": 0,
      "standaloneHostCount": 0,
      "confHostCount": 0,
      "arbiterHostCount": 0,
      "primaryHostCount": 0
    },
    "replicaSetCount": 0,
    "tags": [],
    "defaultServerType": "PRODUCTION_SERVER",
    "useCNRegionsOnly": false,
    "activeAgentCount": 0,
    "hasAddedAutomationAgents": true,
    "rcid": "d1ec1790f3446835d81d6136",
    "ingestAgentStats": false,
    "_id": {"$oid": "6316d18d5386443f0971ce1d"},
    "shardCount": 0,
    "nl": "project 0",
    "status": {
      "status": "ACTIVE",
      "since": {"$date": "2022-09-06T04:50:21.896Z"}
    }
  }
]