[
  {
    "dur": true,
    "userWriteBlockMode": 1,
    "cluster": {
      "id": {"$oid": "6385a945d9d0c60fdf7d9686"},
      "type": 1
    },
    "css": 3,
    "hid": false,
    "nsdbc": 1,
    "isDbStatsCacheStale": true,
    "hp": "MYPRVLXROSID01.prod-osi.ambg.com.my:27018",
    "lu": 245790,
    "ht": [8],
    "lastIndexSize": 446464,
    "sslEnabled": true,
    "lastDataSize": 7323158,
    "un": "root",
    "lastRestartEvent": {"$date": "2022-12-02T09:48:09.819Z"},
    "ipAddress": "10.12.196.192",
    "rsid": "AmbankProdreplica",
    "cmdLineOpts": {
      "parsed": {
        "replication": {"replSetName": "AmbankProdreplica"},
        "security": {
          "authorization": "enabled",
          "keyFile": "/var/lib/mongodb-mms-automation/keyfile",
          "javascriptEnabled": false
        },
        "processManagement": {
          "fork": true,
          "timeZoneInfo": "/usr/share/zoneinfo"
        },
        "setParameter": {"authenticationMechanisms": "SCRAM-SHA-1,SCRAM-SHA-256"},
        "systemLog": {
          "path": "/var/log/mongodb/mongod.log",
          "logAppend": true,
          "destination": "file",
          "quiet": false
        },
        "storage": {
          "journal": {"enabled": true},
          "dbPath": "/var/lib/mongo"
        },
        "net": {
          "bindIp": "0.0.0.0",
          "port": 27018,
          "tls": {
            "CAFile": "/etc/security/ambank-ca.crt",
            "mode": "requireTLS",
            "disabledProtocols": "TLS1_0,TLS1_1",
            "FIPSMode": true,
            "allowConnectionsWithoutCertificates": true,
            "certificateKeyFile": "/etc/security/ambank-mongodb.pem"
          }
        },
        "config": "/var/lib/mongo/automation-mongod.conf"
      },
      "ok": 1,
      "argv": [
        "/var/lib/mongodb-mms-automation/mongodb-linux-x86_64-6.0.0-ent/bin/mongod",
        "-f",
        "/var/lib/mongo/automation-mongod.conf"
      ]
    },
    "modules": ["enterprise"],
    "versions": [{
      "s": {"$date": "2022-11-29T06:40:05.343Z"},
      "v": "6.0.0",
      "m": ["enterprise"]
    }],
    "rh": 1,
    "sslSCED": {"$date": "2024-11-30T09:07:09Z"},
    "rcid": "90142790f3446835c16f6136",
    "slt": {"$date": "2022-12-05T06:07:37.565Z"},
    "_id": "c7bee80a8cbae23822153b76003a8e19",
    "cid": {"$oid": "6316f61c5386443f09724109"},
    "rs": "SECONDARY",
    "hasStartupWarnings": true,
    "lastDataSizeWithoutLocal": 37,
    "authMechanism": "MONGODB_CR",
    "si": "deprecated",
    "cre": {"$date": "2022-11-29T06:39:45.785Z"},
    "fcv": "6.0",
    "sen": "wiredTiger",
    "uptimes": [
      {
        "recorded": {"$date": "2022-12-05T06:03:54.716Z"},
        "uptime": 245621
      },
      {
        "recorded": {"$date": "2022-12-05T06:04:48.454Z"},
        "uptime": 245676
      },
      {
        "recorded": {"$date": "2022-12-05T06:05:44.907Z"},
        "uptime": 245733
      },
      {
        "recorded": {"$date": "2022-12-05T06:06:43.954Z"},
        "uptime": 245790
      },
      {
        "recorded": {"$date": "2022-12-05T06:07:41.239Z"},
        "uptime": 245847
      }
    ],
    "b": "64",
    "e": true,
    "hostInfo": {
      "system": {
        "currentTime": {"$date": "2022-12-01T10:11:21.319Z"},
        "numCores": 8,
        "hostname": "MYPRVLXROSID01.prod-osi.ambg.com.my:27018",
        "numaEnabled": false,
        "memLimitMB": 64150,
        "cpuArch": "x86_64",
        "cpuAddrSize": 64,
        "memSizeMB": 64150
      },
      "os": {
        "name": "Red Hat Enterprise Linux release 8.5 (Ootpa)",
        "type": "Linux",
        "version": "Kernel 4.18.0-348.el8.x86_64"
      },
      "extra": {"extra": {
        "numPages": 16422567,
        "versionString": "Linux version 4.18.0-348.el8.x86_64 (mockbuild@x86-vm-09.build.eng.bos.redhat.com) (gcc version 8.5.0 20210514 (Red Hat 8.5.0-3) (GCC)) #1 SMP Mon Oct 4 12:17:22 EDT 2021",
        "libcVersion": "2.28",
        "cpuFeatures": "fpu vme de pse tsc msr pae mce cx8 apic sep mtrr pge mca cmov pat pse36 clflush mmx fxsr sse sse2 ss syscall nx pdpe1gb rdtscp lm constant_tsc arch_perfmon nopl xtopology tsc_reliable nonstop_tsc cpuid pni pclmulqdq ssse3 fma cx16 pcid sse4_1 sse4_2 x2apic movbe popcnt tsc_deadline_timer aes xsave avx f16c rdrand hypervisor lahf_lm abm 3dnowprefetch cpuid_fault invpcid_single ssbd ibrs ibpb stibp ibrs_enhanced fsgsbase tsc_adjust bmi1 avx2 smep bmi2 invpcid avx512f avx512dq rdseed adx smap clflushopt clwb avx512cd avx512bw avx512vl xsaveopt xsavec xsaves arat pku ospke md_clear flush_l1d arch_capabilities",
        "kernelVersion": "4.18.0-348.el8.x86_64",
        "cpuFrequencyMHz": "2494.140",
        "pageSize": 4096,
        "maxOpenFiles": 64000,
        "physicalCores": 8,
        "mountInfo": [
          {
            "mountId": 22,
            "mountPoint": "/sys",
            "major": 0,
            "minor": 21,
            "root": "/",
            "options": "rw,nosuid,nodev,noexec,relatime",
            "source": "sysfs",
            "superOpt": "rw,seclabel",
            "fields": "shared:2",
            "type": "sysfs",
            "parentId": 100
          },
          {
            "mountId": 23,
            "mountPoint": "/proc",
            "major": 0,
            "minor": 5,
            "root": "/",
            "options": "rw,nosuid,nodev,noexec,relatime",
            "source": "proc",
            "superOpt": "rw",
            "fields": "shared:27",
            "type": "proc",
            "parentId": 100
          },
          {
            "mountId": 24,
            "mountPoint": "/dev",
            "major": 0,
            "minor": 6,
            "root": "/",
            "options": "rw,nosuid",
            "source": "devtmpfs",
            "superOpt": "rw,seclabel,size=32825808k,nr_inodes=8206452,mode=755",
            "fields": "shared:23",
            "type": "devtmpfs",
            "parentId": 100
          },
          {
            "mountId": 25,
            "mountPoint": "/sys/kernel/security",
            "major": 0,
            "minor": 7,
            "root": "/",
            "options": "rw,nosuid,nodev,noexec,relatime",
            "source": "securityfs",
            "superOpt": "rw",
            "fields": "shared:3",
            "type": "securityfs",
            "parentId": 22
          },
          {
            "mountId": 26,
            "mountPoint": "/dev/shm",
            "major": 0,
            "minor": 22,
            "root": "/",
            "options": "rw,nosuid,nodev,noexec",
            "source": "tmpfs",
            "superOpt": "rw,seclabel",
            "fields": "shared:24",
            "type": "tmpfs",
            "parentId": 24
          },
          {
            "mountId": 27,
            "mountPoint": "/dev/pts",
            "major": 0,
            "minor": 23,
            "root": "/",
            "options": "rw,nosuid,noexec,relatime",
            "source": "devpts",
            "superOpt": "rw,seclabel,gid=5,mode=620,ptmxmode=000",
            "fields": "shared:25",
            "type": "devpts",
            "parentId": 24
          },
          {
            "mountId": 28,
            "mountPoint": "/run",
            "major": 0,
            "minor": 24,
            "root": "/",
            "options": "rw,nosuid,nodev",
            "source": "tmpfs",
            "superOpt": "rw,seclabel,mode=755",
            "fields": "shared:26",
            "type": "tmpfs",
            "parentId": 100
          },
          {
            "mountId": 29,
            "mountPoint": "/sys/fs/cgroup",
            "major": 0,
            "minor": 25,
            "root": "/",
            "options": "ro,nosuid,nodev,noexec",
            "source": "tmpfs",
            "superOpt": "ro,seclabel,mode=755",
            "fields": "shared:4",
            "type": "tmpfs",
            "parentId": 22
          },
          {
            "mountId": 30,
            "mountPoint": "/sys/fs/cgroup/systemd",
            "major": 0,
            "minor": 26,
            "root": "/",
            "options": "rw,nosuid,nodev,noexec,relatime",
            "source": "cgroup",
            "superOpt": "rw,seclabel,xattr,release_agent=/usr/lib/systemd/systemd-cgroups-agent,name=systemd",
            "fields": "shared:5",
            "type": "cgroup",
            "parentId": 29
          },
          {
            "mountId": 31,
            "mountPoint": "/sys/fs/pstore",
            "major": 0,
            "minor": 27,
            "root": "/",
            "options": "rw,nosuid,nodev,noexec,relatime",
            "source": "pstore",
            "superOpt": "rw,seclabel",
            "fields": "shared:17",
            "type": "pstore",
            "parentId": 22
          },
          {
            "mountId": 32,
            "mountPoint": "/sys/firmware/efi/efivars",
            "major": 0,
            "minor": 28,
            "root": "/",
            "options": "rw,nosuid,nodev,noexec,relatime",
            "source": "efivarfs",
            "superOpt": "rw",
            "fields": "shared:18",
            "type": "efivarfs",
            "parentId": 22
          },
          {
            "mountId": 33,
            "mountPoint": "/sys/fs/bpf",
            "major": 0,
            "minor": 29,
            "root": "/",
            "options": "rw,nosuid,nodev,noexec,relatime",
            "source": "bpf",
            "superOpt": "rw,mode=700",
            "fields": "shared:19",
            "type": "bpf",
            "parentId": 22
          },
          {
            "mountId": 34,
            "mountPoint": "/sys/fs/cgroup/pids",
            "major": 0,
            "minor": 30,
            "root": "/",
            "options": "rw,nosuid,nodev,noexec,relatime",
            "source": "cgroup",
            "superOpt": "rw,seclabel,pids",
            "fields": "shared:6",
            "type": "cgroup",
            "parentId": 29
          },
          {
            "mountId": 35,
            "mountPoint": "/sys/fs/cgroup/net_cls,net_prio",
            "major": 0,
            "minor": 31,
            "root": "/",
            "options": "rw,nosuid,nodev,noexec,relatime",
            "source": "cgroup",
            "superOpt": "rw,seclabel,net_cls,net_prio",
            "fields": "shared:7",
            "type": "cgroup",
            "parentId": 29
          },
          {
            "mountId": 36,
            "mountPoint": "/sys/fs/cgroup/cpuset",
            "major": 0,
            "minor": 32,
            "root": "/",
            "options": "rw,nosuid,nodev,noexec,relatime",
            "source": "cgroup",
            "superOpt": "rw,seclabel,cpuset",
            "fields": "shared:8",
            "type": "cgroup",
            "parentId": 29
          },
          {
            "mountId": 37,
            "mountPoint": "/sys/fs/cgroup/blkio",
            "major": 0,
            "minor": 33,
            "root": "/",
            "options": "rw,nosuid,nodev,noexec,relatime",
            "source": "cgroup",
            "superOpt": "rw,seclabel,blkio",
            "fields": "shared:9",
            "type": "cgroup",
            "parentId": 29
          },
          {
            "mountId": 38,
            "mountPoint": "/sys/fs/cgroup/cpu,cpuacct",
            "major": 0,
            "minor": 34,
            "root": "/",
            "options": "rw,nosuid,nodev,noexec,relatime",
            "source": "cgroup",
            "superOpt": "rw,seclabel,cpu,cpuacct",
            "fields": "shared:10",
            "type": "cgroup",
            "parentId": 29
          },
          {
            "mountId": 39,
            "mountPoint": "/sys/fs/cgroup/devices",
            "major": 0,
            "minor": 35,
            "root": "/",
            "options": "rw,nosuid,nodev,noexec,relatime",
            "source": "cgroup",
            "superOpt": "rw,seclabel,devices",
            "fields": "shared:11",
            "type": "cgroup",
            "parentId": 29
          },
          {
            "mountId": 40,
            "mountPoint": "/sys/fs/cgroup/memory",
            "major": 0,
            "minor": 36,
            "root": "/",
            "options": "rw,nosuid,nodev,noexec,relatime",
            "source": "cgroup",
            "superOpt": "rw,seclabel,memory",
            "fields": "shared:12",
            "type": "cgroup",
            "parentId": 29
          },
          {
            "mountId": 41,
            "mountPoint": "/sys/fs/cgroup/perf_event",
            "major": 0,
            "minor": 37,
            "root": "/",
            "options": "rw,nosuid,nodev,noexec,relatime",
            "source": "cgroup",
            "superOpt": "rw,seclabel,perf_event",
            "fields": "shared:13",
            "type": "cgroup",
            "parentId": 29
          },
          {
            "mountId": 42,
            "mountPoint": "/sys/fs/cgroup/rdma",
            "major": 0,
            "minor": 38,
            "root": "/",
            "options": "rw,nosuid,nodev,noexec,relatime",
            "source": "cgroup",
            "superOpt": "rw,seclabel,rdma",
            "fields": "shared:14",
            "type": "cgroup",
            "parentId": 29
          },
          {
            "mountId": 43,
            "mountPoint": "/sys/fs/cgroup/freezer",
            "major": 0,
            "minor": 39,
            "root": "/",
            "options": "rw,nosuid,nodev,noexec,relatime",
            "source": "cgroup",
            "superOpt": "rw,seclabel,freezer",
            "fields": "shared:15",
            "type": "cgroup",
            "parentId": 29
          },
          {
            "mountId": 44,
            "mountPoint": "/sys/fs/cgroup/hugetlb",
            "major": 0,
            "minor": 40,
            "root": "/",
            "options": "rw,nosuid,nodev,noexec,relatime",
            "source": "cgroup",
            "superOpt": "rw,seclabel,hugetlb",
            "fields": "shared:16",
            "type": "cgroup",
            "parentId": 29
          },
          {
            "mountId": 45,
            "mountPoint": "/sys/kernel/tracing",
            "major": 0,
            "minor": 12,
            "root": "/",
            "options": "rw,relatime",
            "source": "none",
            "superOpt": "rw,seclabel",
            "fields": "shared:20",
            "type": "tracefs",
            "parentId": 22
          },
          {
            "mountId": 96,
            "mountPoint": "/sys/kernel/config",
            "major": 0,
            "minor": 41,
            "root": "/",
            "options": "rw,relatime",
            "source": "configfs",
            "superOpt": "rw",
            "fields": "shared:21",
            "type": "configfs",
            "parentId": 22
          },
          {
            "mountId": 100,
            "mountPoint": "/",
            "major": 253,
            "minor": 0,
            "root": "/",
            "options": "rw,relatime",
            "source": "/dev/mapper/rhel-root",
            "superOpt": "rw,seclabel,attr2,inode64,logbufs=8,logbsize=32k,noquota",
            "fields": "shared:1",
            "type": "xfs",
            "parentId": 1
          },
          {
            "mountId": 46,
            "mountPoint": "/sys/fs/selinux",
            "major": 0,
            "minor": 20,
            "root": "/",
            "options": "rw,relatime",
            "source": "selinuxfs",
            "superOpt": "rw",
            "fields": "shared:22",
            "type": "selinuxfs",
            "parentId": 22
          },
          {
            "mountId": 47,
            "mountPoint": "/proc/sys/fs/binfmt_misc",
            "major": 0,
            "minor": 43,
            "root": "/",
            "options": "rw,relatime",
            "source": "systemd-1",
            "superOpt": "rw,fd=29,pgrp=1,timeout=0,minproto=5,maxproto=5,direct,pipe_ino=23710",
            "fields": "shared:28",
            "type": "autofs",
            "parentId": 23
          },
          {
            "mountId": 48,
            "mountPoint": "/dev/mqueue",
            "major": 0,
            "minor": 19,
            "root": "/",
            "options": "rw,relatime",
            "source": "mqueue",
            "superOpt": "rw,seclabel",
            "fields": "shared:29",
            "type": "mqueue",
            "parentId": 24
          },
          {
            "mountId": 49,
            "mountPoint": "/dev/hugepages",
            "major": 0,
            "minor": 44,
            "root": "/",
            "options": "rw,relatime",
            "source": "hugetlbfs",
            "superOpt": "rw,seclabel,pagesize=2M",
            "fields": "shared:30",
            "type": "hugetlbfs",
            "parentId": 24
          },
          {
            "mountId": 50,
            "mountPoint": "/sys/kernel/debug",
            "major": 0,
            "minor": 8,
            "root": "/",
            "options": "rw,relatime",
            "source": "debugfs",
            "superOpt": "rw,seclabel",
            "fields": "shared:31",
            "type": "debugfs",
            "parentId": 22
          },
          {
            "mountId": 51,
            "mountPoint": "/proc/sys/fs/binfmt_misc",
            "major": 0,
            "minor": 45,
            "root": "/",
            "options": "rw,relatime",
            "source": "binfmt_misc",
            "superOpt": "rw",
            "fields": "shared:32",
            "type": "binfmt_misc",
            "parentId": 47
          },
          {
            "mountId": 52,
            "mountPoint": "/sys/fs/fuse/connections",
            "major": 0,
            "minor": 46,
            "root": "/",
            "options": "rw,relatime",
            "source": "fusectl",
            "superOpt": "rw",
            "fields": "shared:33",
            "type": "fusectl",
            "parentId": 22
          },
          {
            "mountId": 124,
            "mountPoint": "/var",
            "major": 8,
            "minor": 8,
            "root": "/",
            "options": "rw,relatime",
            "source": "/dev/sda8",
            "superOpt": "rw,seclabel,attr2,inode64,logbufs=8,logbsize=32k,noquota",
            "fields": "shared:67",
            "type": "xfs",
            "parentId": 100
          },
          {
            "mountId": 127,
            "mountPoint": "/tmp",
            "major": 253,
            "minor": 2,
            "root": "/",
            "options": "rw,relatime",
            "source": "/dev/mapper/rhel-tmp",
            "superOpt": "rw,seclabel,attr2,inode64,logbufs=8,logbsize=32k,noquota",
            "fields": "shared:69",
            "type": "xfs",
            "parentId": 100
          },
          {
            "mountId": 130,
            "mountPoint": "/home",
            "major": 8,
            "minor": 6,
            "root": "/",
            "options": "rw,nosuid,nodev,noexec,relatime",
            "source": "/dev/sda6",
            "superOpt": "rw,seclabel,attr2,inode64,logbufs=8,logbsize=32k,noquota",
            "fields": "shared:71",
            "type": "xfs",
            "parentId": 100
          },
          {
            "mountId": 133,
            "mountPoint": "/usr/openv",
            "major": 253,
            "minor": 3,
            "root": "/",
            "options": "rw,relatime",
            "source": "/dev/mapper/rhel-usr_openv",
            "superOpt": "rw,seclabel,attr2,inode64,logbufs=8,logbsize=32k,noquota",
            "fields": "shared:73",
            "type": "xfs",
            "parentId": 100
          },
          {
            "mountId": 136,
            "mountPoint": "/var/log",
            "major": 8,
            "minor": 5,
            "root": "/",
            "options": "rw,relatime",
            "source": "/dev/sda5",
            "superOpt": "rw,seclabel,attr2,inode64,logbufs=8,logbsize=32k,noquota",
            "fields": "shared:75",
            "type": "xfs",
            "parentId": 124
          },
          {
            "mountId": 139,
            "mountPoint": "/boot",
            "major": 8,
            "minor": 2,
            "root": "/",
            "options": "rw,relatime",
            "source": "/dev/sda2",
            "superOpt": "rw,seclabel,attr2,inode64,logbufs=8,logbsize=32k,noquota",
            "fields": "shared:77",
            "type": "xfs",
            "parentId": 100
          },
          {
            "mountId": 142,
            "mountPoint": "/var/lib/mongo",
            "major": 253,
            "minor": 5,
            "root": "/",
            "options": "rw,relatime",
            "source": "/dev/mapper/vg_mongodb-lv_mongodb",
            "superOpt": "rw,seclabel,attr2,inode64,logbufs=8,logbsize=32k,noquota",
            "fields": "shared:79",
            "type": "xfs",
            "parentId": 124
          },
          {
            "mountId": 145,
            "mountPoint": "/boot/efi",
            "major": 8,
            "minor": 1,
            "root": "/",
            "options": "rw,relatime",
            "source": "/dev/sda1",
            "superOpt": "rw,fmask=0077,dmask=0077,codepage=437,iocharset=ascii,shortname=winnt,errors=remount-ro",
            "fields": "shared:81",
            "type": "vfat",
            "parentId": 139
          },
          {
            "mountId": 148,
            "mountPoint": "/var/log/audit",
            "major": 8,
            "minor": 7,
            "root": "/",
            "options": "rw,relatime",
            "source": "/dev/sda7",
            "superOpt": "rw,seclabel,attr2,inode64,logbufs=8,logbsize=32k,noquota",
            "fields": "shared:83",
            "type": "xfs",
            "parentId": 136
          },
          {
            "mountId": 151,
            "mountPoint": "/opt",
            "major": 253,
            "minor": 4,
            "root": "/",
            "options": "rw,relatime",
            "source": "/dev/mapper/rhel-opt",
            "superOpt": "rw,seclabel,attr2,inode64,logbufs=8,logbsize=32k,noquota",
            "fields": "shared:85",
            "type": "xfs",
            "parentId": 100
          },
          {
            "mountId": 154,
            "mountPoint": "/var/tmp",
            "major": 8,
            "minor": 4,
            "root": "/",
            "options": "rw,nosuid,nodev,noexec,relatime",
            "source": "/dev/sda4",
            "superOpt": "rw,seclabel,attr2,inode64,logbufs=8,logbsize=32k,noquota",
            "fields": "shared:87",
            "type": "xfs",
            "parentId": 124
          },
          {
            "mountId": 436,
            "mountPoint": "/run/user/0",
            "major": 0,
            "minor": 47,
            "root": "/",
            "options": "rw,nosuid,nodev,relatime",
            "source": "tmpfs",
            "superOpt": "rw,seclabel,size=6569024k,mode=700",
            "fields": "shared:233",
            "type": "tmpfs",
            "parentId": 28
          },
          {
            "mountId": 446,
            "mountPoint": "/sys/kernel/debug/tracing",
            "major": 0,
            "minor": 12,
            "root": "/",
            "options": "rw,relatime",
            "source": "tracefs",
            "superOpt": "rw,seclabel",
            "fields": "shared:239",
            "type": "tracefs",
            "parentId": 50
          }
        ]
      }},
      "ok": 1
    },
    "sz": "US",
    "l": {"$date": "2022-12-05T06:07:41.239Z"},
    "lowUlimit": false,
    "n": "MYPRVLXROSID01.prod-osi.ambg.com.my",
    "gv": "e61bf27c2f6a83fed36e5a13c008a32d563babe2",
    "authSchemaVersion": 5,
    "p": 27018,
    "pa": "<redacted>",
    "u": 245847,
    "v": "6.0.0",
    "selfId": {"$oid": "6389ca52a5a982a3da3657a5"},
    "lastIndexSizeWithoutLocal": 20480,
    "getLogsEnabled": false,
    "rbid": 1
  },
  {
    "dur": true,
    "userWriteBlockMode": 1,
    "cluster": {
      "id": {"$oid": "6385a945d9d0c60fdf7d9686"},
      "type": 1
    },
    "css": 3,
    "hid": false,
    "nsdbc": 1,
    "isDbStatsCacheStale": true,
    "hp": "MYPRVLXROSID03.prod-osi.ambg.com.my:27018",
    "lu": 245747,
    "ht": [8],
    "lastIndexSize": 446464,
    "sslEnabled": true,
    "lastDataSize": 7311687,
    "un": "root",
    "lastRestartEvent": {"$date": "2022-12-02T09:51:25.102Z"},
    "ipAddress": "10.121.209.81",
    "rsid": "AmbankProdreplica",
    "cmdLineOpts": {
      "parsed": {
        "replication": {"replSetName": "AmbankProdreplica"},
        "security": {
          "authorization": "enabled",
          "keyFile": "/var/lib/mongodb-mms-automation/keyfile",
          "javascriptEnabled": false
        },
        "processManagement": {
          "fork": true,
          "timeZoneInfo": "/usr/share/zoneinfo"
        },
        "setParameter": {"authenticationMechanisms": "SCRAM-SHA-1,SCRAM-SHA-256"},
        "systemLog": {
          "path": "/var/log/mongodb/mongod.log",
          "logAppend": true,
          "destination": "file",
          "quiet": false
        },
        "storage": {
          "journal": {"enabled": true},
          "dbPath": "/var/lib/mongo"
        },
        "net": {
          "bindIp": "0.0.0.0",
          "port": 27018,
          "tls": {
            "CAFile": "/etc/security/ambank-ca.crt",
            "mode": "requireTLS",
            "disabledProtocols": "TLS1_0,TLS1_1",
            "FIPSMode": true,
            "allowConnectionsWithoutCertificates": true,
            "certificateKeyFile": "/etc/security/ambank-mongodb.pem"
          }
        },
        "config": "/var/lib/mongo/automation-mongod.conf"
      },
      "ok": 1,
      "argv": [
        "/var/lib/mongodb-mms-automation/mongodb-linux-x86_64-6.0.0-ent/bin/mongod",
        "-f",
        "/var/lib/mongo/automation-mongod.conf"
      ]
    },
    "modules": ["enterprise"],
    "versions": [{
      "s": {"$date": "2022-11-29T06:40:18.819Z"},
      "v": "6.0.0",
      "m": ["enterprise"]
    }],
    "rh": 1,
    "sslSCED": {"$date": "2024-11-30T09:07:09Z"},
    "rcid": "90142790f3446835c16f6136",
    "slt": {"$date": "2022-12-05T06:07:37.567Z"},
    "_id": "aa6901539c742b4798a091daa3939090",
    "dataSource": "MONITORING_AGENT",
    "cid": {"$oid": "6316f61c5386443f09724109"},
    "rs": "SECONDARY",
    "hasStartupWarnings": true,
    "lastDataSizeWithoutLocal": 37,
    "authMechanism": "MONGODB_CR",
    "si": "deprecated",
    "cre": {"$date": "2022-11-29T06:40:05.321Z"},
    "fcv": "6.0",
    "sen": "wiredTiger",
    "uptimes": [
      {
        "recorded": {"$date": "2022-12-05T06:03:54.716Z"},
        "uptime": 245578
      },
      {
        "recorded": {"$date": "2022-12-05T06:04:48.454Z"},
        "uptime": 245633
      },
      {
        "recorded": {"$date": "2022-12-05T06:05:44.907Z"},
        "uptime": 245690
      },
      {
        "recorded": {"$date": "2022-12-05T06:06:43.954Z"},
        "uptime": 245747
      },
      {
        "recorded": {"$date": "2022-12-05T06:07:41.239Z"},
        "uptime": 245804
      }
    ],
    "b": "64",
    "e": true,
    "hostInfo": {
      "system": {
        "currentTime": {"$date": "2022-12-02T09:41:14.815Z"},
        "numCores": 8,
        "hostname": "MYPRVLXROSID03.prod-osi.ambg.com.my:27018",
        "numaEnabled": false,
        "memLimitMB": 64151,
        "cpuArch": "x86_64",
        "cpuAddrSize": 64,
        "memSizeMB": 64151
      },
      "os": {
        "name": "Red Hat Enterprise Linux release 8.5 (Ootpa)",
        "type": "Linux",
        "version": "Kernel 4.18.0-348.20.1.el8_5.x86_64"
      },
      "extra": {"extra": {
        "numPages": 16422709,
        "versionString": "Linux version 4.18.0-348.20.1.el8_5.x86_64 (mockbuild@x86-vm-07.build.eng.bos.redhat.com) (gcc version 8.5.0 20210514 (Red Hat 8.5.0-4) (GCC)) #1 SMP Tue Mar 8 12:56:54 EST 2022",
        "libcVersion": "2.28",
        "cpuFeatures": "fpu vme de pse tsc msr pae mce cx8 apic sep mtrr pge mca cmov pat pse36 clflush mmx fxsr sse sse2 ss syscall nx pdpe1gb rdtscp lm constant_tsc arch_perfmon nopl xtopology tsc_reliable nonstop_tsc cpuid pni pclmulqdq ssse3 fma cx16 pcid sse4_1 sse4_2 x2apic movbe popcnt tsc_deadline_timer aes xsave avx f16c rdrand hypervisor lahf_lm abm 3dnowprefetch cpuid_fault invpcid_single ssbd ibrs ibpb stibp ibrs_enhanced fsgsbase tsc_adjust bmi1 avx2 smep bmi2 invpcid avx512f avx512dq rdseed adx smap clflushopt clwb avx512cd avx512bw avx512vl xsaveopt xsavec xsaves arat pku ospke md_clear flush_l1d arch_capabilities",
        "kernelVersion": "4.18.0-348.20.1.el8_5.x86_64",
        "cpuFrequencyMHz": "2494.140",
        "pageSize": 4096,
        "maxOpenFiles": 64000,
        "physicalCores": 8,
        "mountInfo": [
          {
            "mountId": 22,
            "mountPoint": "/sys",
            "major": 0,
            "minor": 21,
            "root": "/",
            "options": "rw,nosuid,nodev,noexec,relatime",
            "source": "sysfs",
            "superOpt": "rw,seclabel",
            "fields": "shared:2",
            "type": "sysfs",
            "parentId": 97
          },
          {
            "mountId": 23,
            "mountPoint": "/proc",
            "major": 0,
            "minor": 5,
            "root": "/",
            "options": "rw,nosuid,nodev,noexec,relatime",
            "source": "proc",
            "superOpt": "rw",
            "fields": "shared:26",
            "type": "proc",
            "parentId": 97
          },
          {
            "mountId": 24,
            "mountPoint": "/dev",
            "major": 0,
            "minor": 6,
            "root": "/",
            "options": "rw,nosuid",
            "source": "devtmpfs",
            "superOpt": "rw,seclabel,size=32827332k,nr_inodes=8206833,mode=755",
            "fields": "shared:22",
            "type": "devtmpfs",
            "parentId": 97
          },
          {
            "mountId": 25,
            "mountPoint": "/sys/kernel/security",
            "major": 0,
            "minor": 7,
            "root": "/",
            "options": "rw,nosuid,nodev,noexec,relatime",
            "source": "securityfs",
            "superOpt": "rw",
            "fields": "shared:3",
            "type": "securityfs",
            "parentId": 22
          },
          {
            "mountId": 26,
            "mountPoint": "/dev/shm",
            "major": 0,
            "minor": 22,
            "root": "/",
            "options": "rw,nosuid,nodev,noexec",
            "source": "tmpfs",
            "superOpt": "rw,seclabel",
            "fields": "shared:23",
            "type": "tmpfs",
            "parentId": 24
          },
          {
            "mountId": 27,
            "mountPoint": "/dev/pts",
            "major": 0,
            "minor": 23,
            "root": "/",
            "options": "rw,nosuid,noexec,relatime",
            "source": "devpts",
            "superOpt": "rw,seclabel,gid=5,mode=620,ptmxmode=000",
            "fields": "shared:24",
            "type": "devpts",
            "parentId": 24
          },
          {
            "mountId": 28,
            "mountPoint": "/run",
            "major": 0,
            "minor": 24,
            "root": "/",
            "options": "rw,nosuid,nodev",
            "source": "tmpfs",
            "superOpt": "rw,seclabel,mode=755",
            "fields": "shared:25",
            "type": "tmpfs",
            "parentId": 97
          },
          {
            "mountId": 29,
            "mountPoint": "/sys/fs/cgroup",
            "major": 0,
            "minor": 25,
            "root": "/",
            "options": "ro,nosuid,nodev,noexec",
            "source": "tmpfs",
            "superOpt": "ro,seclabel,mode=755",
            "fields": "shared:4",
            "type": "tmpfs",
            "parentId": 22
          },
          {
            "mountId": 30,
            "mountPoint": "/sys/fs/cgroup/systemd",
            "major": 0,
            "minor": 26,
            "root": "/",
            "options": "rw,nosuid,nodev,noexec,relatime",
            "source": "cgroup",
            "superOpt": "rw,seclabel,xattr,release_agent=/usr/lib/systemd/systemd-cgroups-agent,name=systemd",
            "fields": "shared:5",
            "type": "cgroup",
            "parentId": 29
          },
          {
            "mountId": 31,
            "mountPoint": "/sys/fs/pstore",
            "major": 0,
            "minor": 27,
            "root": "/",
            "options": "rw,nosuid,nodev,noexec,relatime",
            "source": "pstore",
            "superOpt": "rw,seclabel",
            "fields": "shared:17",
            "type": "pstore",
            "parentId": 22
          },
          {
            "mountId": 32,
            "mountPoint": "/sys/fs/bpf",
            "major": 0,
            "minor": 28,
            "root": "/",
            "options": "rw,nosuid,nodev,noexec,relatime",
            "source": "bpf",
            "superOpt": "rw,mode=700",
            "fields": "shared:18",
            "type": "bpf",
            "parentId": 22
          },
          {
            "mountId": 33,
            "mountPoint": "/sys/fs/cgroup/blkio",
            "major": 0,
            "minor": 29,
            "root": "/",
            "options": "rw,nosuid,nodev,noexec,relatime",
            "source": "cgroup",
            "superOpt": "rw,seclabel,blkio",
            "fields": "shared:6",
            "type": "cgroup",
            "parentId": 29
          },
          {
            "mountId": 34,
            "mountPoint": "/sys/fs/cgroup/rdma",
            "major": 0,
            "minor": 30,
            "root": "/",
            "options": "rw,nosuid,nodev,noexec,relatime",
            "source": "cgroup",
            "superOpt": "rw,seclabel,rdma",
            "fields": "shared:7",
            "type": "cgroup",
            "parentId": 29
          },
          {
            "mountId": 35,
            "mountPoint": "/sys/fs/cgroup/cpuset",
            "major": 0,
            "minor": 31,
            "root": "/",
            "options": "rw,nosuid,nodev,noexec,relatime",
            "source": "cgroup",
            "superOpt": "rw,seclabel,cpuset",
            "fields": "shared:8",
            "type": "cgroup",
            "parentId": 29
          },
          {
            "mountId": 36,
            "mountPoint": "/sys/fs/cgroup/devices",
            "major": 0,
            "minor": 32,
            "root": "/",
            "options": "rw,nosuid,nodev,noexec,relatime",
            "source": "cgroup",
            "superOpt": "rw,seclabel,devices",
            "fields": "shared:9",
            "type": "cgroup",
            "parentId": 29
          },
          {
            "mountId": 37,
            "mountPoint": "/sys/fs/cgroup/hugetlb",
            "major": 0,
            "minor": 33,
            "root": "/",
            "options": "rw,nosuid,nodev,noexec,relatime",
            "source": "cgroup",
            "superOpt": "rw,seclabel,hugetlb",
            "fields": "shared:10",
            "type": "cgroup",
            "parentId": 29
          },
          {
            "mountId": 38,
            "mountPoint": "/sys/fs/cgroup/net_cls,net_prio",
            "major": 0,
            "minor": 34,
            "root": "/",
            "options": "rw,nosuid,nodev,noexec,relatime",
            "source": "cgroup",
            "superOpt": "rw,seclabel,net_cls,net_prio",
            "fields": "shared:11",
            "type": "cgroup",
            "parentId": 29
          },
          {
            "mountId": 39,
            "mountPoint": "/sys/fs/cgroup/freezer",
            "major": 0,
            "minor": 35,
            "root": "/",
            "options": "rw,nosuid,nodev,noexec,relatime",
            "source": "cgroup",
            "superOpt": "rw,seclabel,freezer",
            "fields": "shared:12",
            "type": "cgroup",
            "parentId": 29
          },
          {
            "mountId": 40,
            "mountPoint": "/sys/fs/cgroup/perf_event",
            "major": 0,
            "minor": 36,
            "root": "/",
            "options": "rw,nosuid,nodev,noexec,relatime",
            "source": "cgroup",
            "superOpt": "rw,seclabel,perf_event",
            "fields": "shared:13",
            "type": "cgroup",
            "parentId": 29
          },
          {
            "mountId": 41,
            "mountPoint": "/sys/fs/cgroup/pids",
            "major": 0,
            "minor": 37,
            "root": "/",
            "options": "rw,nosuid,nodev,noexec,relatime",
            "source": "cgroup",
            "superOpt": "rw,seclabel,pids",
            "fields": "shared:14",
            "type": "cgroup",
            "parentId": 29
          },
          {
            "mountId": 42,
            "mountPoint": "/sys/fs/cgroup/memory",
            "major": 0,
            "minor": 38,
            "root": "/",
            "options": "rw,nosuid,nodev,noexec,relatime",
            "source": "cgroup",
            "superOpt": "rw,seclabel,memory",
            "fields": "shared:15",
            "type": "cgroup",
            "parentId": 29
          },
          {
            "mountId": 43,
            "mountPoint": "/sys/fs/cgroup/cpu,cpuacct",
            "major": 0,
            "minor": 39,
            "root": "/",
            "options": "rw,nosuid,nodev,noexec,relatime",
            "source": "cgroup",
            "superOpt": "rw,seclabel,cpu,cpuacct",
            "fields": "shared:16",
            "type": "cgroup",
            "parentId": 29
          },
          {
            "mountId": 44,
            "mountPoint": "/sys/kernel/tracing",
            "major": 0,
            "minor": 12,
            "root": "/",
            "options": "rw,relatime",
            "source": "none",
            "superOpt": "rw,seclabel",
            "fields": "shared:19",
            "type": "tracefs",
            "parentId": 22
          },
          {
            "mountId": 93,
            "mountPoint": "/sys/kernel/config",
            "major": 0,
            "minor": 40,
            "root": "/",
            "options": "rw,relatime",
            "source": "configfs",
            "superOpt": "rw",
            "fields": "shared:20",
            "type": "configfs",
            "parentId": 22
          },
          {
            "mountId": 97,
            "mountPoint": "/",
            "major": 253,
            "minor": 0,
            "root": "/",
            "options": "rw,relatime",
            "source": "/dev/mapper/rhel-root",
            "superOpt": "rw,seclabel,attr2,inode64,logbufs=8,logbsize=32k,noquota",
            "fields": "shared:1",
            "type": "xfs",
            "parentId": 1
          },
          {
            "mountId": 45,
            "mountPoint": "/sys/fs/selinux",
            "major": 0,
            "minor": 20,
            "root": "/",
            "options": "rw,relatime",
            "source": "selinuxfs",
            "superOpt": "rw",
            "fields": "shared:21",
            "type": "selinuxfs",
            "parentId": 22
          },
          {
            "mountId": 46,
            "mountPoint": "/proc/sys/fs/binfmt_misc",
            "major": 0,
            "minor": 42,
            "root": "/",
            "options": "rw,relatime",
            "source": "systemd-1",
            "superOpt": "rw,fd=36,pgrp=1,timeout=0,minproto=5,maxproto=5,direct,pipe_ino=23941",
            "fields": "shared:27",
            "type": "autofs",
            "parentId": 23
          },
          {
            "mountId": 47,
            "mountPoint": "/dev/mqueue",
            "major": 0,
            "minor": 19,
            "root": "/",
            "options": "rw,relatime",
            "source": "mqueue",
            "superOpt": "rw,seclabel",
            "fields": "shared:28",
            "type": "mqueue",
            "parentId": 24
          },
          {
            "mountId": 48,
            "mountPoint": "/dev/hugepages",
            "major": 0,
            "minor": 43,
            "root": "/",
            "options": "rw,relatime",
            "source": "hugetlbfs",
            "superOpt": "rw,seclabel,pagesize=2M",
            "fields": "shared:29",
            "type": "hugetlbfs",
            "parentId": 24
          },
          {
            "mountId": 49,
            "mountPoint": "/sys/kernel/debug",
            "major": 0,
            "minor": 8,
            "root": "/",
            "options": "rw,relatime",
            "source": "debugfs",
            "superOpt": "rw,seclabel",
            "fields": "shared:30",
            "type": "debugfs",
            "parentId": 22
          },
          {
            "mountId": 50,
            "mountPoint": "/proc/sys/fs/binfmt_misc",
            "major": 0,
            "minor": 44,
            "root": "/",
            "options": "rw,relatime",
            "source": "binfmt_misc",
            "superOpt": "rw",
            "fields": "shared:31",
            "type": "binfmt_misc",
            "parentId": 46
          },
          {
            "mountId": 52,
            "mountPoint": "/sys/fs/fuse/connections",
            "major": 0,
            "minor": 45,
            "root": "/",
            "options": "rw,relatime",
            "source": "fusectl",
            "superOpt": "rw",
            "fields": "shared:32",
            "type": "fusectl",
            "parentId": 22
          },
          {
            "mountId": 121,
            "mountPoint": "/opt",
            "major": 253,
            "minor": 2,
            "root": "/",
            "options": "rw,relatime",
            "source": "/dev/mapper/rhel-opt",
            "superOpt": "rw,seclabel,attr2,inode64,logbufs=8,logbsize=32k,noquota",
            "fields": "shared:65",
            "type": "xfs",
            "parentId": 97
          },
          {
            "mountId": 124,
            "mountPoint": "/boot",
            "major": 8,
            "minor": 1,
            "root": "/",
            "options": "rw,relatime",
            "source": "/dev/sda1",
            "superOpt": "rw,seclabel,attr2,inode64,logbufs=8,logbsize=32k,noquota",
            "fields": "shared:67",
            "type": "xfs",
            "parentId": 97
          },
          {
            "mountId": 127,
            "mountPoint": "/usr/openv",
            "major": 253,
            "minor": 3,
            "root": "/",
            "options": "rw,relatime",
            "source": "/dev/mapper/rhel-usr_openv",
            "superOpt": "rw,seclabel,attr2,inode64,logbufs=8,logbsize=32k,noquota",
            "fields": "shared:69",
            "type": "xfs",
            "parentId": 97
          },
          {
            "mountId": 130,
            "mountPoint": "/home",
            "major": 8,
            "minor": 6,
            "root": "/",
            "options": "rw,nosuid,nodev,noexec,relatime",
            "source": "/dev/sda6",
            "superOpt": "rw,seclabel,attr2,inode64,logbufs=8,logbsize=32k,noquota",
            "fields": "shared:71",
            "type": "xfs",
            "parentId": 97
          },
          {
            "mountId": 133,
            "mountPoint": "/tmp",
            "major": 253,
            "minor": 5,
            "root": "/",
            "options": "rw,nosuid,nodev,noexec,relatime",
            "source": "/dev/mapper/rhel-tmp",
            "superOpt": "rw,seclabel,attr2,inode64,logbufs=8,logbsize=32k,noquota",
            "fields": "shared:73",
            "type": "xfs",
            "parentId": 97
          },
          {
            "mountId": 136,
            "mountPoint": "/var",
            "major": 8,
            "minor": 3,
            "root": "/",
            "options": "rw,relatime",
            "source": "/dev/sda3",
            "superOpt": "rw,seclabel,attr2,inode64,logbufs=8,logbsize=32k,noquota",
            "fields": "shared:75",
            "type": "xfs",
            "parentId": 97
          },
          {
            "mountId": 139,
            "mountPoint": "/var/log",
            "major": 8,
            "minor": 5,
            "root": "/",
            "options": "rw,relatime",
            "source": "/dev/sda5",
            "superOpt": "rw,seclabel,attr2,inode64,logbufs=8,logbsize=32k,noquota",
            "fields": "shared:77",
            "type": "xfs",
            "parentId": 136
          },
          {
            "mountId": 142,
            "mountPoint": "/var/lib/mongo",
            "major": 253,
            "minor": 4,
            "root": "/",
            "options": "rw,relatime",
            "source": "/dev/mapper/vg_mongodb-lv_mongodb",
            "superOpt": "rw,seclabel,attr2,inode64,logbufs=8,logbsize=32k,noquota",
            "fields": "shared:79",
            "type": "xfs",
            "parentId": 136
          },
          {
            "mountId": 145,
            "mountPoint": "/var/log/audit",
            "major": 8,
            "minor": 7,
            "root": "/",
            "options": "rw,relatime",
            "source": "/dev/sda7",
            "superOpt": "rw,seclabel,attr2,inode64,logbufs=8,logbsize=32k,noquota",
            "fields": "shared:81",
            "type": "xfs",
            "parentId": 139
          },
          {
            "mountId": 148,
            "mountPoint": "/var/tmp",
            "major": 8,
            "minor": 2,
            "root": "/",
            "options": "rw,nosuid,nodev,noexec,relatime",
            "source": "/dev/sda2",
            "superOpt": "rw,seclabel,attr2,inode64,logbufs=8,logbsize=32k,noquota",
            "fields": "shared:83",
            "type": "xfs",
            "parentId": 136
          },
          {
            "mountId": 267,
            "mountPoint": "/run/user/0",
            "major": 0,
            "minor": 46,
            "root": "/",
            "options": "rw,nosuid,nodev,relatime",
            "source": "tmpfs",
            "superOpt": "rw,seclabel,size=6569080k,mode=700",
            "fields": "shared:223",
            "type": "tmpfs",
            "parentId": 28
          }
        ]
      }},
      "ok": 1
    },
    "sz": "US",
    "l": {"$date": "2022-12-05T06:07:41.239Z"},
    "lowUlimit": false,
    "n": "MYPRVLXROSID03.prod-osi.ambg.com.my",
    "gv": "e61bf27c2f6a83fed36e5a13c008a32d563babe2",
    "authSchemaVersion": 5,
    "p": 27018,
    "pa": "<redacted>",
    "u": 245804,
    "v": "6.0.0",
    "selfId": {"$oid": "6389ca7d3cc9cfde1d0ba524"},
    "lastIndexSizeWithoutLocal": 20480,
    "rbid": 1
  },
  {
    "dur": true,
    "userWriteBlockMode": 1,
    "cluster": {
      "id": {"$oid": "6385a945d9d0c60fdf7d9686"},
      "type": 1
    },
    "css": 3,
    "hid": false,
    "nsdbc": 1,
    "isDbStatsCacheStale": true,
    "hp": "MYPRVLXROSID02.prod-osi.ambg.com.my:27018",
    "lu": 245769,
    "ht": [7],
    "lastIndexSize": 458752,
    "sslEnabled": true,
    "lastDataSize": 7322231,
    "un": "root",
    "lastRestartEvent": {"$date": "2022-12-02T09:51:25.119Z"},
    "ipAddress": "10.121.209.79",
    "rsid": "AmbankProdreplica",
    "cmdLineOpts": {
      "parsed": {
        "replication": {"replSetName": "AmbankProdreplica"},
        "security": {
          "authorization": "enabled",
          "keyFile": "/var/lib/mongodb-mms-automation/keyfile",
          "javascriptEnabled": false
        },
        "processManagement": {
          "fork": true,
          "timeZoneInfo": "/usr/share/zoneinfo"
        },
        "setParameter": {"authenticationMechanisms": "SCRAM-SHA-1,SCRAM-SHA-256"},
        "systemLog": {
          "path": "/var/log/mongodb/mongod.log",
          "logAppend": true,
          "destination": "file",
          "quiet": false
        },
        "storage": {
          "journal": {"enabled": true},
          "dbPath": "/var/lib/mongo"
        },
        "net": {
          "bindIp": "0.0.0.0",
          "port": 27018,
          "tls": {
            "CAFile": "/etc/security/ambank-ca.crt",
            "mode": "requireTLS",
            "disabledProtocols": "TLS1_0,TLS1_1",
            "FIPSMode": true,
            "allowConnectionsWithoutCertificates": true,
            "certificateKeyFile": "/etc/security/ambank-mongodb.pem"
          }
        },
        "config": "/var/lib/mongo/automation-mongod.conf"
      },
      "ok": 1,
      "argv": [
        "/var/lib/mongodb-mms-automation/mongodb-linux-x86_64-6.0.0-ent/bin/mongod",
        "-f",
        "/var/lib/mongo/automation-mongod.conf"
      ]
    },
    "modules": ["enterprise"],
    "versions": [{
      "s": {"$date": "2022-11-29T06:40:18.807Z"},
      "v": "6.0.0",
      "m": ["enterprise"]
    }],
    "rh": 1,
    "sslSCED": {"$date": "2024-11-30T09:07:09Z"},
    "rcid": "90142790f3446835c16f6136",
    "slt": {"$date": "2022-12-05T06:07:37.569Z"},
    "_id": "c0ea4984c3158f45068c75cb2b56d21e",
    "dataSource": "MONITORING_AGENT",
    "cid": {"$oid": "6316f61c5386443f09724109"},
    "rs": "PRIMARY",
    "hasStartupWarnings": true,
    "lastDataSizeWithoutLocal": 37,
    "authMechanism": "MONGODB_CR",
    "si": "deprecated",
    "cre": {"$date": "2022-11-29T06:40:05.332Z"},
    "fcv": "6.0",
    "sen": "wiredTiger",
    "uptimes": [
      {
        "recorded": {"$date": "2022-12-05T06:03:54.716Z"},
        "uptime": 245600
      },
      {
        "recorded": {"$date": "2022-12-05T06:04:48.454Z"},
        "uptime": 245655
      },
      {
        "recorded": {"$date": "2022-12-05T06:05:44.907Z"},
        "uptime": 245712
      },
      {
        "recorded": {"$date": "2022-12-05T06:06:43.954Z"},
        "uptime": 245769
      },
      {
        "recorded": {"$date": "2022-12-05T06:07:41.239Z"},
        "uptime": 245826
      }
    ],
    "b": "64",
    "e": true,
    "hostInfo": {
      "system": {
        "currentTime": {"$date": "2022-12-02T09:42:19.711Z"},
        "numCores": 8,
        "hostname": "MYPRVLXROSID02.prod-osi.ambg.com.my:27018",
        "numaEnabled": false,
        "memLimitMB": 64151,
        "cpuArch": "x86_64",
        "cpuAddrSize": 64,
        "memSizeMB": 64151
      },
      "os": {
        "name": "Red Hat Enterprise Linux release 8.5 (Ootpa)",
        "type": "Linux",
        "version": "Kernel 4.18.0-348.el8.x86_64"
      },
      "extra": {"extra": {
        "numPages": 16422711,
        "versionString": "Linux version 4.18.0-348.el8.x86_64 (mockbuild@x86-vm-09.build.eng.bos.redhat.com) (gcc version 8.5.0 20210514 (Red Hat 8.5.0-3) (GCC)) #1 SMP Mon Oct 4 12:17:22 EDT 2021",
        "libcVersion": "2.28",
        "cpuFeatures": "fpu vme de pse tsc msr pae mce cx8 apic sep mtrr pge mca cmov pat pse36 clflush mmx fxsr sse sse2 ss syscall nx pdpe1gb rdtscp lm constant_tsc arch_perfmon nopl xtopology tsc_reliable nonstop_tsc cpuid pni pclmulqdq ssse3 fma cx16 pcid sse4_1 sse4_2 x2apic movbe popcnt tsc_deadline_timer aes xsave avx f16c rdrand hypervisor lahf_lm abm 3dnowprefetch cpuid_fault invpcid_single ssbd ibrs ibpb stibp ibrs_enhanced fsgsbase tsc_adjust bmi1 avx2 smep bmi2 invpcid avx512f avx512dq rdseed adx smap clflushopt clwb avx512cd avx512bw avx512vl xsaveopt xsavec xsaves arat pku ospke md_clear flush_l1d arch_capabilities",
        "kernelVersion": "4.18.0-348.el8.x86_64",
        "cpuFrequencyMHz": "2494.140",
        "pageSize": 4096,
        "maxOpenFiles": 64000,
        "physicalCores": 8,
        "mountInfo": [
          {
            "mountId": 22,
            "mountPoint": "/sys",
            "major": 0,
            "minor": 21,
            "root": "/",
            "options": "rw,nosuid,nodev,noexec,relatime",
            "source": "sysfs",
            "superOpt": "rw,seclabel",
            "fields": "shared:2",
            "type": "sysfs",
            "parentId": 97
          },
          {
            "mountId": 23,
            "mountPoint": "/proc",
            "major": 0,
            "minor": 5,
            "root": "/",
            "options": "rw,nosuid,nodev,noexec,relatime",
            "source": "proc",
            "superOpt": "rw",
            "fields": "shared:26",
            "type": "proc",
            "parentId": 97
          },
          {
            "mountId": 24,
            "mountPoint": "/dev",
            "major": 0,
            "minor": 6,
            "root": "/",
            "options": "rw,nosuid",
            "source": "devtmpfs",
            "superOpt": "rw,seclabel,size=32826252k,nr_inodes=8206563,mode=755",
            "fields": "shared:22",
            "type": "devtmpfs",
            "parentId": 97
          },
          {
            "mountId": 25,
            "mountPoint": "/sys/kernel/security",
            "major": 0,
            "minor": 7,
            "root": "/",
            "options": "rw,nosuid,nodev,noexec,relatime",
            "source": "securityfs",
            "superOpt": "rw",
            "fields": "shared:3",
            "type": "securityfs",
            "parentId": 22
          },
          {
            "mountId": 26,
            "mountPoint": "/dev/shm",
            "major": 0,
            "minor": 22,
            "root": "/",
            "options": "rw,nosuid,nodev,noexec",
            "source": "tmpfs",
            "superOpt": "rw,seclabel",
            "fields": "shared:23",
            "type": "tmpfs",
            "parentId": 24
          },
          {
            "mountId": 27,
            "mountPoint": "/dev/pts",
            "major": 0,
            "minor": 23,
            "root": "/",
            "options": "rw,nosuid,noexec,relatime",
            "source": "devpts",
            "superOpt": "rw,seclabel,gid=5,mode=620,ptmxmode=000",
            "fields": "shared:24",
            "type": "devpts",
            "parentId": 24
          },
          {
            "mountId": 28,
            "mountPoint": "/run",
            "major": 0,
            "minor": 24,
            "root": "/",
            "options": "rw,nosuid,nodev",
            "source": "tmpfs",
            "superOpt": "rw,seclabel,mode=755",
            "fields": "shared:25",
            "type": "tmpfs",
            "parentId": 97
          },
          {
            "mountId": 29,
            "mountPoint": "/sys/fs/cgroup",
            "major": 0,
            "minor": 25,
            "root": "/",
            "options": "ro,nosuid,nodev,noexec",
            "source": "tmpfs",
            "superOpt": "ro,seclabel,mode=755",
            "fields": "shared:4",
            "type": "tmpfs",
            "parentId": 22
          },
          {
            "mountId": 30,
            "mountPoint": "/sys/fs/cgroup/systemd",
            "major": 0,
            "minor": 26,
            "root": "/",
            "options": "rw,nosuid,nodev,noexec,relatime",
            "source": "cgroup",
            "superOpt": "rw,seclabel,xattr,release_agent=/usr/lib/systemd/systemd-cgroups-agent,name=systemd",
            "fields": "shared:5",
            "type": "cgroup",
            "parentId": 29
          },
          {
            "mountId": 31,
            "mountPoint": "/sys/fs/pstore",
            "major": 0,
            "minor": 27,
            "root": "/",
            "options": "rw,nosuid,nodev,noexec,relatime",
            "source": "pstore",
            "superOpt": "rw,seclabel",
            "fields": "shared:17",
            "type": "pstore",
            "parentId": 22
          },
          {
            "mountId": 32,
            "mountPoint": "/sys/fs/bpf",
            "major": 0,
            "minor": 28,
            "root": "/",
            "options": "rw,nosuid,nodev,noexec,relatime",
            "source": "bpf",
            "superOpt": "rw,mode=700",
            "fields": "shared:18",
            "type": "bpf",
            "parentId": 22
          },
          {
            "mountId": 33,
            "mountPoint": "/sys/fs/cgroup/cpu,cpuacct",
            "major": 0,
            "minor": 29,
            "root": "/",
            "options": "rw,nosuid,nodev,noexec,relatime",
            "source": "cgroup",
            "superOpt": "rw,seclabel,cpu,cpuacct",
            "fields": "shared:6",
            "type": "cgroup",
            "parentId": 29
          },
          {
            "mountId": 34,
            "mountPoint": "/sys/fs/cgroup/rdma",
            "major": 0,
            "minor": 30,
            "root": "/",
            "options": "rw,nosuid,nodev,noexec,relatime",
            "source": "cgroup",
            "superOpt": "rw,seclabel,rdma",
            "fields": "shared:7",
            "type": "cgroup",
            "parentId": 29
          },
          {
            "mountId": 35,
            "mountPoint": "/sys/fs/cgroup/net_cls,net_prio",
            "major": 0,
            "minor": 31,
            "root": "/",
            "options": "rw,nosuid,nodev,noexec,relatime",
            "source": "cgroup",
            "superOpt": "rw,seclabel,net_cls,net_prio",
            "fields": "shared:8",
            "type": "cgroup",
            "parentId": 29
          },
          {
            "mountId": 36,
            "mountPoint": "/sys/fs/cgroup/memory",
            "major": 0,
            "minor": 32,
            "root": "/",
            "options": "rw,nosuid,nodev,noexec,relatime",
            "source": "cgroup",
            "superOpt": "rw,seclabel,memory",
            "fields": "shared:9",
            "type": "cgroup",
            "parentId": 29
          },
          {
            "mountId": 37,
            "mountPoint": "/sys/fs/cgroup/devices",
            "major": 0,
            "minor": 33,
            "root": "/",
            "options": "rw,nosuid,nodev,noexec,relatime",
            "source": "cgroup",
            "superOpt": "rw,seclabel,devices",
            "fields": "shared:10",
            "type": "cgroup",
            "parentId": 29
          },
          {
            "mountId": 38,
            "mountPoint": "/sys/fs/cgroup/hugetlb",
            "major": 0,
            "minor": 34,
            "root": "/",
            "options": "rw,nosuid,nodev,noexec,relatime",
            "source": "cgroup",
            "superOpt": "rw,seclabel,hugetlb",
            "fields": "shared:11",
            "type": "cgroup",
            "parentId": 29
          },
          {
            "mountId": 39,
            "mountPoint": "/sys/fs/cgroup/freezer",
            "major": 0,
            "minor": 35,
            "root": "/",
            "options": "rw,nosuid,nodev,noexec,relatime",
            "source": "cgroup",
            "superOpt": "rw,seclabel,freezer",
            "fields": "shared:12",
            "type": "cgroup",
            "parentId": 29
          },
          {
            "mountId": 40,
            "mountPoint": "/sys/fs/cgroup/perf_event",
            "major": 0,
            "minor": 36,
            "root": "/",
            "options": "rw,nosuid,nodev,noexec,relatime",
            "source": "cgroup",
            "superOpt": "rw,seclabel,perf_event",
            "fields": "shared:13",
            "type": "cgroup",
            "parentId": 29
          },
          {
            "mountId": 41,
            "mountPoint": "/sys/fs/cgroup/pids",
            "major": 0,
            "minor": 37,
            "root": "/",
            "options": "rw,nosuid,nodev,noexec,relatime",
            "source": "cgroup",
            "superOpt": "rw,seclabel,pids",
            "fields": "shared:14",
            "type": "cgroup",
            "parentId": 29
          },
          {
            "mountId": 42,
            "mountPoint": "/sys/fs/cgroup/blkio",
            "major": 0,
            "minor": 38,
            "root": "/",
            "options": "rw,nosuid,nodev,noexec,relatime",
            "source": "cgroup",
            "superOpt": "rw,seclabel,blkio",
            "fields": "shared:15",
            "type": "cgroup",
            "parentId": 29
          },
          {
            "mountId": 43,
            "mountPoint": "/sys/fs/cgroup/cpuset",
            "major": 0,
            "minor": 39,
            "root": "/",
            "options": "rw,nosuid,nodev,noexec,relatime",
            "source": "cgroup",
            "superOpt": "rw,seclabel,cpuset",
            "fields": "shared:16",
            "type": "cgroup",
            "parentId": 29
          },
          {
            "mountId": 44,
            "mountPoint": "/sys/kernel/tracing",
            "major": 0,
            "minor": 12,
            "root": "/",
            "options": "rw,relatime",
            "source": "none",
            "superOpt": "rw,seclabel",
            "fields": "shared:19",
            "type": "tracefs",
            "parentId": 22
          },
          {
            "mountId": 93,
            "mountPoint": "/sys/kernel/config",
            "major": 0,
            "minor": 40,
            "root": "/",
            "options": "rw,relatime",
            "source": "configfs",
            "superOpt": "rw",
            "fields": "shared:20",
            "type": "configfs",
            "parentId": 22
          },
          {
            "mountId": 97,
            "mountPoint": "/",
            "major": 253,
            "minor": 0,
            "root": "/",
            "options": "rw,relatime",
            "source": "/dev/mapper/rhel-root",
            "superOpt": "rw,seclabel,attr2,inode64,logbufs=8,logbsize=32k,noquota",
            "fields": "shared:1",
            "type": "xfs",
            "parentId": 1
          },
          {
            "mountId": 45,
            "mountPoint": "/sys/fs/selinux",
            "major": 0,
            "minor": 20,
            "root": "/",
            "options": "rw,relatime",
            "source": "selinuxfs",
            "superOpt": "rw",
            "fields": "shared:21",
            "type": "selinuxfs",
            "parentId": 22
          },
          {
            "mountId": 46,
            "mountPoint": "/proc/sys/fs/binfmt_misc",
            "major": 0,
            "minor": 42,
            "root": "/",
            "options": "rw,relatime",
            "source": "systemd-1",
            "superOpt": "rw,fd=35,pgrp=1,timeout=0,minproto=5,maxproto=5,direct,pipe_ino=1912",
            "fields": "shared:27",
            "type": "autofs",
            "parentId": 23
          },
          {
            "mountId": 47,
            "mountPoint": "/sys/kernel/debug",
            "major": 0,
            "minor": 8,
            "root": "/",
            "options": "rw,relatime",
            "source": "debugfs",
            "superOpt": "rw,seclabel",
            "fields": "shared:28",
            "type": "debugfs",
            "parentId": 22
          },
          {
            "mountId": 48,
            "mountPoint": "/dev/mqueue",
            "major": 0,
            "minor": 19,
            "root": "/",
            "options": "rw,relatime",
            "source": "mqueue",
            "superOpt": "rw,seclabel",
            "fields": "shared:29",
            "type": "mqueue",
            "parentId": 24
          },
          {
            "mountId": 49,
            "mountPoint": "/dev/hugepages",
            "major": 0,
            "minor": 43,
            "root": "/",
            "options": "rw,relatime",
            "source": "hugetlbfs",
            "superOpt": "rw,seclabel,pagesize=2M",
            "fields": "shared:30",
            "type": "hugetlbfs",
            "parentId": 24
          },
          {
            "mountId": 50,
            "mountPoint": "/proc/sys/fs/binfmt_misc",
            "major": 0,
            "minor": 44,
            "root": "/",
            "options": "rw,relatime",
            "source": "binfmt_misc",
            "superOpt": "rw",
            "fields": "shared:31",
            "type": "binfmt_misc",
            "parentId": 46
          },
          {
            "mountId": 52,
            "mountPoint": "/sys/fs/fuse/connections",
            "major": 0,
            "minor": 45,
            "root": "/",
            "options": "rw,relatime",
            "source": "fusectl",
            "superOpt": "rw",
            "fields": "shared:32",
            "type": "fusectl",
            "parentId": 22
          },
          {
            "mountId": 121,
            "mountPoint": "/opt",
            "major": 253,
            "minor": 5,
            "root": "/",
            "options": "rw,relatime",
            "source": "/dev/mapper/rhel-opt",
            "superOpt": "rw,seclabel,attr2,inode64,logbufs=8,logbsize=32k,noquota",
            "fields": "shared:65",
            "type": "xfs",
            "parentId": 97
          },
          {
            "mountId": 124,
            "mountPoint": "/usr/openv",
            "major": 253,
            "minor": 4,
            "root": "/",
            "options": "rw,relatime",
            "source": "/dev/mapper/rhel-usr_openv",
            "superOpt": "rw,seclabel,attr2,inode64,logbufs=8,logbsize=32k,noquota",
            "fields": "shared:67",
            "type": "xfs",
            "parentId": 97
          },
          {
            "mountId": 127,
            "mountPoint": "/tmp",
            "major": 253,
            "minor": 2,
            "root": "/",
            "options": "rw,relatime",
            "source": "/dev/mapper/rhel-tmp",
            "superOpt": "rw,seclabel,attr2,inode64,logbufs=8,logbsize=32k,noquota",
            "fields": "shared:69",
            "type": "xfs",
            "parentId": 97
          },
          {
            "mountId": 130,
            "mountPoint": "/var",
            "major": 8,
            "minor": 8,
            "root": "/",
            "options": "rw,relatime",
            "source": "/dev/sda8",
            "superOpt": "rw,seclabel,attr2,inode64,logbufs=8,logbsize=32k,noquota",
            "fields": "shared:71",
            "type": "xfs",
            "parentId": 97
          },
          {
            "mountId": 133,
            "mountPoint": "/home",
            "major": 8,
            "minor": 6,
            "root": "/",
            "options": "rw,nosuid,nodev,noexec,relatime",
            "source": "/dev/sda6",
            "superOpt": "rw,seclabel,attr2,inode64,logbufs=8,logbsize=32k,noquota",
            "fields": "shared:73",
            "type": "xfs",
            "parentId": 97
          },
          {
            "mountId": 136,
            "mountPoint": "/var/lib/mongo",
            "major": 253,
            "minor": 3,
            "root": "/",
            "options": "rw,relatime",
            "source": "/dev/mapper/vg_mongodb-lv_mongodb",
            "superOpt": "rw,seclabel,attr2,inode64,logbufs=8,logbsize=32k,noquota",
            "fields": "shared:75",
            "type": "xfs",
            "parentId": 130
          },
          {
            "mountId": 139,
            "mountPoint": "/boot",
            "major": 8,
            "minor": 1,
            "root": "/",
            "options": "rw,relatime",
            "source": "/dev/sda1",
            "superOpt": "rw,seclabel,attr2,inode64,logbufs=8,logbsize=32k,noquota",
            "fields": "shared:77",
            "type": "xfs",
            "parentId": 97
          },
          {
            "mountId": 142,
            "mountPoint": "/var/log",
            "major": 8,
            "minor": 5,
            "root": "/",
            "options": "rw,relatime",
            "source": "/dev/sda5",
            "superOpt": "rw,seclabel,attr2,inode64,logbufs=8,logbsize=32k,noquota",
            "fields": "shared:79",
            "type": "xfs",
            "parentId": 130
          },
          {
            "mountId": 145,
            "mountPoint": "/var/log/audit",
            "major": 8,
            "minor": 7,
            "root": "/",
            "options": "rw,relatime",
            "source": "/dev/sda7",
            "superOpt": "rw,seclabel,attr2,inode64,logbufs=8,logbsize=32k,noquota",
            "fields": "shared:81",
            "type": "xfs",
            "parentId": 142
          },
          {
            "mountId": 148,
            "mountPoint": "/var/tmp",
            "major": 8,
            "minor": 3,
            "root": "/",
            "options": "rw,nosuid,nodev,noexec,relatime",
            "source": "/dev/sda3",
            "superOpt": "rw,seclabel,attr2,inode64,logbufs=8,logbsize=32k,noquota",
            "fields": "shared:83",
            "type": "xfs",
            "parentId": 130
          },
          {
            "mountId": 418,
            "mountPoint": "/run/user/0",
            "major": 0,
            "minor": 46,
            "root": "/",
            "options": "rw,nosuid,nodev,relatime",
            "source": "tmpfs",
            "superOpt": "rw,seclabel,size=6569084k,mode=700",
            "fields": "shared:223",
            "type": "tmpfs",
            "parentId": 28
          }
        ]
      }},
      "ok": 1
    },
    "sz": "US",
    "l": {"$date": "2022-12-05T06:07:41.239Z"},
    "lowUlimit": false,
    "n": "MYPRVLXROSID02.prod-osi.ambg.com.my",
    "gv": "e61bf27c2f6a83fed36e5a13c008a32d563babe2",
    "authSchemaVersion": 5,
    "p": 27018,
    "pa": "<redacted>",
    "u": 245826,
    "v": "6.0.0",
    "selfId": {"$oid": "6389ca678396ca9f60361d32"},
    "lastIndexSizeWithoutLocal": 20480,
    "rbid": 1
  }
]