[{
  "heartbeat": {"$date": "2022-12-05T06:06:43.954Z"},
  "created": {"$date": "2022-11-29T06:40:05.357Z"},
  "groupId": {"$oid": "6316f61c5386443f09724109"},
  "sz": "US",
  "active": true,
  "clusterId": {"$oid": "6385a945d9d0c60fdf7d9686"},
  "hostIds": [
    "c7bee80a8cbae23822153b76003a8e19",
    "c0ea4984c3158f45068c75cb2b56d21e",
    "aa6901539c742b4798a091daa3939090"
  ],
  "replicaSetIds": ["AmbankProdreplica"],
  "typeCode": 1,
  "shardIds": [],
  "replicaSets": [{
    "settings": {
      "heartbeatTimeoutSecs": 10,
      "catchUpTimeoutMillis": -1,
      "catchUpTakeoverDelayMillis": 30000,
      "getLastErrorModes": {},
      "getLastErrorDefaults": {
        "wtimeout": 0,
        "w": 1
      },
      "electionTimeoutMillis": 10000,
      "chainingAllowed": true,
      "replicaSetId": {"$oid": "631842850890197c5ab62001"},
      "heartbeatIntervalMillis": 2000
    },
    "writeConcernMajorityJournalDefault": true,
    "pingTime": {"$date": "2022-12-05T06:06:43.954Z"},
    "members": [
      {
        "optimeDate": {"$date": "2022-12-05T06:06:36Z"},
        "hidden": false,
        "buildIndexes": true,
        "arbiterOnly": false,
        "host": "MYPRVLXROSID03.prod-osi.ambg.com.my:27018",
        "hostId": "aa6901539c742b4798a091daa3939090",
        "slaveDelay": 0,
        "votes": 1,
        "_id": 3,
        "state": "SECONDARY",
        "priority": 1,
        "tags": {}
      },
      {
        "optimeDate": {"$date": "2022-12-05T06:06:36Z"},
        "hidden": false,
        "buildIndexes": true,
        "arbiterOnly": false,
        "host": "MYPRVLXROSID02.prod-osi.ambg.com.my:27018",
        "hostId": "c0ea4984c3158f45068c75cb2b56d21e",
        "slaveDelay": 0,
        "votes": 1,
        "_id": 4,
        "state": "PRIMARY",
        "priority": 1,
        "tags": {}
      },
      {
        "optimeDate": {"$date": "2022-12-05T06:06:36Z"},
        "hidden": false,
        "buildIndexes": true,
        "arbiterOnly": false,
        "host": "MYPRVLXROSID01.prod-osi.ambg.com.my:27018",
        "hostId": "c7bee80a8cbae23822153b76003a8e19",
        "slaveDelay": 0,
        "votes": 1,
        "_id": 5,
        "state": "SECONDARY",
        "priority": 1,
        "tags": {}
      }
    ],
    "aot": {
      "time": {"$date": "2022-12-05T06:06:36Z"},
      "inc": 1
    },
    "name": "AmbankProdreplica",
    "term": 43,
    "protocolVersion": 1,
    "lsrt": {
      "time": {"$date": "2022-12-05T06:05:46Z"},
      "inc": 1
    },
    "updated": {"$date": "2022-12-05T06:06:41.196Z"},
    "version": 25
  }],
  "name": "Cluster_0",
  "rcid": "90142790f3446835c16f6136",
  "_id": {"$oid": "6385a945d9d0c60fdf7d9687"},
  "updated": {"$date": "2022-11-29T06:40:05.357Z"}
}]