[
  {
    "numInserted": 0,
    "numUpdated": 0,
    "_id": "CreateNewCollectionAndCopyOverDocsMonitoringAgentAuditsMigration",
    "numDeleted": 0,
    "startDate": {"$date": "2022-09-06T04:38:15.287Z"},
    "completedDate": {"$date": "2022-09-06T04:38:15.287Z"},
    "status": "SKIPPED"
  },
  {
    "numInserted": 0,
    "numUpdated": 0,
    "_id": "AddPausedDateToPausedFreeClusterDescriptionMigration",
    "numDeleted": 0,
    "startDate": {"$date": "2022-09-06T04:38:15.302Z"},
    "completedDate": {"$date": "2022-09-06T04:38:15.302Z"},
    "status": "SKIPPED"
  },
  {
    "numInserted": 0,
    "numUpdated": 0,
    "_id": "CreateNDSProxyAuditRcidIndexesMigration",
    "numDeleted": 0,
    "startDate": {"$date": "2022-09-06T04:38:15.312Z"},
    "completedDate": {"$date": "2022-09-06T04:38:15.369Z"},
    "status": "COMPLETE"
  },
  {
    "numInserted": 0,
    "numUpdated": 0,
    "_id": "RemoveAtlasDataLakeAdminApiFeatureFlagMigration",
    "numDeleted": 0,
    "startDate": {"$date": "2022-09-06T04:38:15.388Z"},
    "completedDate": {"$date": "2022-09-06T04:38:15.388Z"},
    "status": "SKIPPED"
  },
  {
    "numInserted": 0,
    "numUpdated": 0,
    "_id": "RemoveAgentManagesAtlasProxyFeatureFlagMigration",
    "numDeleted": 0,
    "startDate": {"$date": "2022-09-06T04:38:15.403Z"},
    "completedDate": {"$date": "2022-09-06T04:38:15.403Z"},
    "status": "SKIPPED"
  },
  {
    "numInserted": 0,
    "numUpdated": 0,
    "_id": "DropMonitoringConfigAgentSessionCollectionMigration",
    "numDeleted": 0,
    "startDate": {"$date": "2022-09-06T04:38:15.424Z"},
    "completedDate": {"$date": "2022-09-06T04:38:15.424Z"},
    "status": "SKIPPED"
  },
  {
    "numInserted": 0,
    "numUpdated": 0,
    "_id": "DropInstanceHardwareHostnameFromReplicaSetHardwareIndexMigration",
    "numDeleted": 0,
    "startDate": {"$date": "2022-09-06T04:38:15.436Z"},
    "completedDate": {"$date": "2022-09-06T04:38:15.436Z"},
    "status": "COMPLETE"
  },
  {
    "numInserted": 0,
    "numUpdated": 0,
    "_id": "DropInstanceHardwareHostnameFromRestoreJobsIndexMigration",
    "numDeleted": 0,
    "startDate": {"$date": "2022-09-06T04:38:15.446Z"},
    "completedDate": {"$date": "2022-09-06T04:38:15.446Z"},
    "status": "COMPLETE"
  },
  {
    "numInserted": 0,
    "numUpdated": 0,
    "_id": "DropInstanceHardwareHostnameFromDataValidationIndexMigration",
    "numDeleted": 0,
    "startDate": {"$date": "2022-09-06T04:38:15.456Z"},
    "completedDate": {"$date": "2022-09-06T04:38:15.456Z"},
    "status": "COMPLETE"
  },
  {
    "numInserted": 0,
    "numUpdated": 0,
    "_id": "InstanceHardwareRemoveHostnameMigration",
    "numDeleted": 0,
    "startDate": {"$date": "2022-09-06T04:38:15.466Z"},
    "completedDate": {"$date": "2022-09-06T04:38:15.466Z"},
    "status": "SKIPPED"
  },
  {
    "numInserted": 0,
    "numUpdated": 0,
    "_id": "ClusterDescriptionRemoveBicHostnameMigration",
    "numDeleted": 0,
    "startDate": {"$date": "2022-09-06T04:38:15.478Z"},
    "completedDate": {"$date": "2022-09-06T04:38:15.478Z"},
    "status": "SKIPPED"
  },
  {
    "numInserted": 0,
    "numUpdated": 0,
    "_id": "DropBackupRestoreJobDaoFindByDeliveryTargetIndexMigration",
    "numDeleted": 0,
    "startDate": {"$date": "2022-09-06T04:38:15.486Z"},
    "completedDate": {"$date": "2022-09-06T04:38:15.486Z"},
    "status": "COMPLETE"
  },
  {
    "numInserted": 0,
    "numUpdated": 0,
    "_id": "AddNewAutoHealingFieldsToInstanceHardwareMigration",
    "numDeleted": 0,
    "startDate": {"$date": "2022-09-06T04:38:15.496Z"},
    "completedDate": {"$date": "2022-09-06T04:38:15.534Z"},
    "status": "COMPLETE"
  },
  {
    "numInserted": 0,
    "numUpdated": 0,
    "_id": "AddGCPPSCRegionGroupsToGCPCloudProviderContainerMigration",
    "numDeleted": 0,
    "startDate": {"$date": "2022-09-06T04:38:15.547Z"},
    "completedDate": {"$date": "2022-09-06T04:38:15.547Z"},
    "status": "SKIPPED"
  },
  {
    "numInserted": 0,
    "numUpdated": 0,
    "_id": "RemoveCPUStealDefaultAlertMigration",
    "numDeleted": 0,
    "startDate": {"$date": "2022-09-06T04:38:15.557Z"},
    "completedDate": {"$date": "2022-09-06T04:38:15.557Z"},
    "status": "SKIPPED"
  },
  {
    "numInserted": 0,
    "numUpdated": 0,
    "_id": "AddCollectionTypeToOnlineArchiveMigration",
    "numDeleted": 0,
    "startDate": {"$date": "2022-09-06T04:38:15.568Z"},
    "completedDate": {"$date": "2022-09-06T04:38:15.568Z"},
    "status": "SKIPPED"
  },
  {
    "numInserted": 0,
    "numUpdated": 0,
    "_id": "AddRcidAndSzToConfigHostClustersMigration",
    "numDeleted": 0,
    "startDate": {"$date": "2022-09-06T04:38:15.578Z"},
    "completedDate": {"$date": "2022-09-06T04:38:15.578Z"},
    "status": "SKIPPED"
  },
  {
    "numInserted": 0,
    "numUpdated": 0,
    "_id": "AddHostMongotCrashingOOMAlertConfigMigration",
    "numDeleted": 0,
    "startDate": {"$date": "2022-09-06T04:38:15.588Z"},
    "completedDate": {"$date": "2022-09-06T04:38:15.588Z"},
    "status": "SKIPPED"
  },
  {
    "numInserted": 0,
    "numUpdated": 0,
    "_id": "RemoveAtlasDataLakeVisualConfigBuilderFeatureFlagMigration",
    "numDeleted": 0,
    "startDate": {"$date": "2022-09-06T04:38:15.598Z"},
    "completedDate": {"$date": "2022-09-06T04:38:15.598Z"},
    "status": "SKIPPED"
  },
  {
    "numInserted": 0,
    "numUpdated": 0,
    "_id": "AddFTSSynonymMTMLimitsMigration",
    "numDeleted": 0,
    "startDate": {"$date": "2022-09-06T04:38:15.609Z"},
    "completedDate": {"$date": "2022-09-06T04:38:15.609Z"},
    "status": "SKIPPED"
  },
  {
    "numInserted": 0,
    "numUpdated": 0,
    "_id": "DropMeterUsageUniqueIndexMigration",
    "numDeleted": 0,
    "startDate": {"$date": "2022-09-06T04:38:15.616Z"},
    "completedDate": {"$date": "2022-09-06T04:38:15.616Z"},
    "status": "COMPLETE"
  },
  {
    "numInserted": 0,
    "numUpdated": 0,
    "_id": "DropV2ServerlessMetricDatabasesMigration",
    "numDeleted": 0,
    "startDate": {"$date": "2022-09-06T04:38:15.629Z"},
    "completedDate": {"$date": "2022-09-06T04:38:15.629Z"},
    "status": "SKIPPED"
  },
  {
    "numInserted": 0,
    "numUpdated": 0,
    "_id": "AddRcidToNDSM0ClusterActivityMigration",
    "numDeleted": 0,
    "startDate": {"$date": "2022-09-06T04:38:15.641Z"},
    "completedDate": {"$date": "2022-09-06T04:38:15.641Z"},
    "status": "SKIPPED"
  },
  {
    "numInserted": 0,
    "numUpdated": 0,
    "_id": "AddFTSFieldLimitMigration",
    "numDeleted": 0,
    "startDate": {"$date": "2022-09-06T04:38:15.651Z"},
    "completedDate": {"$date": "2022-09-06T04:38:15.651Z"},
    "status": "SKIPPED"
  },
  {
    "numInserted": 0,
    "numUpdated": 0,
    "_id": "RemoveAtlasPauseIdleFreeTiersMigration",
    "numDeleted": 0,
    "startDate": {"$date": "2022-09-06T04:38:15.663Z"},
    "completedDate": {"$date": "2022-09-06T04:38:15.663Z"},
    "status": "SKIPPED"
  },
  {
    "numInserted": 0,
    "numUpdated": 0,
    "_id": "AddAndRenameGCPUsageReportFieldsMigration",
    "numDeleted": 0,
    "startDate": {"$date": "2022-09-06T04:38:15.673Z"},
    "completedDate": {"$date": "2022-09-06T04:38:15.673Z"},
    "status": "SKIPPED"
  },
  {
    "numInserted": 0,
    "numUpdated": 0,
    "_id": "RenameGCPUsageReportsCollectionMigration",
    "numDeleted": 0,
    "startDate": {"$date": "2022-09-06T04:38:15.696Z"},
    "completedDate": {"$date": "2022-09-06T04:38:15.696Z"},
    "status": "SKIPPED"
  },
  {
    "numInserted": 0,
    "numUpdated": 0,
    "_id": "RemoveGP3StorageAndRootVolumesFeatureFlagsMigration",
    "numDeleted": 0,
    "startDate": {"$date": "2022-09-06T04:38:15.71Z"},
    "completedDate": {"$date": "2022-09-06T04:38:15.71Z"},
    "status": "SKIPPED"
  },
  {
    "numInserted": 0,
    "numUpdated": 0,
    "_id": "RemoveAtlas50ClusterFeatureFlagMigration",
    "numDeleted": 0,
    "startDate": {"$date": "2022-09-06T04:38:15.721Z"},
    "completedDate": {"$date": "2022-09-06T04:38:15.721Z"},
    "status": "SKIPPED"
  },
  {
    "numInserted": 0,
    "numUpdated": 0,
    "_id": "AddPremiumMonitoringRetentionPolicyMigration",
    "numDeleted": 0,
    "startDate": {"$date": "2022-09-06T04:38:15.731Z"},
    "completedDate": {"$date": "2022-09-06T04:38:15.731Z"},
    "status": "SKIPPED"
  },
  {
    "numInserted": 0,
    "numUpdated": 0,
    "_id": "AddPrioritiesToBackupBlockstoreJobsMigration",
    "numDeleted": 0,
    "startDate": {"$date": "2022-09-06T04:38:15.739Z"},
    "completedDate": {"$date": "2022-09-06T04:38:15.739Z"},
    "status": "SKIPPED"
  },
  {
    "numInserted": 0,
    "numUpdated": 0,
    "_id": "AddOrgLimitsToOrganizationMigration",
    "numDeleted": 0,
    "startDate": {"$date": "2022-09-06T04:38:15.747Z"},
    "completedDate": {"$date": "2022-09-06T04:38:15.783Z"},
    "status": "COMPLETE"
  },
  {
    "numInserted": 0,
    "numUpdated": 0,
    "_id": "DropBackupRestoreJobDaoFindByDeliveryIndexMigration",
    "numDeleted": 0,
    "startDate": {"$date": "2022-09-06T04:38:15.796Z"},
    "completedDate": {"$date": "2022-09-06T04:38:15.796Z"},
    "status": "COMPLETE"
  },
  {
    "numInserted": 0,
    "numUpdated": 0,
    "_id": "RemoveAtlasServerlessPublicUiFeatureFlagMigration",
    "numDeleted": 0,
    "startDate": {"$date": "2022-09-06T04:38:15.809Z"},
    "completedDate": {"$date": "2022-09-06T04:38:15.809Z"},
    "status": "SKIPPED"
  },
  {
    "numInserted": 0,
    "numUpdated": 0,
    "_id": "RemoveEnhancedSystemMetricsFeatureFlagMigration",
    "numDeleted": 0,
    "startDate": {"$date": "2022-09-06T04:38:15.821Z"},
    "completedDate": {"$date": "2022-09-06T04:38:15.821Z"},
    "status": "SKIPPED"
  },
  {
    "numInserted": 0,
    "numUpdated": 0,
    "_id": "AddVersionToBackupJobMigration",
    "numDeleted": 0,
    "startDate": {"$date": "2022-09-06T04:38:15.832Z"},
    "completedDate": {"$date": "2022-09-06T04:38:15.832Z"},
    "status": "SKIPPED"
  },
  {
    "numInserted": 0,
    "numUpdated": 0,
    "_id": "AddVersionToBackupJobQueueMigration",
    "numDeleted": 0,
    "startDate": {"$date": "2022-09-06T04:38:15.842Z"},
    "completedDate": {"$date": "2022-09-06T04:38:15.843Z"},
    "status": "SKIPPED"
  },
  {
    "numInserted": 0,
    "numUpdated": 0,
    "_id": "ConvertPrivateLinkWaitingForUserToAvailableMigration",
    "numDeleted": 0,
    "startDate": {"$date": "2022-09-06T04:38:15.852Z"},
    "completedDate": {"$date": "2022-09-06T04:38:15.884Z"},
    "status": "COMPLETE"
  },
  {
    "numInserted": 0,
    "numUpdated": 0,
    "_id": "RemoveTeamsClassNameFromGroupMigration",
    "numDeleted": 0,
    "startDate": {"$date": "2022-09-06T04:38:15.896Z"},
    "completedDate": {"$date": "2022-09-06T04:38:15.896Z"},
    "status": "SKIPPED"
  },
  {
    "numInserted": 0,
    "numUpdated": 0,
    "_id": "RenameGcpMarketplaceBillingAuditEventFieldsMigration",
    "numDeleted": 0,
    "startDate": {"$date": "2022-09-06T04:38:15.906Z"},
    "completedDate": {"$date": "2022-09-06T04:38:15.906Z"},
    "status": "SKIPPED"
  },
  {
    "numInserted": 0,
    "numUpdated": 0,
    "_id": "RemoveStorageFieldFromDataLakeTenantMigration",
    "numDeleted": 0,
    "startDate": {"$date": "2022-09-06T04:38:15.915Z"},
    "completedDate": {"$date": "2022-09-06T04:38:15.915Z"},
    "status": "SKIPPED"
  },
  {
    "numInserted": 0,
    "numUpdated": 0,
    "_id": "AddVersionToOnlineArchiveMigration",
    "numDeleted": 0,
    "startDate": {"$date": "2022-09-06T04:38:15.925Z"},
    "completedDate": {"$date": "2022-09-06T04:38:15.925Z"},
    "status": "SKIPPED"
  },
  {
    "numInserted": 0,
    "numUpdated": 0,
    "_id": "RemoveCPS42PITFeatureFlagMigration",
    "numDeleted": 0,
    "startDate": {"$date": "2022-09-06T04:38:15.934Z"},
    "completedDate": {"$date": "2022-09-06T04:38:15.934Z"},
    "status": "SKIPPED"
  },
  {
    "numInserted": 0,
    "numUpdated": 0,
    "_id": "UpdatePrepaidCreditTypesToAwsCreditTypesMigration",
    "numDeleted": 0,
    "startDate": {"$date": "2022-09-06T04:38:15.942Z"},
    "completedDate": {"$date": "2022-09-06T04:38:15.942Z"},
    "status": "SKIPPED"
  },
  {
    "numInserted": 0,
    "numUpdated": 0,
    "_id": "RemoveAtlasSearchIndexBuilderFeatureFlagMigration",
    "numDeleted": 0,
    "startDate": {"$date": "2022-09-06T04:38:15.951Z"},
    "completedDate": {"$date": "2022-09-06T04:38:15.951Z"},
    "status": "SKIPPED"
  },
  {
    "numInserted": 0,
    "numUpdated": 0,
    "_id": "RecreateServerlessLoadTTLIndexMigration",
    "numDeleted": 0,
    "startDate": {"$date": "2022-09-06T04:38:15.957Z"},
    "completedDate": {"$date": "2022-09-06T04:38:16.016Z"},
    "status": "COMPLETE"
  },
  {
    "numInserted": 0,
    "numUpdated": 0,
    "_id": "DropUniqueNDSMeterUsageStatusIndexMigration",
    "numDeleted": 0,
    "startDate": {"$date": "2022-09-06T04:38:16.026Z"},
    "completedDate": {"$date": "2022-09-06T04:38:16.026Z"},
    "status": "COMPLETE"
  },
  {
    "numInserted": 0,
    "numUpdated": 0,
    "_id": "DropUniqueIndexOnGCPConnectionRuleForwardingRuleNameMigration",
    "numDeleted": 0,
    "startDate": {"$date": "2022-09-06T04:38:16.041Z"},
    "completedDate": {"$date": "2022-09-06T04:38:16.041Z"},
    "status": "SKIPPED"
  },
  {
    "numInserted": 0,
    "numUpdated": 0,
    "_id": "DropForwardingRuleNameIndexOnGCPConnectionRuleMigration",
    "numDeleted": 0,
    "startDate": {"$date": "2022-09-06T04:38:16.051Z"},
    "completedDate": {"$date": "2022-09-06T04:38:16.051Z"},
    "status": "COMPLETE"
  },
  {
    "numInserted": 0,
    "numUpdated": 0,
    "_id": "ServerlessLoadIdMigration",
    "numDeleted": 0,
    "startDate": {"$date": "2022-09-06T04:38:16.063Z"},
    "completedDate": {"$date": "2022-09-06T04:38:16.064Z"},
    "status": "COMPLETE"
  },
  {
    "numInserted": 0,
    "numUpdated": 0,
    "_id": "AddRcidAndSzToConfigAutomationMigration",
    "numDeleted": 0,
    "startDate": {"$date": "2022-09-06T04:38:16.1Z"},
    "completedDate": {"$date": "2022-09-06T04:38:16.1Z"},
    "status": "SKIPPED"
  },
  {
    "numInserted": 0,
    "numUpdated": 0,
    "_id": "RemoveAtlasDataLakeQueryLogAccessFeatureFlagMigration",
    "numDeleted": 0,
    "startDate": {"$date": "2022-09-06T04:38:16.113Z"},
    "completedDate": {"$date": "2022-09-06T04:38:16.113Z"},
    "status": "SKIPPED"
  },
  {
    "numInserted": 0,
    "numUpdated": 0,
    "_id": "RemoveAtlasLowCPUAutoScaleFeatureFlagMigration",
    "numDeleted": 0,
    "startDate": {"$date": "2022-09-06T04:38:16.125Z"},
    "completedDate": {"$date": "2022-09-06T04:38:16.125Z"},
    "status": "SKIPPED"
  },
  {
    "numInserted": 0,
    "numUpdated": 0,
    "_id": "RemoveAtlasAdminServerlessInstancesFeatureFlagMigration",
    "numDeleted": 0,
    "startDate": {"$date": "2022-09-06T04:38:16.136Z"},
    "completedDate": {"$date": "2022-09-06T04:38:16.136Z"},
    "status": "SKIPPED"
  },
  {
    "numInserted": 0,
    "numUpdated": 0,
    "_id": "RemoveAtlasAutoHealingImprovementsFeatureFlagMigration",
    "numDeleted": 0,
    "startDate": {"$date": "2022-09-06T04:38:16.146Z"},
    "completedDate": {"$date": "2022-09-06T04:38:16.146Z"},
    "status": "SKIPPED"
  },
  {
    "numInserted": 0,
    "numUpdated": 0,
    "_id": "AddCreateDateToAcmeRequestsMigration",
    "numDeleted": 0,
    "startDate": {"$date": "2022-09-06T04:38:16.156Z"},
    "completedDate": {"$date": "2022-09-06T04:38:16.156Z"},
    "status": "SKIPPED"
  },
  {
    "numInserted": 0,
    "numUpdated": 0,
    "_id": "BackFillOrphanedItemFromAdminSnapshotMigration",
    "numDeleted": 0,
    "startDate": {"$date": "2022-09-06T04:38:16.167Z"},
    "completedDate": {"$date": "2022-09-06T04:38:16.167Z"},
    "status": "SKIPPED"
  },
  {
    "numInserted": 0,
    "numUpdated": 0,
    "_id": "RemoveAtlasServerlessInstancesFeatureFlagMigration",
    "numDeleted": 0,
    "startDate": {"$date": "2022-09-06T04:38:16.178Z"},
    "completedDate": {"$date": "2022-09-06T04:38:16.178Z"},
    "status": "SKIPPED"
  },
  {
    "numInserted": 0,
    "numUpdated": 0,
    "_id": "RemoveAtlasServerlessMigrationFastCleanupFeatureFlagMigration",
    "numDeleted": 0,
    "startDate": {"$date": "2022-09-06T04:38:16.187Z"},
    "completedDate": {"$date": "2022-09-06T04:38:16.187Z"},
    "status": "SKIPPED"
  },
  {
    "numInserted": 0,
    "numUpdated": 0,
    "_id": "AddDiscoverDateToLeakedItemsMigration",
    "numDeleted": 0,
    "startDate": {"$date": "2022-09-06T04:38:16.194Z"},
    "completedDate": {"$date": "2022-09-06T04:38:16.234Z"},
    "status": "COMPLETE"
  },
  {
    "numInserted": 0,
    "numUpdated": 0,
    "_id": "AddPrivateNetworkSettingsToNDSGroupMultiUpdateMigration",
    "numDeleted": 0,
    "startDate": {"$date": "2022-09-06T04:38:16.244Z"},
    "completedDate": {"$date": "2022-09-06T04:38:16.277Z"},
    "status": "COMPLETE"
  },
  {
    "numInserted": 0,
    "numUpdated": 0,
    "_id": "AddDefaultServerlessAlertConfigMigration",
    "numDeleted": 0,
    "startDate": {"$date": "2022-09-06T04:38:16.289Z"},
    "completedDate": {"$date": "2022-09-06T04:38:16.289Z"},
    "status": "SKIPPED"
  },
  {
    "numInserted": 0,
    "numUpdated": 0,
    "_id": "ConvertMajorVersionToContinuousDeliveryInNDSServerlessMTMProfileMigration",
    "numDeleted": 0,
    "startDate": {"$date": "2022-09-06T04:38:16.298Z"},
    "completedDate": {"$date": "2022-09-06T04:38:16.298Z"},
    "status": "SKIPPED"
  },
  {
    "numInserted": 0,
    "numUpdated": 0,
    "_id": "RemoveServerlessDataExplorerFeatureFlagMigration",
    "numDeleted": 0,
    "startDate": {"$date": "2022-09-06T04:38:16.305Z"},
    "completedDate": {"$date": "2022-09-06T04:38:16.305Z"},
    "status": "SKIPPED"
  },
  {
    "numInserted": 0,
    "numUpdated": 0,
    "_id": "AddPrivateLinkHostnameToNDSDataLakeTenantMigration",
    "numDeleted": 0,
    "startDate": {"$date": "2022-09-06T04:38:16.317Z"},
    "completedDate": {"$date": "2022-09-06T04:38:16.317Z"},
    "status": "SKIPPED"
  },
  {
    "numInserted": 0,
    "numUpdated": 0,
    "_id": "RemoveGCPPSCFeatureFlagMigration",
    "numDeleted": 0,
    "startDate": {"$date": "2022-09-06T04:38:16.329Z"},
    "completedDate": {"$date": "2022-09-06T04:38:16.329Z"},
    "status": "SKIPPED"
  },
  {
    "numInserted": 0,
    "numUpdated": 0,
    "_id": "RemoveDataLakePrivateLinkFeatureFlagMigration",
    "numDeleted": 0,
    "startDate": {"$date": "2022-09-06T04:38:16.34Z"},
    "completedDate": {"$date": "2022-09-06T04:38:16.34Z"},
    "status": "SKIPPED"
  },
  {
    "numInserted": 0,
    "numUpdated": 0,
    "_id": "RemoveOATimeSeriesFeatureFlagMigration",
    "numDeleted": 0,
    "startDate": {"$date": "2022-09-06T04:38:16.35Z"},
    "completedDate": {"$date": "2022-09-06T04:38:16.35Z"},
    "status": "SKIPPED"
  },
  {
    "numInserted": 0,
    "numUpdated": 0,
    "_id": "RemoveGCPPSCUIFeatureFlagMigration",
    "numDeleted": 0,
    "startDate": {"$date": "2022-09-06T04:38:16.36Z"},
    "completedDate": {"$date": "2022-09-06T04:38:16.36Z"},
    "status": "SKIPPED"
  },
  {
    "numInserted": 0,
    "numUpdated": 0,
    "_id": "EnableNewRegionMappingBackupJobMigration",
    "numDeleted": 0,
    "startDate": {"$date": "2022-09-06T04:38:16.371Z"},
    "completedDate": {"$date": "2022-09-06T04:38:16.371Z"},
    "status": "SKIPPED"
  },
  {
    "numInserted": 0,
    "numUpdated": 0,
    "_id": "RemoveAtlasServerlessInstancesMeteringFeatureFlagMigration",
    "numDeleted": 0,
    "startDate": {"$date": "2022-09-06T04:38:16.386Z"},
    "completedDate": {"$date": "2022-09-06T04:38:16.386Z"},
    "status": "SKIPPED"
  },
  {
    "numInserted": 0,
    "numUpdated": 0,
    "_id": "AddRcidToGroupMigration",
    "numDeleted": 0,
    "startDate": {"$date": "2022-09-06T04:38:16.397Z"},
    "completedDate": {"$date": "2022-09-06T04:38:16.397Z"},
    "status": "SKIPPED"
  },
  {
    "numInserted": 0,
    "numUpdated": 0,
    "_id": "AddWaitingForUserSinceDateToGCPPeerVPCMigration",
    "numDeleted": 0,
    "startDate": {"$date": "2022-09-06T04:38:16.406Z"},
    "completedDate": {"$date": "2022-09-06T04:38:16.406Z"},
    "status": "SKIPPED"
  },
  {
    "numInserted": 0,
    "numUpdated": 0,
    "_id": "DropMTMClusterDaoIndexesMigration",
    "numDeleted": 0,
    "startDate": {"$date": "2022-09-06T04:38:16.413Z"},
    "completedDate": {"$date": "2022-09-06T04:38:16.413Z"},
    "status": "COMPLETE"
  },
  {
    "numInserted": 0,
    "numUpdated": 0,
    "_id": "AddHostDiskSpaceInsufficientForFtsAlertConfigMigration",
    "numDeleted": 0,
    "startDate": {"$date": "2022-09-06T04:38:16.423Z"},
    "completedDate": {"$date": "2022-09-06T04:38:16.423Z"},
    "status": "SKIPPED"
  },
  {
    "numInserted": 0,
    "numUpdated": 0,
    "_id": "UpdateClusterNameUniquePrefixLengthInMTMHolderNDSGroupMigration",
    "numDeleted": 0,
    "startDate": {"$date": "2022-09-06T04:38:16.434Z"},
    "completedDate": {"$date": "2022-09-06T04:38:16.437Z"},
    "status": "COMPLETE"
  },
  {
    "numInserted": 0,
    "numUpdated": 0,
    "_id": "DropNDSMeterUsageStatusQuantityIndexMigration",
    "numDeleted": 0,
    "startDate": {"$date": "2022-09-06T04:38:16.447Z"},
    "completedDate": {"$date": "2022-09-06T04:38:16.447Z"},
    "status": "COMPLETE"
  },
  {
    "numInserted": 0,
    "numUpdated": 0,
    "_id": "RemovePwdBlockstoreConfigWhenX509AuthEnabledMigration",
    "numDeleted": 0,
    "startDate": {"$date": "2022-09-06T04:38:16.459Z"},
    "completedDate": {"$date": "2022-09-06T04:38:16.459Z"},
    "status": "SKIPPED"
  },
  {
    "numInserted": 0,
    "numUpdated": 0,
    "_id": "RemovePwdOplogstoreConfigWhenX509AuthEnabledMigration",
    "numDeleted": 0,
    "startDate": {"$date": "2022-09-06T04:38:16.467Z"},
    "completedDate": {"$date": "2022-09-06T04:38:16.467Z"},
    "status": "SKIPPED"
  },
  {
    "numInserted": 0,
    "numUpdated": 0,
    "_id": "RemovePwdS3BlockstoreConfigWhenX509AuthEnabledMigration",
    "numDeleted": 0,
    "startDate": {"$date": "2022-09-06T04:38:16.479Z"},
    "completedDate": {"$date": "2022-09-06T04:38:16.479Z"},
    "status": "SKIPPED"
  },
  {
    "numInserted": 0,
    "numUpdated": 0,
    "_id": "RemovePwdS3OplogstoreConfigWhenX509AuthEnabledMigration",
    "numDeleted": 0,
    "startDate": {"$date": "2022-09-06T04:38:16.491Z"},
    "completedDate": {"$date": "2022-09-06T04:38:16.491Z"},
    "status": "SKIPPED"
  },
  {
    "numInserted": 0,
    "numUpdated": 0,
    "_id": "RemoveServerlessHostsMigration",
    "numDeleted": 0,
    "startDate": {"$date": "2022-09-06T04:38:16.503Z"},
    "completedDate": {"$date": "2022-09-06T04:38:16.503Z"},
    "status": "SKIPPED"
  },
  {
    "numInserted": 0,
    "numUpdated": 0,
    "_id": "RemovePwdSyncstoreConfigWhenX509AuthEnabledMigration",
    "numDeleted": 0,
    "startDate": {"$date": "2022-09-06T04:38:16.515Z"},
    "completedDate": {"$date": "2022-09-06T04:38:16.515Z"},
    "status": "SKIPPED"
  },
  {
    "numInserted": 0,
    "numUpdated": 0,
    "_id": "RemoveAtlasMultipleCustomRolesFeatureFlagMigration",
    "numDeleted": 0,
    "startDate": {"$date": "2022-09-06T04:38:16.524Z"},
    "completedDate": {"$date": "2022-09-06T04:38:16.524Z"},
    "status": "SKIPPED"
  },
  {
    "numInserted": 0,
    "numUpdated": 0,
    "_id": "RemoveAtlasTuneSwapAllocationFeatureFlagMigration",
    "numDeleted": 0,
    "startDate": {"$date": "2022-09-06T04:38:16.532Z"},
    "completedDate": {"$date": "2022-09-06T04:38:16.532Z"},
    "status": "SKIPPED"
  },
  {
    "numInserted": 0,
    "numUpdated": 0,
    "_id": "ReallyAddHostMongotCrashingOOMAlertConfigMigration",
    "numDeleted": 0,
    "startDate": {"$date": "2022-09-06T04:38:16.541Z"},
    "completedDate": {"$date": "2022-09-06T04:38:16.541Z"},
    "status": "SKIPPED"
  },
  {
    "numInserted": 0,
    "numUpdated": 0,
    "_id": "DropClusterDescriptionUnusedProviderIndexMigration",
    "numDeleted": 0,
    "startDate": {"$date": "2022-09-06T04:38:16.549Z"},
    "completedDate": {"$date": "2022-09-06T04:38:16.549Z"},
    "status": "COMPLETE"
  },
  {
    "numInserted": 0,
    "numUpdated": 0,
    "_id": "IncreaseNDSServerlessLoadTTLIndexMigration",
    "numDeleted": 0,
    "startDate": {"$date": "2022-09-06T04:38:16.558Z"},
    "completedDate": {"$date": "2022-09-06T04:38:16.558Z"},
    "status": "COMPLETE"
  },
  {
    "numInserted": 0,
    "numUpdated": 0,
    "_id": "DropAWSInstanceSizeProviderCapacitiesCollectionMigration",
    "numDeleted": 0,
    "startDate": {"$date": "2022-09-06T04:38:16.576Z"},
    "completedDate": {"$date": "2022-09-06T04:38:16.576Z"},
    "status": "SKIPPED"
  },
  {
    "numInserted": 0,
    "numUpdated": 0,
    "_id": "AddAuditLogRotateSettingsToAutomationConfigMigration",
    "numDeleted": 0,
    "startDate": {"$date": "2022-09-06T04:38:16.586Z"},
    "completedDate": {"$date": "2022-09-06T04:38:16.586Z"},
    "status": "SKIPPED"
  },
  {
    "numInserted": 0,
    "numUpdated": 0,
    "_id": "DropNDSMeterUsageStatusOtherQuantityIndexMigration",
    "numDeleted": 0,
    "startDate": {"$date": "2022-09-06T04:38:16.595Z"},
    "completedDate": {"$date": "2022-09-06T04:38:16.595Z"},
    "status": "COMPLETE"
  },
  {
    "numInserted": 0,
    "numUpdated": 0,
    "_id": "RemoveCpsSnapshotExportFeatureFlagMigration",
    "numDeleted": 0,
    "startDate": {"$date": "2022-09-06T04:38:16.605Z"},
    "completedDate": {"$date": "2022-09-06T04:38:16.605Z"},
    "status": "SKIPPED"
  },
  {
    "numInserted": 0,
    "numUpdated": 0,
    "_id": "RemovePushLiveMigrationFeatureFlagMigration",
    "numDeleted": 0,
    "startDate": {"$date": "2022-09-06T04:38:16.614Z"},
    "completedDate": {"$date": "2022-09-06T04:38:16.614Z"},
    "status": "SKIPPED"
  },
  {
    "numInserted": 0,
    "numUpdated": 0,
    "_id": "DropUniqueIndexOnServerlessLoadBalancingDeploymentGroupIdMigration",
    "numDeleted": 0,
    "startDate": {"$date": "2022-09-06T04:38:16.623Z"},
    "completedDate": {"$date": "2022-09-06T04:38:16.623Z"},
    "status": "SKIPPED"
  },
  {
    "numInserted": 0,
    "numUpdated": 0,
    "_id": "AddOptimizedConnectionStringMetadataToShardedClustersMigration",
    "numDeleted": 0,
    "startDate": {"$date": "2022-09-06T04:38:16.63Z"},
    "completedDate": {"$date": "2022-09-06T04:38:16.63Z"},
    "status": "SKIPPED"
  },
  {
    "numInserted": 0,
    "numUpdated": 0,
    "_id": "AddDeploymentIdToEnvoyConfigurationMigration",
    "numDeleted": 0,
    "startDate": {"$date": "2022-09-06T04:38:16.641Z"},
    "completedDate": {"$date": "2022-09-06T04:38:16.641Z"},
    "status": "SKIPPED"
  },
  {
    "numInserted": 0,
    "numUpdated": 0,
    "_id": "DropUniqueIndexOnEnvoyConfigurationGroupIdMigration",
    "numDeleted": 0,
    "startDate": {"$date": "2022-09-06T04:38:16.652Z"},
    "completedDate": {"$date": "2022-09-06T04:38:16.652Z"},
    "status": "SKIPPED"
  },
  {
    "numInserted": 0,
    "numUpdated": 0,
    "_id": "AddDeploymentIdToCloudChefConfMigration",
    "numDeleted": 0,
    "startDate": {"$date": "2022-09-06T04:38:16.659Z"},
    "completedDate": {"$date": "2022-09-06T04:38:16.659Z"},
    "status": "SKIPPED"
  },
  {
    "numInserted": 0,
    "numUpdated": 0,
    "_id": "AddEndpointServiceTrackingToServerlessLoadBalancingDeploymentMigration",
    "numDeleted": 0,
    "startDate": {"$date": "2022-09-06T04:38:16.668Z"},
    "completedDate": {"$date": "2022-09-06T04:38:16.668Z"},
    "status": "SKIPPED"
  },
  {
    "numInserted": 0,
    "numUpdated": 0,
    "_id": "DropServerlessLoadBalancingDeploymentGroupIdIndexMigration",
    "numDeleted": 0,
    "startDate": {"$date": "2022-09-06T04:38:16.676Z"},
    "completedDate": {"$date": "2022-09-06T04:38:16.676Z"},
    "status": "COMPLETE"
  },
  {
    "numInserted": 0,
    "numUpdated": 0,
    "_id": "DropNDSMeterUsageStatusOtherUniqueIndexMigration",
    "numDeleted": 0,
    "startDate": {"$date": "2022-09-06T04:38:16.688Z"},
    "completedDate": {"$date": "2022-09-06T04:38:16.688Z"},
    "status": "COMPLETE"
  },
  {
    "numInserted": 0,
    "numUpdated": 0,
    "_id": "AddIngestionDataLandingZoneFieldToAWSAccountsMigration",
    "numDeleted": 0,
    "startDate": {"$date": "2022-09-06T04:38:16.701Z"},
    "completedDate": {"$date": "2022-09-06T04:38:16.701Z"},
    "status": "SKIPPED"
  },
  {
    "numInserted": 0,
    "numUpdated": 0,
    "_id": "AddCDPreferredCpuArchMigration",
    "numDeleted": 0,
    "startDate": {"$date": "2022-09-06T04:38:16.71Z"},
    "completedDate": {"$date": "2022-09-06T04:38:16.71Z"},
    "status": "SKIPPED"
  },
  {
    "numInserted": 0,
    "numUpdated": 0,
    "_id": "DropGCPMarketplaceEntitlementIndexesMigration",
    "numDeleted": 0,
    "startDate": {"$date": "2022-09-06T04:38:16.719Z"},
    "completedDate": {"$date": "2022-09-06T04:38:16.719Z"},
    "status": "COMPLETE"
  },
  {
    "numInserted": 0,
    "numUpdated": 0,
    "_id": "AutomationConfigUnmanage34Migration",
    "numDeleted": 0,
    "startDate": {"$date": "2022-09-06T04:38:16.728Z"},
    "completedDate": {"$date": "2022-09-06T04:38:16.73Z"},
    "status": "COMPLETE"
  },
  {
    "numInserted": 0,
    "numUpdated": 0,
    "_id": "RemoveBackupWtcFilesystemStoreFeatureFlagMigration",
    "numDeleted": 0,
    "startDate": {"$date": "2022-09-06T04:38:16.738Z"},
    "completedDate": {"$date": "2022-09-06T04:38:16.738Z"},
    "status": "SKIPPED"
  },
  {
    "numInserted": 0,
    "numUpdated": 0,
    "_id": "ExtendMTMDailyRetentionPolicyMigration",
    "numDeleted": 0,
    "startDate": {"$date": "2022-09-06T04:38:16.749Z"},
    "completedDate": {"$date": "2022-09-06T04:38:16.749Z"},
    "status": "SKIPPED"
  },
  {
    "numInserted": 0,
    "numUpdated": 0,
    "_id": "ExtendRetentionServerlessDailySnapshotMigration",
    "numDeleted": 0,
    "startDate": {"$date": "2022-09-06T04:38:16.757Z"},
    "completedDate": {"$date": "2022-09-06T04:38:16.757Z"},
    "status": "SKIPPED"
  },
  {
    "numInserted": 0,
    "numUpdated": 0,
    "_id": "RemoveWTCSmallFilesFeatureFlagMigration",
    "numDeleted": 0,
    "startDate": {"$date": "2022-09-06T04:38:16.766Z"},
    "completedDate": {"$date": "2022-09-06T04:38:16.766Z"},
    "status": "SKIPPED"
  },
  {
    "numInserted": 0,
    "numUpdated": 0,
    "_id": "DropPartialUniqueIndexOnEnvoyConfigurationDeploymentIdMigration",
    "numDeleted": 0,
    "startDate": {"$date": "2022-09-06T04:38:16.775Z"},
    "completedDate": {"$date": "2022-09-06T04:38:16.775Z"},
    "status": "SKIPPED"
  },
  {
    "numInserted": 0,
    "numUpdated": 0,
    "_id": "AddNATGatewayToGCPServerlessDeploymentsMigration",
    "numDeleted": 0,
    "startDate": {"$date": "2022-09-06T04:38:16.785Z"},
    "completedDate": {"$date": "2022-09-06T04:38:16.785Z"},
    "status": "SKIPPED"
  },
  {
    "numInserted": 0,
    "numUpdated": 0,
    "_id": "ClusterDescriptionOsTunedFileOverridesMigration",
    "numDeleted": 0,
    "startDate": {"$date": "2022-09-06T04:38:16.795Z"},
    "completedDate": {"$date": "2022-09-06T04:38:16.795Z"},
    "status": "SKIPPED"
  },
  {
    "numInserted": 0,
    "numUpdated": 0,
    "_id": "AddServerlessTenantMigrationCommitTimestampsMigration",
    "numDeleted": 0,
    "startDate": {"$date": "2022-09-06T04:38:16.805Z"},
    "completedDate": {"$date": "2022-09-06T04:38:16.805Z"},
    "status": "SKIPPED"
  },
  {
    "numInserted": 0,
    "numUpdated": 0,
    "_id": "RemoveAtlasPremiumMonitoringFeatureFlagMigration",
    "numDeleted": 0,
    "startDate": {"$date": "2022-09-06T04:38:16.814Z"},
    "completedDate": {"$date": "2022-09-06T04:38:16.814Z"},
    "status": "SKIPPED"
  },
  {
    "numInserted": 0,
    "numUpdated": 0,
    "_id": "RemoveAlternateHomepageFieldFromUserMigration",
    "numDeleted": 0,
    "startDate": {"$date": "2022-09-06T04:38:16.827Z"},
    "completedDate": {"$date": "2022-09-06T04:38:16.827Z"},
    "status": "SKIPPED"
  },
  {
    "numInserted": 0,
    "numUpdated": 0,
    "_id": "DropNDSAdminJobCollectionMigration",
    "numDeleted": 0,
    "startDate": {"$date": "2022-09-06T04:38:16.841Z"},
    "completedDate": {"$date": "2022-09-06T04:38:16.841Z"},
    "status": "SKIPPED"
  },
  {
    "numInserted": 0,
    "numUpdated": 0,
    "_id": "DropNDSAWSInstanceSizeBlacklistCollectionMigration",
    "numDeleted": 0,
    "startDate": {"$date": "2022-09-06T04:38:16.854Z"},
    "completedDate": {"$date": "2022-09-06T04:38:16.854Z"},
    "status": "SKIPPED"
  },
  {
    "numInserted": 0,
    "numUpdated": 0,
    "_id": "DropNDSAWSInstanceSizeProviderCapacityCollectionMigration",
    "numDeleted": 0,
    "startDate": {"$date": "2022-09-06T04:38:16.864Z"},
    "completedDate": {"$date": "2022-09-06T04:38:16.864Z"},
    "status": "SKIPPED"
  },
  {
    "numInserted": 0,
    "numUpdated": 0,
    "_id": "DropNDSBackupJobsCollectionMigration",
    "numDeleted": 0,
    "startDate": {"$date": "2022-09-06T04:38:16.874Z"},
    "completedDate": {"$date": "2022-09-06T04:38:16.874Z"},
    "status": "SKIPPED"
  },
  {
    "numInserted": 0,
    "numUpdated": 0,
    "_id": "DropNDSBackupRestoreJobsCollectionMigration",
    "numDeleted": 0,
    "startDate": {"$date": "2022-09-06T04:38:16.884Z"},
    "completedDate": {"$date": "2022-09-06T04:38:16.884Z"},
    "status": "SKIPPED"
  },
  {
    "numInserted": 0,
    "numUpdated": 0,
    "_id": "DropNDSBackupSnapshotsCollectionMigration",
    "numDeleted": 0,
    "startDate": {"$date": "2022-09-06T04:38:16.895Z"},
    "completedDate": {"$date": "2022-09-06T04:38:16.895Z"},
    "status": "SKIPPED"
  },
  {
    "numInserted": 0,
    "numUpdated": 0,
    "_id": "DropNDSBackupTenantRestoresCollectionMigration",
    "numDeleted": 0,
    "startDate": {"$date": "2022-09-06T04:38:16.907Z"},
    "completedDate": {"$date": "2022-09-06T04:38:16.907Z"},
    "status": "SKIPPED"
  },
  {
    "numInserted": 0,
    "numUpdated": 0,
    "_id": "DropNDSBackupTenantSnapshotsCollectionMigration",
    "numDeleted": 0,
    "startDate": {"$date": "2022-09-06T04:38:16.917Z"},
    "completedDate": {"$date": "2022-09-06T04:38:16.917Z"},
    "status": "SKIPPED"
  },
  {
    "numInserted": 0,
    "numUpdated": 0,
    "_id": "DropNDSChefCallbacksCollectionMigration",
    "numDeleted": 0,
    "startDate": {"$date": "2022-09-06T04:38:16.927Z"},
    "completedDate": {"$date": "2022-09-06T04:38:16.927Z"},
    "status": "SKIPPED"
  },
  {
    "numInserted": 0,
    "numUpdated": 0,
    "_id": "DropNDSChefCloudConfCollectionMigration",
    "numDeleted": 0,
    "startDate": {"$date": "2022-09-06T04:38:16.938Z"},
    "completedDate": {"$date": "2022-09-06T04:38:16.938Z"},
    "status": "SKIPPED"
  },
  {
    "numInserted": 0,
    "numUpdated": 0,
    "_id": "DropNDSCloudProviderSettingsCollectionMigration",
    "numDeleted": 0,
    "startDate": {"$date": "2022-09-06T04:38:16.947Z"},
    "completedDate": {"$date": "2022-09-06T04:38:16.947Z"},
    "status": "SKIPPED"
  },
  {
    "numInserted": 0,
    "numUpdated": 0,
    "_id": "DropNDSClusterDescriptionProcessArgsCollectionMigration",
    "numDeleted": 0,
    "startDate": {"$date": "2022-09-06T04:38:16.956Z"},
    "completedDate": {"$date": "2022-09-06T04:38:16.956Z"},
    "status": "SKIPPED"
  },
  {
    "numInserted": 0,
    "numUpdated": 0,
    "_id": "DropNDSClusterDescriptionsCollectionMigration",
    "numDeleted": 0,
    "startDate": {"$date": "2022-09-06T04:38:16.966Z"},
    "completedDate": {"$date": "2022-09-06T04:38:16.966Z"},
    "status": "SKIPPED"
  },
  {
    "numInserted": 0,
    "numUpdated": 0,
    "_id": "DropNDSClusterDescriptionUpdatesCollectionMigration",
    "numDeleted": 0,
    "startDate": {"$date": "2022-09-06T04:38:16.979Z"},
    "completedDate": {"$date": "2022-09-06T04:38:16.979Z"},
    "status": "SKIPPED"
  },
  {
    "numInserted": 0,
    "numUpdated": 0,
    "_id": "DropNDSCPSBackupCursorFileListsCollectionMigration",
    "numDeleted": 0,
    "startDate": {"$date": "2022-09-06T04:38:16.99Z"},
    "completedDate": {"$date": "2022-09-06T04:38:16.99Z"},
    "status": "SKIPPED"
  },
  {
    "numInserted": 0,
    "numUpdated": 0,
    "_id": "DropNDSFTSIndexConfigsCollectionMigration",
    "numDeleted": 0,
    "startDate": {"$date": "2022-09-06T04:38:16.999Z"},
    "completedDate": {"$date": "2022-09-06T04:38:16.999Z"},
    "status": "SKIPPED"
  },
  {
    "numInserted": 0,
    "numUpdated": 0,
    "_id": "DropNDSGCPInstanceSizeBlacklistCollectionMigration",
    "numDeleted": 0,
    "startDate": {"$date": "2022-09-06T04:38:17.007Z"},
    "completedDate": {"$date": "2022-09-06T04:38:17.007Z"},
    "status": "SKIPPED"
  },
  {
    "numInserted": 0,
    "numUpdated": 0,
    "_id": "DropNDSGCPProjectsCollectionMigration",
    "numDeleted": 0,
    "startDate": {"$date": "2022-09-06T04:38:17.017Z"},
    "completedDate": {"$date": "2022-09-06T04:38:17.017Z"},
    "status": "SKIPPED"
  },
  {
    "numInserted": 0,
    "numUpdated": 0,
    "_id": "DropNDSGroupHostAccessCollectionMigration",
    "numDeleted": 0,
    "startDate": {"$date": "2022-09-06T04:38:17.028Z"},
    "completedDate": {"$date": "2022-09-06T04:38:17.028Z"},
    "status": "SKIPPED"
  },
  {
    "numInserted": 0,
    "numUpdated": 0,
    "_id": "DropNDSGroupsCollectionMigration",
    "numDeleted": 0,
    "startDate": {"$date": "2022-09-06T04:38:17.039Z"},
    "completedDate": {"$date": "2022-09-06T04:38:17.039Z"},
    "status": "SKIPPED"
  },
  {
    "numInserted": 0,
    "numUpdated": 0,
    "_id": "DropNDSLiveImportLocationsCollectionMigration",
    "numDeleted": 0,
    "startDate": {"$date": "2022-09-06T04:38:17.049Z"},
    "completedDate": {"$date": "2022-09-06T04:38:17.049Z"},
    "status": "SKIPPED"
  },
  {
    "numInserted": 0,
    "numUpdated": 0,
    "_id": "DropNDSLiveImportsCollectionMigration",
    "numDeleted": 0,
    "startDate": {"$date": "2022-09-06T04:38:17.06Z"},
    "completedDate": {"$date": "2022-09-06T04:38:17.06Z"},
    "status": "SKIPPED"
  },
  {
    "numInserted": 0,
    "numUpdated": 0,
    "_id": "DropNDSLocalPortsCollectionMigration",
    "numDeleted": 0,
    "startDate": {"$date": "2022-09-06T04:38:17.071Z"},
    "completedDate": {"$date": "2022-09-06T04:38:17.071Z"},
    "status": "SKIPPED"
  },
  {
    "numInserted": 0,
    "numUpdated": 0,
    "_id": "DropNDSLogsCollectionMigration",
    "numDeleted": 0,
    "startDate": {"$date": "2022-09-06T04:38:17.08Z"},
    "completedDate": {"$date": "2022-09-06T04:38:17.08Z"},
    "status": "SKIPPED"
  },
  {
    "numInserted": 0,
    "numUpdated": 0,
    "_id": "DropNDSMTMClustersCollectionMigration",
    "numDeleted": 0,
    "startDate": {"$date": "2022-09-06T04:38:17.088Z"},
    "completedDate": {"$date": "2022-09-06T04:38:17.088Z"},
    "status": "SKIPPED"
  },
  {
    "numInserted": 0,
    "numUpdated": 0,
    "_id": "DropNDSOrphanedItemsCollectionMigration",
    "numDeleted": 0,
    "startDate": {"$date": "2022-09-06T04:38:17.097Z"},
    "completedDate": {"$date": "2022-09-06T04:38:17.097Z"},
    "status": "SKIPPED"
  },
  {
    "numInserted": 0,
    "numUpdated": 0,
    "_id": "DropNDSPlannerPlansCollectionMigration",
    "numDeleted": 0,
    "startDate": {"$date": "2022-09-06T04:38:17.105Z"},
    "completedDate": {"$date": "2022-09-06T04:38:17.105Z"},
    "status": "SKIPPED"
  },
  {
    "numInserted": 0,
    "numUpdated": 0,
    "_id": "DropNDSReplicaSetHardwareCollectionMigration",
    "numDeleted": 0,
    "startDate": {"$date": "2022-09-06T04:38:17.12Z"},
    "completedDate": {"$date": "2022-09-06T04:38:17.12Z"},
    "status": "SKIPPED"
  },
  {
    "numInserted": 0,
    "numUpdated": 0,
    "_id": "DropNDSReservedPortsCollectionMigration",
    "numDeleted": 0,
    "startDate": {"$date": "2022-09-06T04:38:17.132Z"},
    "completedDate": {"$date": "2022-09-06T04:38:17.132Z"},
    "status": "SKIPPED"
  },
  {
    "numInserted": 0,
    "numUpdated": 0,
    "_id": "DropNDSSampleDatasetLoadStatusCollectionMigration",
    "numDeleted": 0,
    "startDate": {"$date": "2022-09-06T04:38:17.142Z"},
    "completedDate": {"$date": "2022-09-06T04:38:17.142Z"},
    "status": "SKIPPED"
  },
  {
    "numInserted": 0,
    "numUpdated": 0,
    "_id": "DropNDSTenantClusterDescriptionUpgradesCollectionMigration",
    "numDeleted": 0,
    "startDate": {"$date": "2022-09-06T04:38:17.15Z"},
    "completedDate": {"$date": "2022-09-06T04:38:17.15Z"},
    "status": "SKIPPED"
  },
  {
    "numInserted": 0,
    "numUpdated": 0,
    "_id": "DropNDSTenantUpgradeStatusCollectionMigration",
    "numDeleted": 0,
    "startDate": {"$date": "2022-09-06T04:38:17.159Z"},
    "completedDate": {"$date": "2022-09-06T04:38:17.159Z"},
    "status": "SKIPPED"
  },
  {
    "numInserted": 0,
    "numUpdated": 0,
    "_id": "DropNDSVersionsCollectionMigration",
    "numDeleted": 0,
    "startDate": {"$date": "2022-09-06T04:38:17.167Z"},
    "completedDate": {"$date": "2022-09-06T04:38:17.167Z"},
    "status": "SKIPPED"
  },
  {
    "numInserted": 0,
    "numUpdated": 0,
    "_id": "RenameIngestionPipelinesCollectionMigration",
    "numDeleted": 0,
    "startDate": {"$date": "2022-09-06T04:38:17.175Z"},
    "completedDate": {"$date": "2022-09-06T04:38:17.175Z"},
    "status": "SKIPPED"
  },
  {
    "numInserted": 0,
    "numUpdated": 0,
    "_id": "AddExportBucketTypeMigration",
    "numDeleted": 0,
    "startDate": {"$date": "2022-09-06T04:38:17.182Z"},
    "completedDate": {"$date": "2022-09-06T04:38:17.182Z"},
    "status": "SKIPPED"
  },
  {
    "numInserted": 0,
    "numUpdated": 0,
    "_id": "DropIngestionPipelineGroupIdPipelineNameIndexMigration",
    "numDeleted": 0,
    "startDate": {"$date": "2022-09-06T04:38:17.193Z"},
    "completedDate": {"$date": "2022-09-06T04:38:17.193Z"},
    "status": "COMPLETE"
  },
  {
    "numInserted": 0,
    "numUpdated": 0,
    "_id": "AddDeletedFieldToIngestionPipelineMigration",
    "numDeleted": 0,
    "startDate": {"$date": "2022-09-06T04:38:17.206Z"},
    "completedDate": {"$date": "2022-09-06T04:38:17.206Z"},
    "status": "SKIPPED"
  },
  {
    "numInserted": 0,
    "numUpdated": 0,
    "_id": "DropIngestionPipelineGroupIdPipelineNameUniqueIndexMigration",
    "numDeleted": 0,
    "startDate": {"$date": "2022-09-06T04:38:17.214Z"},
    "completedDate": {"$date": "2022-09-06T04:38:17.214Z"},
    "status": "COMPLETE"
  },
  {
    "numInserted": 0,
    "numUpdated": 0,
    "_id": "DropBackupAgentSessionsCollectionMigration",
    "numDeleted": 0,
    "startDate": {"$date": "2022-09-06T04:38:17.226Z"},
    "completedDate": {"$date": "2022-09-06T04:38:17.226Z"},
    "status": "SKIPPED"
  },
  {
    "numInserted": 0,
    "numUpdated": 0,
    "_id": "DropBackupAgentAuditsCollectionMigration",
    "numDeleted": 0,
    "startDate": {"$date": "2022-09-06T04:38:17.236Z"},
    "completedDate": {"$date": "2022-09-06T04:38:17.236Z"},
    "status": "SKIPPED"
  },
  {
    "numInserted": 0,
    "numUpdated": 0,
    "_id": "DropCollectedIndexesGroupIdIndexMigration",
    "numDeleted": 0,
    "startDate": {"$date": "2022-09-06T04:38:17.244Z"},
    "completedDate": {"$date": "2022-09-06T04:38:17.244Z"},
    "status": "COMPLETE"
  },
  {
    "numInserted": 0,
    "numUpdated": 0,
    "_id": "DropMonitoringAgentAuditCollectionMigration",
    "numDeleted": 0,
    "startDate": {"$date": "2022-09-06T04:38:17.256Z"},
    "completedDate": {"$date": "2022-09-06T04:38:17.256Z"},
    "status": "SKIPPED"
  },
  {
    "numInserted": 0,
    "numUpdated": 0,
    "_id": "DropThirdPartyRestoreJobDaoIndexMigration",
    "numDeleted": 0,
    "startDate": {"$date": "2022-09-06T04:38:17.265Z"},
    "completedDate": {"$date": "2022-09-06T04:38:17.265Z"},
    "status": "COMPLETE"
  },
  {
    "numInserted": 0,
    "numUpdated": 0,
    "_id": "AddValidationIdToMongoClientJobMigration",
    "numDeleted": 0,
    "startDate": {"$date": "2022-09-06T04:38:17.277Z"},
    "completedDate": {"$date": "2022-09-06T04:38:17.277Z"},
    "status": "SKIPPED"
  }
]