[
  {
    "rollupBucket": 0,
    "sourceRetention": {
      "samplePeriodMillis": 10000,
      "retentionMillis": 86400000
    },
    "sampleSinceDate": {"$date": "2022-12-05T04:57:26.049Z"},
    "stateNumber": 389010,
    "measurementType": "HOST",
    "receivedSinceDate": {"$date": "2022-12-05T06:07:26.049Z"},
    "receivedUntilDate": {"$date": "2022-12-05T06:08:26.049Z"},
    "_id": {"$oid": "6316d3365386443f0971cfdb"},
    "state": "UNSCHEDULED",
    "destinationRetention": {
      "samplePeriodMillis": 60000,
      "retentionMillis": 604800000
    }
  },
  {
    "rollupBucket": 0,
    "sourceRetention": {
      "samplePeriodMillis": 10000,
      "retentionMillis": 86400000
    },
    "sampleSinceDate": {"$date": "2022-12-05T04:57:26.109Z"},
    "stateNumber": 389010,
    "measurementType": "DATABASE",
    "receivedSinceDate": {"$date": "2022-12-05T06:07:26.109Z"},
    "receivedUntilDate": {"$date": "2022-12-05T06:08:26.109Z"},
    "_id": {"$oid": "6316d3365386443f0971cfdc"},
    "state": "UNSCHEDULED",
    "destinationRetention": {
      "samplePeriodMillis": 60000,
      "retentionMillis": 604800000
    }
  },
  {
    "rollupBucket": 0,
    "sourceRetention": {
      "samplePeriodMillis": 10000,
      "retentionMillis": 86400000
    },
    "sampleSinceDate": {"$date": "2022-12-05T04:57:26.117Z"},
    "stateNumber": 389010,
    "measurementType": "SERVERLESS",
    "receivedSinceDate": {"$date": "2022-12-05T06:07:26.117Z"},
    "receivedUntilDate": {"$date": "2022-12-05T06:08:26.117Z"},
    "_id": {"$oid": "6316d3365386443f0971cfdd"},
    "state": "UNSCHEDULED",
    "destinationRetention": {
      "samplePeriodMillis": 60000,
      "retentionMillis": 604800000
    }
  },
  {
    "rollupBucket": 0,
    "sourceRetention": {
      "samplePeriodMillis": 60000,
      "retentionMillis": 604800000
    },
    "sampleSinceDate": {"$date": "2022-12-04T04:57:26.134Z"},
    "stateNumber": 6483,
    "measurementType": "HOST",
    "receivedSinceDate": {"$date": "2022-12-05T05:57:26.134Z"},
    "receivedUntilDate": {"$date": "2022-12-05T06:57:26.134Z"},
    "_id": {"$oid": "6316d3365386443f0971cfde"},
    "state": "UNSCHEDULED",
    "destinationRetention": {
      "samplePeriodMillis": 3600000,
      "retentionMillis": 5443200000
    }
  },
  {
    "rollupBucket": 0,
    "sourceRetention": {
      "samplePeriodMillis": 60000,
      "retentionMillis": 604800000
    },
    "sampleSinceDate": {"$date": "2022-12-04T04:57:26.149Z"},
    "stateNumber": 6483,
    "measurementType": "DATABASE",
    "receivedSinceDate": {"$date": "2022-12-05T05:57:26.149Z"},
    "receivedUntilDate": {"$date": "2022-12-05T06:57:26.149Z"},
    "_id": {"$oid": "6316d3365386443f0971cfdf"},
    "state": "UNSCHEDULED",
    "destinationRetention": {
      "samplePeriodMillis": 3600000,
      "retentionMillis": 5443200000
    }
  },
  {
    "rollupBucket": 0,
    "sourceRetention": {
      "samplePeriodMillis": 60000,
      "retentionMillis": 604800000
    },
    "sampleSinceDate": {"$date": "2022-12-04T04:57:26.158Z"},
    "stateNumber": 6483,
    "measurementType": "SERVERLESS",
    "receivedSinceDate": {"$date": "2022-12-05T05:57:26.158Z"},
    "receivedUntilDate": {"$date": "2022-12-05T06:57:26.158Z"},
    "_id": {"$oid": "6316d3365386443f0971cfe0"},
    "state": "UNSCHEDULED",
    "destinationRetention": {
      "samplePeriodMillis": 3600000,
      "retentionMillis": 5443200000
    }
  },
  {
    "rollupBucket": 0,
    "sourceRetention": {
      "samplePeriodMillis": 3600000,
      "retentionMillis": 5443200000
    },
    "sampleSinceDate": {"$date": "2022-11-15T04:57:26.169Z"},
    "stateNumber": 270,
    "measurementType": "HOST",
    "receivedSinceDate": {"$date": "2022-12-05T04:57:26.169Z"},
    "receivedUntilDate": {"$date": "2022-12-06T04:57:26.169Z"},
    "_id": {"$oid": "6316d3365386443f0971cfe1"},
    "state": "UNSCHEDULED",
    "destinationRetention": {
      "samplePeriodMillis": 86400000,
      "retentionMillis": 3153600000000
    }
  },
  {
    "rollupBucket": 0,
    "sourceRetention": {
      "samplePeriodMillis": 3600000,
      "retentionMillis": 5443200000
    },
    "sampleSinceDate": {"$date": "2022-11-15T04:57:26.181Z"},
    "stateNumber": 270,
    "measurementType": "DATABASE",
    "receivedSinceDate": {"$date": "2022-12-05T04:57:26.181Z"},
    "receivedUntilDate": {"$date": "2022-12-06T04:57:26.181Z"},
    "_id": {"$oid": "6316d3365386443f0971cfe2"},
    "state": "UNSCHEDULED",
    "destinationRetention": {
      "samplePeriodMillis": 86400000,
      "retentionMillis": 3153600000000
    }
  },
  {
    "rollupBucket": 0,
    "sourceRetention": {
      "samplePeriodMillis": 3600000,
      "retentionMillis": 5443200000
    },
    "sampleSinceDate": {"$date": "2022-11-15T04:57:26.19Z"},
    "stateNumber": 270,
    "measurementType": "SERVERLESS",
    "receivedSinceDate": {"$date": "2022-12-05T04:57:26.19Z"},
    "receivedUntilDate": {"$date": "2022-12-06T04:57:26.19Z"},
    "_id": {"$oid": "6316d3365386443f0971cfe3"},
    "state": "UNSCHEDULED",
    "destinationRetention": {
      "samplePeriodMillis": 86400000,
      "retentionMillis": 3153600000000
    }
  }
]