[
  {
    "p": 27017,
    "hid": "MYUTVLXROSID01.nonprod-osi.ambg.com.my:27017",
    "uniqueHash": "5038596ece89563632dd6c6312e2aef2",
    "lu": 1662723012562,
    "_id": "62a2b465f0a746388ff3fef9-10.122.192.141-27017",
    "n": "10.122.192.141",
    "cid": {"$oid": "62a2b465f0a746388ff3fef9"}
  },
  {
    "p": 27017,
    "hid": "MYUTVLXROSID02.nonprod-osi.ambg.com.my:27017",
    "uniqueHash": "c0771e6319f56c69c238182655f9c6bc",
    "lu": 1662723182574,
    "_id": "62a2b465f0a746388ff3fef9-10.122.192.142-27017",
    "n": "10.122.192.142",
    "cid": {"$oid": "62a2b465f0a746388ff3fef9"}
  },
  {
    "p": 27017,
    "hid": "MYUTVLXROSID03.nonprod-osi.ambg.com.my:27017",
    "uniqueHash": "2e90b7258198c7ee9fcf0b288b4b9432",
    "lu": 1662723212348,
    "_id": "62a2b465f0a746388ff3fef9-10.122.192.143-27017",
    "n": "10.122.192.143",
    "cid": {"$oid": "62a2b465f0a746388ff3fef9"}
  }
]