[
  {
    "groupType": "ONPREM",
    "enableAllHostLogs": false,
    "includeJsonWithAlerts": false,
    "enableAllHostProfilers": false,
    "orgId": {"$oid": "6319e5182299272a7918831e"},
    "summaryStats": {
      "numBillableServer": 0,
      "numTotalAtlasClusters": 0,
      "numPaidAtlasClusters": 0,
      "dataSizeNoLocalBytes": 0,
      "numCluster": 0,
      "lastInvoiceAmountCents": 0,
      "dataSizeBackedUpBytes": 0
    },
    "cre": {"$date": "2022-09-08T12:50:32.537Z"},
    "alertsPaused": false,
    "brs": {},
    "storageConfig": {
      "mode": "V3",
      "retentionPolicyId": {"$oid": "62985f1004cfe727bedf4b5c"},
      "migration": {
        "heartbeat": {"$date": "1970-01-01T00:00:00Z"},
        "completed": {"$date": "1970-01-01T00:00:00Z"},
        "status": "COMPLETE"
      }
    },
    "fqdn": true,
    "nts": [
      "project",
      "0"
    ],
    "n": "Project 0",
    "hostCounts": {
      "slaveHostCount": 0,
      "mongosHostCount": 0,
      "masterHostCount": 0,
      "hostCount": 0,
      "secondaryHostCount": 0,
      "standaloneHostCount": 0,
      "confHostCount": 0,
      "arbiterHostCount": 0,
      "primaryHostCount": 0
    },
    "replicaSetCount": 0,
    "tags": [],
    "defaultServerType": "PRODUCTION_SERVER",
    "useCNRegionsOnly": false,
    "activeAgentCount": 0,
    "rcid": "22388197a2729922815e9136",
    "ingestAgentStats": false,
    "_id": {"$oid": "6319e5182299272a79188322"},
    "shardCount": 0,
    "nl": "project 0",
    "status": {
      "status": "ACTIVE",
      "since": {"$date": "2022-09-08T12:50:32.537Z"}
    }
  },
  {
    "groupType": "ONPREM",
    "enableAllHostLogs": true,
    "lmav": "12.0.10.7591",
    "includeJsonWithAlerts": false,
    "enableAllHostProfilers": false,
    "orgId": {"$oid": "62a2b458f0a746388ff3fee0"},
    "summaryStats": {
      "numBillableServer": 3,
      "numTotalAtlasClusters": 0,
      "numPaidAtlasClusters": 0,
      "dataSizeNoLocalBytes": 9537787592,
      "numCluster": 1,
      "lastInvoiceAmountCents": 0,
      "dataSizeBackedUpBytes": 0
    },
    "tzid": "Asia/Kuala_Lumpur",
    "cre": {"$date": "2022-06-10T03:03:01.988Z"},
    "lastActiveAgent": {"$date": "2022-09-09T01:40:00.006Z"},
    "alertsPaused": false,
    "brs": {},
    "licensesRequired": [],
    "storageConfig": {
      "mode": "V3",
      "retentionPolicyId": {"$oid": "62985f1004cfe727bedf4b5c"},
      "migration": {
        "heartbeat": {"$date": "1970-01-01T00:00:00Z"},
        "completed": {"$date": "1970-01-01T00:00:00Z"},
        "status": "COMPLETE"
      }
    },
    "fqdn": true,
    "hasAddedHosts": true,
    "licensesAccepted": ["Version 4.2 Upgrade"],
    "nts": ["ambank-nonprod"],
    "n": "Ambank-nonprod",
    "hostCounts": {
      "slaveHostCount": 0,
      "mongosHostCount": 0,
      "masterHostCount": 0,
      "hostCount": 3,
      "secondaryHostCount": 2,
      "standaloneHostCount": 0,
      "confHostCount": 0,
      "arbiterHostCount": 0,
      "primaryHostCount": 1
    },
    "replicaSetCount": 1,
    "tags": [],
    "tzdisp": "Kuala Lumpur",
    "useCNRegionsOnly": false,
    "activeAgentCount": 9,
    "hasAddedAutomationAgents": true,
    "rcid": "9fef3ff883647a0f564b2a26",
    "ingestAgentStats": false,
    "_id": {"$oid": "62a2b465f0a746388ff3fef9"},
    "shardCount": 0,
    "nl": "ambank-nonprod",
    "status": {
      "status": "ACTIVE",
      "since": {"$date": "2022-06-10T03:03:01.988Z"}
    }
  },
  {
    "groupType": "ONPREM",
    "enableAllHostLogs": false,
    "lmav": "11.0.15.7073",
    "includeJsonWithAlerts": false,
    "enableAllHostProfilers": false,
    "orgId": {"$oid": "62a01a6bf0a746388ff3d984"},
    "summaryStats": {
      "numBillableServer": 0,
      "numTotalAtlasClusters": 0,
      "numPaidAtlasClusters": 0,
      "dataSizeNoLocalBytes": 0,
      "numCluster": 0,
      "lastInvoiceAmountCents": 0,
      "dataSizeBackedUpBytes": 0
    },
    "cre": {"$date": "2022-06-08T03:41:31.706Z"},
    "lastActiveAgent": {"$date": "2022-06-12T01:40:00.008Z"},
    "alertsPaused": false,
    "brs": {},
    "licensesRequired": [],
    "storageConfig": {
      "mode": "V3",
      "retentionPolicyId": {"$oid": "62985f1004cfe727bedf4b5c"},
      "migration": {
        "heartbeat": {"$date": "1970-01-01T00:00:00Z"},
        "completed": {"$date": "1970-01-01T00:00:00Z"},
        "status": "COMPLETE"
      }
    },
    "fqdn": true,
    "nts": [
      "project",
      "0"
    ],
    "n": "Project 0",
    "hostCounts": {
      "slaveHostCount": 0,
      "mongosHostCount": 0,
      "masterHostCount": 0,
      "hostCount": 0,
      "secondaryHostCount": 0,
      "standaloneHostCount": 0,
      "confHostCount": 0,
      "arbiterHostCount": 0,
      "primaryHostCount": 0
    },
    "replicaSetCount": 0,
    "tags": [],
    "defaultServerType": "PRODUCTION_SERVER",
    "useCNRegionsOnly": false,
    "activeAgentCount": 0,
    "hasAddedAutomationAgents": true,
    "rcid": "889d3ff883647a0fb6a10a26",
    "ingestAgentStats": false,
    "_id": {"$oid": "62a01a6bf0a746388ff3d988"},
    "shardCount": 0,
    "nl": "project 0",
    "status": {
      "status": "ACTIVE",
      "since": {"$date": "2022-06-08T03:41:31.706Z"}
    }
  }
]