[
  {
    "lastUpdated": {"$date": "2022-09-09T15:16:51.702Z"},
    "sourceRetention": {
      "samplePeriodMillis": 10000,
      "retentionMillis": 86400000
    },
    "jobScheduledTime": {"$date": "2022-09-09T15:16:51.702Z"},
    "sampleSinceDate": {"$date": "2022-09-09T08:52:50.842Z"},
    "stateNumber": 395351,
    "measurementType": "HOST",
    "receivedSinceDate": {"$date": "2022-09-09T15:15:50.842Z"},
    "receivedUntilDate": {"$date": "2022-09-09T15:16:50.842Z"},
    "_id": {"$oid": "62a2b202f0a746388ff3fbae"},
    "state": "SCHEDULED",
    "destinationRetention": {
      "samplePeriodMillis": 60000,
      "retentionMillis": 604800000
    }
  },
  {
    "lastUpdated": {"$date": "2022-09-09T15:16:51.735Z"},
    "sourceRetention": {
      "samplePeriodMillis": 10000,
      "retentionMillis": 86400000
    },
    "jobScheduledTime": {"$date": "2022-09-09T15:16:51.735Z"},
    "sampleSinceDate": {"$date": "2022-09-09T08:52:50.911Z"},
    "stateNumber": 395351,
    "measurementType": "DATABASE",
    "receivedSinceDate": {"$date": "2022-09-09T15:15:50.911Z"},
    "receivedUntilDate": {"$date": "2022-09-09T15:16:50.911Z"},
    "_id": {"$oid": "62a2b202f0a746388ff3fbaf"},
    "state": "SCHEDULED",
    "destinationRetention": {
      "samplePeriodMillis": 60000,
      "retentionMillis": 604800000
    }
  },
  {
    "lastUpdated": {"$date": "2022-09-09T15:16:51.767Z"},
    "sourceRetention": {
      "samplePeriodMillis": 10000,
      "retentionMillis": 86400000
    },
    "jobScheduledTime": {"$date": "2022-09-09T15:16:51.767Z"},
    "sampleSinceDate": {"$date": "2022-09-09T08:52:50.95Z"},
    "stateNumber": 395350,
    "measurementType": "SERVERLESS",
    "receivedSinceDate": {"$date": "2022-09-09T15:15:50.95Z"},
    "receivedUntilDate": {"$date": "2022-09-09T15:16:50.95Z"},
    "_id": {"$oid": "62a2b202f0a746388ff3fbb0"},
    "state": "SCHEDULED",
    "destinationRetention": {
      "samplePeriodMillis": 60000,
      "retentionMillis": 604800000
    }
  },
  {
    "sourceRetention": {
      "samplePeriodMillis": 60000,
      "retentionMillis": 604800000
    },
    "sampleSinceDate": {"$date": "2022-09-08T02:52:50.961Z"},
    "stateNumber": 6588,
    "measurementType": "HOST",
    "receivedSinceDate": {"$date": "2022-09-09T14:52:50.961Z"},
    "receivedUntilDate": {"$date": "2022-09-09T15:52:50.961Z"},
    "_id": {"$oid": "62a2b202f0a746388ff3fbb1"},
    "state": "UNSCHEDULED",
    "destinationRetention": {
      "samplePeriodMillis": 3600000,
      "retentionMillis": 5443200000
    }
  },
  {
    "sourceRetention": {
      "samplePeriodMillis": 60000,
      "retentionMillis": 604800000
    },
    "sampleSinceDate": {"$date": "2022-09-08T02:52:50.97Z"},
    "stateNumber": 6588,
    "measurementType": "DATABASE",
    "receivedSinceDate": {"$date": "2022-09-09T14:52:50.97Z"},
    "receivedUntilDate": {"$date": "2022-09-09T15:52:50.97Z"},
    "_id": {"$oid": "62a2b202f0a746388ff3fbb2"},
    "state": "UNSCHEDULED",
    "destinationRetention": {
      "samplePeriodMillis": 3600000,
      "retentionMillis": 5443200000
    }
  },
  {
    "sourceRetention": {
      "samplePeriodMillis": 60000,
      "retentionMillis": 604800000
    },
    "sampleSinceDate": {"$date": "2022-09-08T02:52:50.975Z"},
    "stateNumber": 6588,
    "measurementType": "SERVERLESS",
    "receivedSinceDate": {"$date": "2022-09-09T14:52:50.975Z"},
    "receivedUntilDate": {"$date": "2022-09-09T15:52:50.975Z"},
    "_id": {"$oid": "62a2b202f0a746388ff3fbb3"},
    "state": "UNSCHEDULED",
    "destinationRetention": {
      "samplePeriodMillis": 3600000,
      "retentionMillis": 5443200000
    }
  },
  {
    "sourceRetention": {
      "samplePeriodMillis": 3600000,
      "retentionMillis": 5443200000
    },
    "sampleSinceDate": {"$date": "2022-08-19T02:52:50.979Z"},
    "stateNumber": 273,
    "measurementType": "HOST",
    "receivedSinceDate": {"$date": "2022-09-09T02:52:50.979Z"},
    "receivedUntilDate": {"$date": "2022-09-10T02:52:50.979Z"},
    "_id": {"$oid": "62a2b202f0a746388ff3fbb4"},
    "state": "UNSCHEDULED",
    "destinationRetention": {
      "samplePeriodMillis": 86400000,
      "retentionMillis": 3153600000000
    }
  },
  {
    "sourceRetention": {
      "samplePeriodMillis": 3600000,
      "retentionMillis": 5443200000
    },
    "sampleSinceDate": {"$date": "2022-08-19T02:52:50.983Z"},
    "stateNumber": 273,
    "measurementType": "DATABASE",
    "receivedSinceDate": {"$date": "2022-09-09T02:52:50.983Z"},
    "receivedUntilDate": {"$date": "2022-09-10T02:52:50.983Z"},
    "_id": {"$oid": "62a2b202f0a746388ff3fbb5"},
    "state": "UNSCHEDULED",
    "destinationRetention": {
      "samplePeriodMillis": 86400000,
      "retentionMillis": 3153600000000
    }
  },
  {
    "sourceRetention": {
      "samplePeriodMillis": 3600000,
      "retentionMillis": 5443200000
    },
    "sampleSinceDate": {"$date": "2022-08-19T02:52:50.991Z"},
    "stateNumber": 273,
    "measurementType": "SERVERLESS",
    "receivedSinceDate": {"$date": "2022-09-09T02:52:50.991Z"},
    "receivedUntilDate": {"$date": "2022-09-10T02:52:50.991Z"},
    "_id": {"$oid": "62a2b202f0a746388ff3fbb6"},
    "state": "UNSCHEDULED",
    "destinationRetention": {
      "samplePeriodMillis": 86400000,
      "retentionMillis": 3153600000000
    }
  }
]